date,time_wib,trade_no,stock,command,price,volume,buyer,buyer_type,seller,seller_type,buyer_order_no,seller_order_no,nats_received_at,iqplus_seq
20260428,085800,12259,IMPC,0,2150,1600,--,-,--,-,0,0,2026-04-28T05:01:06.32901219Z,22725287
20260428,085800,12260,IMPC,0,2150,700,--,-,--,-,0,0,2026-04-28T05:01:06.329015129Z,22725288
20260428,085800,12261,IMPC,0,2150,9300,--,-,--,-,0,0,2026-04-28T05:01:06.329018144Z,22725289
20260428,085800,12262,IMPC,0,2150,1000,--,-,--,-,0,0,2026-04-28T05:01:06.329021631Z,22725290
20260428,085800,12263,IMPC,0,2150,400,--,-,--,-,0,0,2026-04-28T05:01:06.329024599Z,22725291
20260428,085800,12264,IMPC,0,2150,1000,--,-,--,-,0,0,2026-04-28T05:01:06.329027552Z,22725292
20260428,085800,12265,IMPC,0,2150,1100,--,-,--,-,0,0,2026-04-28T05:01:06.329030448Z,22725293
20260428,085800,12266,IMPC,0,2150,5000,--,-,--,-,0,0,2026-04-28T05:01:06.329033374Z,22725294
20260428,085800,12267,IMPC,0,2150,2300,--,-,--,-,0,0,2026-04-28T05:01:06.329036335Z,22725295
20260428,085800,12268,IMPC,0,2150,200,--,-,--,-,0,0,2026-04-28T05:01:06.329039228Z,22725296
20260428,085800,12269,IMPC,0,2150,100,--,-,--,-,0,0,2026-04-28T05:01:06.329042155Z,22725297
20260428,085800,12270,IMPC,0,2150,1900,--,-,--,-,0,0,2026-04-28T05:01:06.329045025Z,22725298
20260428,085800,12271,IMPC,0,2150,500,--,-,--,-,0,0,2026-04-28T05:01:06.32904791Z,22725299
20260428,085800,12272,IMPC,0,2150,300,--,-,--,-,0,0,2026-04-28T05:01:06.329050829Z,22725300
20260428,085800,12273,IMPC,0,2150,900,--,-,--,-,0,0,2026-04-28T05:01:06.329053714Z,22725301
20260428,085800,12274,IMPC,0,2150,1800,--,-,--,-,0,0,2026-04-28T05:01:06.329056591Z,22725302
20260428,085800,12275,IMPC,0,2150,1800,--,-,--,-,0,0,2026-04-28T05:01:06.329059531Z,22725303
20260428,085800,12276,IMPC,0,2150,3800,--,-,--,-,0,0,2026-04-28T05:01:06.329062478Z,22725304
20260428,085800,12277,IMPC,0,2150,100,--,-,--,-,0,0,2026-04-28T05:01:06.329067468Z,22725305
20260428,085800,12278,IMPC,0,2150,200,--,-,--,-,0,0,2026-04-28T05:01:06.329070489Z,22725306
20260428,085800,12279,IMPC,0,2150,300,--,-,--,-,0,0,2026-04-28T05:01:06.32907341Z,22725307
20260428,085800,12280,IMPC,0,2150,300,--,-,--,-,0,0,2026-04-28T05:01:06.329076425Z,22725308
20260428,085800,12281,IMPC,0,2150,1000,--,-,--,-,0,0,2026-04-28T05:01:06.32907949Z,22725309
20260428,085800,12282,IMPC,0,2150,1000,--,-,--,-,0,0,2026-04-28T05:01:06.329082395Z,22725310
20260428,085800,12283,IMPC,0,2150,50000,--,-,--,-,0,0,2026-04-28T05:01:06.329085548Z,22725311
20260428,085800,12284,IMPC,0,2150,3300,--,-,--,-,0,0,2026-04-28T05:01:06.329088452Z,22725312
20260428,085800,12285,IMPC,0,2150,200,--,-,--,-,0,0,2026-04-28T05:01:06.329091401Z,22725313
20260428,085800,12286,IMPC,0,2150,300,--,-,--,-,0,0,2026-04-28T05:01:06.329094607Z,22725314
20260428,085800,12287,IMPC,0,2150,500,--,-,--,-,0,0,2026-04-28T05:01:06.329097587Z,22725315
20260428,085800,12288,IMPC,0,2150,100,--,-,--,-,0,0,2026-04-28T05:01:06.32910062Z,22725316
20260428,085800,12289,IMPC,0,2150,100,--,-,--,-,0,0,2026-04-28T05:01:06.329103621Z,22725317
20260428,085800,12290,IMPC,0,2150,12000,--,-,--,-,0,0,2026-04-28T05:01:06.329106592Z,22725318
20260428,085800,12291,IMPC,0,2150,100,--,-,--,-,0,0,2026-04-28T05:01:06.329109596Z,22725319
20260428,085800,12292,IMPC,0,2150,50000,--,-,--,-,0,0,2026-04-28T05:01:06.329112506Z,22725320
20260428,085800,12293,IMPC,0,2150,200,--,-,--,-,0,0,2026-04-28T05:01:06.329115502Z,22725321
20260428,085800,12294,IMPC,0,2150,2200,--,-,--,-,0,0,2026-04-28T05:01:06.329118399Z,22725322
20260428,085800,12295,IMPC,0,2150,200,--,-,--,-,0,0,2026-04-28T05:01:06.329121351Z,22725323
20260428,085800,12296,IMPC,0,2150,1000,--,-,--,-,0,0,2026-04-28T05:01:06.329124333Z,22725324
20260428,085800,12297,IMPC,0,2150,300,--,-,--,-,0,0,2026-04-28T05:01:06.329127375Z,22725325
20260428,085800,12298,IMPC,0,2150,100,--,-,--,-,0,0,2026-04-28T05:01:06.329130267Z,22725326
20260428,085800,12299,IMPC,0,2150,1200,--,-,--,-,0,0,2026-04-28T05:01:06.32913315Z,22725327
20260428,085800,12300,IMPC,0,2150,400,--,-,--,-,0,0,2026-04-28T05:01:06.329136129Z,22725328
20260428,090001,31543,IMPC,0,2150,7500,--,-,--,-,0,458940,2026-04-28T05:01:06.939922597Z,22744598
20260428,090001,31544,IMPC,0,2150,2500,--,-,--,-,0,511178,2026-04-28T05:01:06.940123803Z,22744599
20260428,090001,31645,IMPC,0,2140,5000,--,-,--,-,16690,0,2026-04-28T05:01:06.943166887Z,22744700
20260428,090001,31646,IMPC,0,2140,400,--,-,--,-,76827,0,2026-04-28T05:01:06.943174344Z,22744701
20260428,090001,31647,IMPC,0,2140,500,--,-,--,-,83220,0,2026-04-28T05:01:06.9431818Z,22744702
20260428,090001,31648,IMPC,0,2140,100,--,-,--,-,125044,0,2026-04-28T05:01:06.943189201Z,22744703
20260428,090001,31649,IMPC,0,2140,1800,--,-,--,-,133715,0,2026-04-28T05:01:06.943196667Z,22744704
20260428,090001,31650,IMPC,0,2140,1800,--,-,--,-,135979,0,2026-04-28T05:01:06.943204012Z,22744705
20260428,090001,31651,IMPC,0,2140,600,--,-,--,-,158829,0,2026-04-28T05:01:06.943211343Z,22744706
20260428,090001,31652,IMPC,0,2140,1600,--,-,--,-,183151,0,2026-04-28T05:01:06.943218684Z,22744707
20260428,090001,31653,IMPC,0,2140,1000,--,-,--,-,206227,0,2026-04-28T05:01:06.943225976Z,22744708
20260428,090001,31654,IMPC,0,2140,1400,--,-,--,-,210412,0,2026-04-28T05:01:06.943234213Z,22744709
20260428,090001,31655,IMPC,0,2140,500,--,-,--,-,211750,0,2026-04-28T05:01:06.943261976Z,22744710
20260428,090001,31656,IMPC,0,2140,8800,--,-,--,-,219430,0,2026-04-28T05:01:06.943269636Z,22744711
20260428,090001,31703,IMPC,0,2140,5200,--,-,--,-,219430,0,2026-04-28T05:01:06.943666705Z,22744758
20260428,090001,31704,IMPC,0,2140,6400,--,-,--,-,353806,0,2026-04-28T05:01:06.943674046Z,22744759
20260428,090001,31708,IMPC,0,2140,8600,--,-,--,-,353806,0,2026-04-28T05:01:06.943703244Z,22744763
20260428,090001,31709,IMPC,0,2140,500,--,-,--,-,427147,0,2026-04-28T05:01:06.943710538Z,22744764
20260428,090001,31710,IMPC,0,2140,1000,--,-,--,-,443448,0,2026-04-28T05:01:06.943717923Z,22744765
20260428,090001,31711,IMPC,0,2140,2000,--,-,--,-,445801,0,2026-04-28T05:01:06.94372525Z,22744766
20260428,090001,31712,IMPC,0,2140,500,--,-,--,-,447681,0,2026-04-28T05:01:06.943732613Z,22744767
20260428,090001,31713,IMPC,0,2140,100,--,-,--,-,455140,0,2026-04-28T05:01:06.94373992Z,22744768
20260428,090001,31714,IMPC,0,2140,1000,--,-,--,-,473144,0,2026-04-28T05:01:06.94374729Z,22744769
20260428,090001,31715,IMPC,0,2140,7700,--,-,--,-,482636,0,2026-04-28T05:01:06.943754663Z,22744770
20260428,090001,31723,IMPC,0,2140,1100,--,-,--,-,482636,0,2026-04-28T05:01:06.943812573Z,22744778
20260428,090001,31724,IMPC,0,2140,10000,--,-,--,-,483321,0,2026-04-28T05:01:06.943819778Z,22744779
20260428,090001,31725,IMPC,0,2140,1800,--,-,--,-,486091,0,2026-04-28T05:01:06.94382692Z,22744780
20260428,090001,31788,IMPC,0,2150,11000,--,-,--,-,0,511178,2026-04-28T05:01:06.944295886Z,22744843
20260428,090001,31789,IMPC,0,2150,9000,--,-,--,-,0,512498,2026-04-28T05:01:06.944303061Z,22744844
20260428,090001,31798,IMPC,0,2150,1800,--,-,--,-,0,512498,2026-04-28T05:01:06.944383114Z,22744853
20260428,090001,32065,IMPC,0,2150,1900,--,-,--,-,513622,0,2026-04-28T05:01:06.957633086Z,22745120
20260428,090002,37977,IMPC,0,2170,3600,--,-,--,-,0,443396,2026-04-28T05:01:07.11514511Z,22751034
20260428,090003,38426,IMPC,0,2170,3700,--,-,--,-,0,443396,2026-04-28T05:01:07.124640724Z,22751483
20260428,090003,38427,IMPC,0,2170,200,--,-,--,-,0,517905,2026-04-28T05:01:07.124643457Z,22751484
20260428,090015,50868,IMPC,0,2160,14400,--,-,--,-,563550,0,2026-04-28T05:01:07.613358138Z,22763935
20260428,090023,54242,IMPC,0,2170,15400,--,-,--,-,0,517905,2026-04-28T05:01:07.671250941Z,22767317
20260428,090023,54243,IMPC,0,2170,500,--,-,--,-,0,546501,2026-04-28T05:01:07.671255242Z,22767318
20260428,090023,54244,IMPC,0,2170,6900,--,-,--,-,0,547907,2026-04-28T05:01:07.671259631Z,22767319
20260428,090034,58926,IMPC,0,2160,15000,--,-,--,-,0,591610,2026-04-28T05:01:07.812989916Z,22772009
20260428,090042,61997,IMPC,0,2160,4000,--,-,--,-,0,591610,2026-04-28T05:01:07.909962817Z,22775088
20260428,090042,61998,IMPC,0,2160,15800,--,-,--,-,0,591838,2026-04-28T05:01:07.909967198Z,22775089
20260428,090042,61999,IMPC,0,2160,2200,--,-,--,-,0,595304,2026-04-28T05:01:07.909971526Z,22775090
20260428,090042,62000,IMPC,0,2160,200,--,-,--,-,0,597140,2026-04-28T05:01:07.909975895Z,22775091
20260428,090042,62001,IMPC,0,2160,3800,--,-,--,-,0,597143,2026-04-28T05:01:07.909980112Z,22775092
20260428,090042,62002,IMPC,0,2160,3600,--,-,--,-,0,597145,2026-04-28T05:01:07.909984223Z,22775093
20260428,090042,62003,IMPC,0,2160,1000,--,-,--,-,0,597164,2026-04-28T05:01:07.909988318Z,22775094
20260428,090042,62004,IMPC,0,2160,6300,--,-,--,-,0,597165,2026-04-28T05:01:07.909992431Z,22775095
20260428,090042,62005,IMPC,0,2160,9100,--,-,--,-,0,603178,2026-04-28T05:01:07.909996539Z,22775096
20260428,090042,62032,IMPC,0,2160,4000,--,-,--,-,604738,0,2026-04-28T05:01:07.910523729Z,22775123
20260428,090043,62645,IMPC,0,2170,200,--,-,--,-,0,589205,2026-04-28T05:01:07.929712059Z,22775736
20260428,090043,62646,IMPC,0,2170,200,--,-,--,-,0,590017,2026-04-28T05:01:07.929714945Z,22775737
20260428,090043,62647,IMPC,0,2170,3300,--,-,--,-,0,590970,2026-04-28T05:01:07.929717852Z,22775738
20260428,090045,63606,IMPC,0,2170,8400,--,-,--,-,0,590970,2026-04-28T05:01:07.960626063Z,22776708
20260428,090045,63607,IMPC,0,2170,8600,--,-,--,-,0,604878,2026-04-28T05:01:07.960630107Z,22776709
20260428,090045,63608,IMPC,0,2170,200,--,-,--,-,0,605639,2026-04-28T05:01:07.960634145Z,22776710
20260428,090045,63621,IMPC,0,2170,22800,--,-,--,-,607124,0,2026-04-28T05:01:07.960687932Z,22776723
20260428,090053,66549,IMPC,0,2170,100,--,-,--,-,0,611732,2026-04-28T05:01:08.047884519Z,22779656
20260428,090053,66628,IMPC,0,2170,1200,--,-,--,-,0,611732,2026-04-28T05:01:08.048147333Z,22779735
20260428,090056,67735,IMPC,0,2170,2100,--,-,--,-,0,612742,2026-04-28T05:01:08.086766714Z,22780848
20260428,090056,67736,IMPC,0,2170,4800,--,-,--,-,0,612923,2026-04-28T05:01:08.086769323Z,22780849
20260428,090100,69050,IMPC,0,2180,500,--,-,--,-,0,298461,2026-04-28T05:01:08.116691865Z,22782163
20260428,090102,69767,IMPC,0,2180,19500,--,-,--,-,0,298461,2026-04-28T05:01:08.137567303Z,22782880
20260428,090102,69768,IMPC,0,2180,2000,--,-,--,-,0,496532,2026-04-28T05:01:08.137570473Z,22782881
20260428,090102,69769,IMPC,0,2180,4600,--,-,--,-,0,617302,2026-04-28T05:01:08.137573771Z,22782882
20260428,090102,69884,IMPC,0,2190,1700,--,-,--,-,0,466453,2026-04-28T05:01:08.142145953Z,22782997
20260428,090102,69885,IMPC,0,2190,900,--,-,--,-,0,578679,2026-04-28T05:01:08.142148873Z,22782998
20260428,090102,69886,IMPC,0,2190,8800,--,-,--,-,0,619019,2026-04-28T05:01:08.14215165Z,22782999
20260428,090102,69887,IMPC,0,2190,3400,--,-,--,-,0,622629,2026-04-28T05:01:08.142154791Z,22783000
20260428,090106,71034,IMPC,0,2190,5000,--,-,--,-,0,626460,2026-04-28T05:01:08.174424937Z,22784150
20260428,090112,73798,IMPC,0,2190,100,--,-,--,-,0,631729,2026-04-28T05:01:08.236202258Z,22786914
20260428,090118,76708,IMPC,0,2200,2000,--,-,--,-,0,29974,2026-04-28T05:01:08.296304706Z,22789825
20260428,090118,76727,IMPC,0,2190,1000,--,-,--,-,633408,0,2026-04-28T05:01:08.296373698Z,22789844
20260428,090125,78955,IMPC,0,2200,10500,--,-,--,-,0,29974,2026-04-28T05:01:08.433730922Z,22792073
20260428,090125,78956,IMPC,0,2200,400,--,-,--,-,0,220571,2026-04-28T05:01:08.43373462Z,22792074
20260428,090125,78957,IMPC,0,2200,4000,--,-,--,-,0,338242,2026-04-28T05:01:08.433738321Z,22792075
20260428,090125,78958,IMPC,0,2200,2300,--,-,--,-,0,453392,2026-04-28T05:01:08.433741988Z,22792076
20260428,090125,78959,IMPC,0,2200,2500,--,-,--,-,0,478005,2026-04-28T05:01:08.433745925Z,22792077
20260428,090125,78960,IMPC,0,2200,300,--,-,--,-,0,507318,2026-04-28T05:01:08.433749666Z,22792078
20260428,090125,79078,IMPC,0,2190,9000,--,-,--,-,633408,0,2026-04-28T05:01:08.436023911Z,22792196
20260428,090125,79079,IMPC,0,2190,1000,--,-,--,-,636016,0,2026-04-28T05:01:08.436027143Z,22792197
20260428,090125,79080,IMPC,0,2190,200,--,-,--,-,639928,0,2026-04-28T05:01:08.436030333Z,22792198
20260428,090125,79081,IMPC,0,2190,3500,--,-,--,-,642644,0,2026-04-28T05:01:08.436033487Z,22792199
20260428,090125,79176,IMPC,0,2200,3900,--,-,--,-,0,507318,2026-04-28T05:01:08.438797125Z,22792294
20260428,090127,79419,IMPC,0,2190,6500,--,-,--,-,642644,0,2026-04-28T05:01:08.454527892Z,22792537
20260428,090128,79855,IMPC,0,2190,1000,--,-,--,-,0,644050,2026-04-28T05:01:08.475699902Z,22792973
20260428,090128,79965,IMPC,0,2190,300,--,-,--,-,0,644050,2026-04-28T05:01:08.486520061Z,22793083
20260428,090132,81230,IMPC,0,2190,1200,--,-,--,-,0,644050,2026-04-28T05:01:08.551412556Z,22794351
20260428,090138,82714,IMPC,0,2190,1000,--,-,--,-,0,644050,2026-04-28T05:01:08.571571878Z,22795838
20260428,090138,82715,IMPC,0,2190,200,--,-,--,-,0,645454,2026-04-28T05:01:08.571576013Z,22795839
20260428,090138,82716,IMPC,0,2190,200,--,-,--,-,0,645455,2026-04-28T05:01:08.571580139Z,22795840
20260428,090138,82717,IMPC,0,2190,3400,--,-,--,-,0,645456,2026-04-28T05:01:08.571584286Z,22795841
20260428,090138,82718,IMPC,0,2190,4400,--,-,--,-,0,645496,2026-04-28T05:01:08.571722613Z,22795842
20260428,090146,85458,IMPC,0,2190,1000,--,-,--,-,659239,0,2026-04-28T05:01:08.643199861Z,22798582
20260428,090147,85807,IMPC,0,2190,100,--,-,--,-,659239,0,2026-04-28T05:01:08.653954532Z,22798932
20260428,090151,87065,IMPC,0,2190,500,--,-,--,-,664027,0,2026-04-28T05:01:08.697831977Z,22800194
20260428,090157,88684,IMPC,0,2190,400,--,-,--,-,664027,0,2026-04-28T05:01:08.752172096Z,22801820
20260428,090157,88725,IMPC,0,2200,100,--,-,--,-,0,507318,2026-04-28T05:01:08.752445177Z,22801861
20260428,090158,88808,IMPC,0,2200,1000,--,-,--,-,0,507318,2026-04-28T05:01:08.752966393Z,22801944
20260428,090200,89339,IMPC,0,2200,5500,--,-,--,-,0,507318,2026-04-28T05:01:08.772219602Z,22802475
20260428,090200,89340,IMPC,0,2200,5200,--,-,--,-,0,512458,2026-04-28T05:01:08.772223199Z,22802476
20260428,090209,92291,IMPC,0,2200,2100,--,-,--,-,0,531181,2026-04-28T05:01:08.839198199Z,22805428
20260428,090209,92292,IMPC,0,2200,1400,--,-,--,-,0,563568,2026-04-28T05:01:08.839202768Z,22805429
20260428,090209,92293,IMPC,0,2200,1000,--,-,--,-,0,631761,2026-04-28T05:01:08.839207503Z,22805430
20260428,090209,92294,IMPC,0,2200,1200,--,-,--,-,0,637120,2026-04-28T05:01:08.839211657Z,22805431
20260428,090209,92295,IMPC,0,2200,700,--,-,--,-,0,638386,2026-04-28T05:01:08.839215911Z,22805432
20260428,090209,92296,IMPC,0,2200,4800,--,-,--,-,0,638513,2026-04-28T05:01:08.839219289Z,22805433
20260428,090209,92297,IMPC,0,2200,500,--,-,--,-,0,651541,2026-04-28T05:01:08.839223891Z,22805434
20260428,090209,92298,IMPC,0,2200,6200,--,-,--,-,0,654286,2026-04-28T05:01:08.83922822Z,22805435
20260428,090209,92299,IMPC,0,2200,8800,--,-,--,-,0,656406,2026-04-28T05:01:08.839232154Z,22805436
20260428,090209,92300,IMPC,0,2200,2000,--,-,--,-,0,656942,2026-04-28T05:01:08.839236132Z,22805437
20260428,090209,92301,IMPC,0,2200,7600,--,-,--,-,0,659289,2026-04-28T05:01:08.839241617Z,22805438
20260428,090209,92302,IMPC,0,2200,3100,--,-,--,-,0,661601,2026-04-28T05:01:08.839244976Z,22805439
20260428,090209,92303,IMPC,0,2200,300,--,-,--,-,0,665703,2026-04-28T05:01:08.839249406Z,22805440
20260428,090209,92304,IMPC,0,2200,5000,--,-,--,-,0,670077,2026-04-28T05:01:08.839253112Z,22805441
20260428,090209,92305,IMPC,0,2200,28200,--,-,--,-,0,670397,2026-04-28T05:01:08.839256752Z,22805442
20260428,090210,92724,IMPC,0,2200,5000,--,-,--,-,0,670397,2026-04-28T05:01:08.845481163Z,22805861
20260428,090212,93276,IMPC,0,2200,500,--,-,--,-,0,670397,2026-04-28T05:01:08.860241063Z,22806413
20260428,090212,93277,IMPC,0,2200,3100,--,-,--,-,0,672737,2026-04-28T05:01:08.860244686Z,22806414
20260428,090213,93414,IMPC,0,2200,600,--,-,--,-,0,672737,2026-04-28T05:01:08.865362801Z,22806551
20260428,090213,93415,IMPC,0,2200,100,--,-,--,-,0,674091,2026-04-28T05:01:08.865367295Z,22806552
20260428,090213,93416,IMPC,0,2200,4300,--,-,--,-,0,680183,2026-04-28T05:01:08.86537295Z,22806553
20260428,090221,95456,IMPC,0,2200,600,--,-,--,-,0,680183,2026-04-28T05:01:08.922040436Z,22808594
20260428,090221,95457,IMPC,0,2200,1700,--,-,--,-,0,680960,2026-04-28T05:01:08.922044638Z,22808595
20260428,090238,99948,IMPC,0,2190,15000,--,-,--,-,664027,0,2026-04-28T05:01:09.037425017Z,22813100
20260428,090238,100110,IMPC,0,2200,2100,--,-,--,-,0,680960,2026-04-28T05:01:09.043124763Z,22813262
20260428,090238,100111,IMPC,0,2200,200,--,-,--,-,0,681401,2026-04-28T05:01:09.043127438Z,22813263
20260428,090238,100112,IMPC,0,2200,1400,--,-,--,-,0,682976,2026-04-28T05:01:09.043130144Z,22813264
20260428,090239,100245,IMPC,0,2200,2300,--,-,--,-,0,682976,2026-04-28T05:01:09.045672898Z,22813397
20260428,090247,102712,IMPC,0,2200,200,--,-,--,-,0,684249,2026-04-28T05:01:09.174456552Z,22815864
20260428,090247,102713,IMPC,0,2200,2700,--,-,--,-,0,684348,2026-04-28T05:01:09.174459418Z,22815865
20260428,090247,102714,IMPC,0,2200,3600,--,-,--,-,0,689735,2026-04-28T05:01:09.174462537Z,22815866
20260428,090247,102715,IMPC,0,2200,900,--,-,--,-,0,692997,2026-04-28T05:01:09.174465345Z,22815867
20260428,090247,102716,IMPC,0,2200,3200,--,-,--,-,0,695262,2026-04-28T05:01:09.174671286Z,22815868
20260428,090249,103446,IMPC,0,2200,600,--,-,--,-,0,695262,2026-04-28T05:01:09.203227682Z,22816598
20260428,090252,104001,IMPC,0,2200,800,--,-,--,-,0,695262,2026-04-28T05:01:09.226333922Z,22817153
20260428,090254,104668,IMPC,0,2200,4200,--,-,--,-,0,695262,2026-04-28T05:01:09.265626211Z,22817824
20260428,090254,104669,IMPC,0,2200,800,--,-,--,-,0,695462,2026-04-28T05:01:09.265629385Z,22817825
20260428,090256,105240,IMPC,0,2200,100,--,-,--,-,0,695462,2026-04-28T05:01:09.287721918Z,22818396
20260428,090314,110190,IMPC,0,2200,100,--,-,--,-,0,695462,2026-04-28T05:01:09.440593857Z,22823351
20260428,090314,110208,IMPC,0,2190,500,--,-,--,-,664027,0,2026-04-28T05:01:09.440644356Z,22823369
20260428,090323,112438,IMPC,0,2190,5500,--,-,--,-,664027,0,2026-04-28T05:01:09.518558801Z,22825601
20260428,090323,112439,IMPC,0,2190,1000,--,-,--,-,664562,0,2026-04-28T05:01:09.518561993Z,22825602
20260428,090323,112496,IMPC,0,2190,1900,--,-,--,-,664562,0,2026-04-28T05:01:09.520728782Z,22825659
20260428,090323,112497,IMPC,0,2190,1800,--,-,--,-,664664,0,2026-04-28T05:01:09.520731897Z,22825660
20260428,090323,112513,IMPC,0,2190,9100,--,-,--,-,664664,0,2026-04-28T05:01:09.521287915Z,22825676
20260428,090323,112514,IMPC,0,2190,100,--,-,--,-,665985,0,2026-04-28T05:01:09.521291448Z,22825677
20260428,090323,112515,IMPC,0,2190,2000,--,-,--,-,666304,0,2026-04-28T05:01:09.521294734Z,22825678
20260428,090323,112516,IMPC,0,2190,200,--,-,--,-,667784,0,2026-04-28T05:01:09.521297964Z,22825679
20260428,090323,112517,IMPC,0,2190,5000,--,-,--,-,670143,0,2026-04-28T05:01:09.521301298Z,22825680
20260428,090323,112518,IMPC,0,2190,300,--,-,--,-,679038,0,2026-04-28T05:01:09.52130451Z,22825681
20260428,090323,112519,IMPC,0,2190,300,--,-,--,-,691688,0,2026-04-28T05:01:09.521307764Z,22825682
20260428,090323,112520,IMPC,0,2190,24100,--,-,--,-,698751,0,2026-04-28T05:01:09.521311008Z,22825683
20260428,090323,112521,IMPC,0,2190,1400,--,-,--,-,705333,0,2026-04-28T05:01:09.521462289Z,22825684
20260428,090323,112522,IMPC,0,2190,1000,--,-,--,-,715912,0,2026-04-28T05:01:09.521465495Z,22825685
20260428,090323,112523,IMPC,0,2190,3000,--,-,--,-,716236,0,2026-04-28T05:01:09.521470299Z,22825686
20260428,090323,112524,IMPC,0,2190,100,--,-,--,-,721767,0,2026-04-28T05:01:09.521473563Z,22825687
20260428,090323,112525,IMPC,0,2190,600,--,-,--,-,723084,0,2026-04-28T05:01:09.521476819Z,22825688
20260428,090323,112526,IMPC,0,2190,4000,--,-,--,-,726391,0,2026-04-28T05:01:09.521588632Z,22825689
20260428,090323,112527,IMPC,0,2190,100,--,-,--,-,734008,0,2026-04-28T05:01:09.521595007Z,22825690
20260428,090325,113167,IMPC,0,2180,500,--,-,--,-,628055,0,2026-04-28T05:01:09.53907495Z,22826330
20260428,090325,113168,IMPC,0,2180,600,--,-,--,-,634844,0,2026-04-28T05:01:09.539158403Z,22826331
20260428,090325,113169,IMPC,0,2180,6800,--,-,--,-,652974,0,2026-04-28T05:01:09.539162094Z,22826332
20260428,090325,113170,IMPC,0,2180,25300,--,-,--,-,654118,0,2026-04-28T05:01:09.539165346Z,22826333
20260428,090331,114997,IMPC,0,2180,1300,--,-,--,-,654118,0,2026-04-28T05:01:09.588018405Z,22828163
20260428,090331,115186,IMPC,0,2180,1300,--,-,--,-,654118,0,2026-04-28T05:01:09.600211498Z,22828352
20260428,090332,115266,IMPC,0,2180,10800,--,-,--,-,654118,0,2026-04-28T05:01:09.600734871Z,22828432
20260428,090336,116973,IMPC,0,2180,200,--,-,--,-,654118,0,2026-04-28T05:01:09.645362053Z,22830142
20260428,090336,117054,IMPC,0,2180,5100,--,-,--,-,654118,0,2026-04-28T05:01:09.645778784Z,22830223
20260428,090346,119588,IMPC,0,2180,5400,--,-,--,-,654118,0,2026-04-28T05:01:09.71159481Z,22832758
20260428,090346,119640,IMPC,0,2180,5600,--,-,--,-,654118,0,2026-04-28T05:01:09.71781517Z,22832810
20260428,090347,119958,IMPC,0,2190,1100,--,-,--,-,0,735863,2026-04-28T05:01:09.728423002Z,22833128
20260428,090347,119959,IMPC,0,2190,2000,--,-,--,-,0,736004,2026-04-28T05:01:09.728427209Z,22833129
20260428,090347,119960,IMPC,0,2190,700,--,-,--,-,0,736056,2026-04-28T05:01:09.728769545Z,22833130
20260428,090347,120048,IMPC,0,2190,200,--,-,--,-,0,736056,2026-04-28T05:01:09.729041038Z,22833218
20260428,090355,121849,IMPC,0,2190,2500,--,-,--,-,0,736056,2026-04-28T05:01:09.776705026Z,22835019
20260428,090357,122480,IMPC,0,2180,200,--,-,--,-,654118,0,2026-04-28T05:01:09.79368863Z,22835650
20260428,090359,123031,IMPC,0,2180,6000,--,-,--,-,654118,0,2026-04-28T05:01:09.802104468Z,22836201
20260428,090404,124569,IMPC,0,2180,208700,--,-,--,-,654118,0,2026-04-28T05:01:09.880109213Z,22837739
20260428,090404,124600,IMPC,0,2180,16400,--,-,--,-,654118,0,2026-04-28T05:01:09.882115198Z,22837770
20260428,090404,124602,IMPC,0,2180,13700,--,-,--,-,654118,0,2026-04-28T05:01:09.884089907Z,22837772
20260428,090404,124603,IMPC,0,2180,1000,--,-,--,-,691949,0,2026-04-28T05:01:09.884094646Z,22837773
20260428,090404,124604,IMPC,0,2180,3600,--,-,--,-,700486,0,2026-04-28T05:01:09.884097615Z,22837774
20260428,090404,124605,IMPC,0,2180,200,--,-,--,-,733486,0,2026-04-28T05:01:09.884101367Z,22837775
20260428,090404,124606,IMPC,0,2180,100,--,-,--,-,742150,0,2026-04-28T05:01:09.884104362Z,22837776
20260428,090404,124607,IMPC,0,2180,1500,--,-,--,-,753549,0,2026-04-28T05:01:09.88410963Z,22837777
20260428,090404,124608,IMPC,0,2180,300,--,-,--,-,756288,0,2026-04-28T05:01:09.884655806Z,22837778
20260428,090404,124609,IMPC,0,2180,500,--,-,--,-,761644,0,2026-04-28T05:01:09.884659644Z,22837779
20260428,090404,124627,IMPC,0,2170,100,--,-,--,-,628994,0,2026-04-28T05:01:09.893641293Z,22837797
20260428,090404,124628,IMPC,0,2170,5000,--,-,--,-,743529,0,2026-04-28T05:01:09.89364488Z,22837798
20260428,090404,124629,IMPC,0,2170,4900,--,-,--,-,748006,0,2026-04-28T05:01:09.893648557Z,22837799
20260428,090404,124639,IMPC,0,2170,100,--,-,--,-,748006,0,2026-04-28T05:01:09.897748617Z,22837809
20260428,090404,124640,IMPC,0,2170,20000,--,-,--,-,757309,0,2026-04-28T05:01:09.89775557Z,22837810
20260428,090404,124641,IMPC,0,2160,4900,--,-,--,-,611304,0,2026-04-28T05:01:09.897759312Z,22837811
20260428,090405,124798,IMPC,0,2170,3800,--,-,--,-,0,764202,2026-04-28T05:01:09.918303247Z,22837969
20260428,090411,126828,IMPC,0,2170,500,--,-,--,-,0,764202,2026-04-28T05:01:10.010993652Z,22840005
20260428,090412,126910,IMPC,0,2160,4600,--,-,--,-,611304,0,2026-04-28T05:01:10.011306036Z,22840087
20260428,090412,126911,IMPC,0,2160,800,--,-,--,-,619049,0,2026-04-28T05:01:10.011318422Z,22840088
20260428,090412,126913,IMPC,0,2160,1200,--,-,--,-,619049,0,2026-04-28T05:01:10.011325318Z,22840090
20260428,090412,126914,IMPC,0,2160,800,--,-,--,-,621539,0,2026-04-28T05:01:10.011328996Z,22840091
20260428,090412,126915,IMPC,0,2160,2700,--,-,--,-,630355,0,2026-04-28T05:01:10.011332663Z,22840092
20260428,090431,132909,IMPC,0,2160,100,--,-,--,-,630355,0,2026-04-28T05:01:10.130200638Z,22846088
20260428,090447,137445,IMPC,0,2170,100,--,-,--,-,0,767972,2026-04-28T05:01:10.243732418Z,22850634
20260428,090457,139620,IMPC,0,2170,1000,--,-,--,-,0,767972,2026-04-28T05:01:10.301271814Z,22852814
20260428,090457,139664,IMPC,0,2160,3400,--,-,--,-,630355,0,2026-04-28T05:01:10.301820707Z,22852858
20260428,090457,139665,IMPC,0,2160,300,--,-,--,-,632077,0,2026-04-28T05:01:10.301823943Z,22852859
20260428,090511,143086,IMPC,0,2160,2900,--,-,--,-,632077,0,2026-04-28T05:01:10.389157555Z,22856282
20260428,090511,143099,IMPC,0,2160,2000,--,-,--,-,632077,0,2026-04-28T05:01:10.389193717Z,22856295
20260428,090521,145698,IMPC,0,2170,1000,--,-,--,-,0,767972,2026-04-28T05:01:10.453592292Z,22858898
20260428,090521,145699,IMPC,0,2170,200,--,-,--,-,0,769507,2026-04-28T05:01:10.453596783Z,22858899
20260428,090521,145700,IMPC,0,2170,400,--,-,--,-,0,769530,2026-04-28T05:01:10.453602236Z,22858900
20260428,090521,145701,IMPC,0,2170,900,--,-,--,-,0,774496,2026-04-28T05:01:10.453606362Z,22858901
20260428,090529,148076,IMPC,0,2170,700,--,-,--,-,0,774496,2026-04-28T05:01:10.516530486Z,22861281
20260428,090534,149234,IMPC,0,2160,5500,--,-,--,-,632077,0,2026-04-28T05:01:10.539909278Z,22862440
20260428,090534,149330,IMPC,0,2160,3600,--,-,--,-,632077,0,2026-04-28T05:01:10.547750466Z,22862536
20260428,090548,152170,IMPC,0,2160,3100,--,-,--,-,632077,0,2026-04-28T05:01:10.61552556Z,22865383
20260428,090601,158743,IMPC,0,2160,3600,--,-,--,-,632077,0,2026-04-28T05:01:10.92338865Z,22871965
20260428,090601,158781,IMPC,0,2160,3200,--,-,--,-,632077,0,2026-04-28T05:01:10.924345906Z,22872003
20260428,090614,165384,IMPC,0,2160,3600,--,-,--,-,632077,0,2026-04-28T05:01:11.046964632Z,22878622
20260428,090615,165723,IMPC,0,2170,900,--,-,--,-,0,774496,2026-04-28T05:01:11.064658069Z,22878961
20260428,090615,165724,IMPC,0,2170,1600,--,-,--,-,0,774673,2026-04-28T05:01:11.06466122Z,22878962
20260428,090623,168116,IMPC,0,2170,2500,--,-,--,-,0,774673,2026-04-28T05:01:11.133409006Z,22881358
20260428,090635,172616,IMPC,0,2160,2000,--,-,--,-,632077,0,2026-04-28T05:01:11.235394111Z,22885865
20260428,090636,172827,IMPC,0,2160,9200,--,-,--,-,632077,0,2026-04-28T05:01:11.238512767Z,22886076
20260428,090636,172832,IMPC,0,2160,3200,--,-,--,-,632077,0,2026-04-28T05:01:11.238532291Z,22886081
20260428,090636,172833,IMPC,0,2160,4800,--,-,--,-,632077,0,2026-04-28T05:01:11.23853559Z,22886082
20260428,090636,172834,IMPC,0,2160,700,--,-,--,-,649037,0,2026-04-28T05:01:11.238538876Z,22886083
20260428,090636,172835,IMPC,0,2160,10000,--,-,--,-,678752,0,2026-04-28T05:01:11.238542161Z,22886084
20260428,090636,172836,IMPC,0,2160,1000,--,-,--,-,710415,0,2026-04-28T05:01:11.238545405Z,22886085
20260428,090636,172837,IMPC,0,2160,25000,--,-,--,-,718081,0,2026-04-28T05:01:11.238548645Z,22886086
20260428,090636,172838,IMPC,0,2160,200,--,-,--,-,772025,0,2026-04-28T05:01:11.238551921Z,22886087
20260428,090636,172839,IMPC,0,2160,14000,--,-,--,-,785361,0,2026-04-28T05:01:11.238555176Z,22886088
20260428,090636,172851,IMPC,0,2160,6000,--,-,--,-,785361,0,2026-04-28T05:01:11.238599006Z,22886100
20260428,090636,172852,IMPC,0,2160,5000,--,-,--,-,787125,0,2026-04-28T05:01:11.238602365Z,22886101
20260428,090636,172853,IMPC,0,2160,57700,--,-,--,-,830367,0,2026-04-28T05:01:11.238605636Z,22886102
20260428,090636,172857,IMPC,0,2160,32300,--,-,--,-,830367,0,2026-04-28T05:01:11.23861871Z,22886106
20260428,090636,172858,IMPC,0,2160,5000,--,-,--,-,832969,0,2026-04-28T05:01:11.23862201Z,22886107
20260428,090636,172859,IMPC,0,2160,20000,--,-,--,-,842572,0,2026-04-28T05:01:11.238625326Z,22886108
20260428,090636,172860,IMPC,0,2160,10000,--,-,--,-,852899,0,2026-04-28T05:01:11.238628691Z,22886109
20260428,090636,172861,IMPC,0,2160,15000,--,-,--,-,856777,0,2026-04-28T05:01:11.238631928Z,22886110
20260428,090636,172862,IMPC,0,2160,1000,--,-,--,-,857876,0,2026-04-28T05:01:11.23863532Z,22886111
20260428,090636,172863,IMPC,0,2160,100,--,-,--,-,858775,0,2026-04-28T05:01:11.238638637Z,22886112
20260428,090636,172864,IMPC,0,2160,100,--,-,--,-,863445,0,2026-04-28T05:01:11.238645201Z,22886113
20260428,090636,172970,IMPC,0,2160,3700,--,-,--,-,0,873319,2026-04-28T05:01:11.240263299Z,22886219
20260428,090643,175156,IMPC,0,2160,1800,--,-,--,-,0,873490,2026-04-28T05:01:11.284947205Z,22888406
20260428,090643,175157,IMPC,0,2160,2100,--,-,--,-,0,873593,2026-04-28T05:01:11.28495131Z,22888407
20260428,090645,176206,IMPC,0,2150,400,--,-,--,-,555900,0,2026-04-28T05:01:11.323912596Z,22889456
20260428,090650,178286,IMPC,0,2150,100,--,-,--,-,565047,0,2026-04-28T05:01:11.393736934Z,22891536
20260428,090650,178287,IMPC,0,2150,1000,--,-,--,-,582120,0,2026-04-28T05:01:11.393740501Z,22891537
20260428,090650,178288,IMPC,0,2150,900,--,-,--,-,642998,0,2026-04-28T05:01:11.393744103Z,22891538
20260428,090651,178430,IMPC,0,2150,500,--,-,--,-,642998,0,2026-04-28T05:01:11.396345693Z,22891680
20260428,090655,179357,IMPC,0,2150,1100,--,-,--,-,642998,0,2026-04-28T05:01:11.42965481Z,22892607
20260428,090655,179358,IMPC,0,2150,300,--,-,--,-,650133,0,2026-04-28T05:01:11.429658249Z,22892608
20260428,090655,179359,IMPC,0,2150,2400,--,-,--,-,655343,0,2026-04-28T05:01:11.429661637Z,22892609
20260428,090655,179360,IMPC,0,2150,10000,--,-,--,-,686398,0,2026-04-28T05:01:11.429665097Z,22892610
20260428,090655,179361,IMPC,0,2150,200,--,-,--,-,698036,0,2026-04-28T05:01:11.429668379Z,22892611
20260428,090655,179362,IMPC,0,2150,10000,--,-,--,-,782214,0,2026-04-28T05:01:11.429673504Z,22892612
20260428,090655,179363,IMPC,0,2150,1000,--,-,--,-,799285,0,2026-04-28T05:01:11.429676783Z,22892613
20260428,090655,179364,IMPC,0,2150,1000,--,-,--,-,800370,0,2026-04-28T05:01:11.429679992Z,22892614
20260428,090655,179365,IMPC,0,2150,100,--,-,--,-,804487,0,2026-04-28T05:01:11.42968335Z,22892615
20260428,090655,179366,IMPC,0,2150,700,--,-,--,-,823837,0,2026-04-28T05:01:11.429686676Z,22892616
20260428,090655,179367,IMPC,0,2150,25000,--,-,--,-,825587,0,2026-04-28T05:01:11.42968995Z,22892617
20260428,090655,179368,IMPC,0,2150,1000,--,-,--,-,862101,0,2026-04-28T05:01:11.429693227Z,22892618
20260428,090655,179369,IMPC,0,2150,2500,--,-,--,-,886450,0,2026-04-28T05:01:11.429706342Z,22892619
20260428,090702,181550,IMPC,0,2150,400,--,-,--,-,0,889150,2026-04-28T05:01:11.485187934Z,22894800
20260428,090702,181551,IMPC,0,2150,3200,--,-,--,-,0,889312,2026-04-28T05:01:11.486512688Z,22894801
20260428,090702,181552,IMPC,0,2150,1400,--,-,--,-,0,889520,2026-04-28T05:01:11.486518766Z,22894802
20260428,090703,181921,IMPC,0,2140,1000,--,-,--,-,489325,0,2026-04-28T05:01:11.494564514Z,22895171
20260428,090703,181922,IMPC,0,2140,2400,--,-,--,-,576345,0,2026-04-28T05:01:11.494567264Z,22895172
20260428,090703,181923,IMPC,0,2140,5000,--,-,--,-,603375,0,2026-04-28T05:01:11.494570137Z,22895173
20260428,090703,181924,IMPC,0,2140,2200,--,-,--,-,664543,0,2026-04-28T05:01:11.494572907Z,22895174
20260428,090705,182556,IMPC,0,2140,800,--,-,--,-,664543,0,2026-04-28T05:01:11.512601619Z,22895806
20260428,090713,185166,IMPC,0,2150,100,--,-,--,-,0,889520,2026-04-28T05:01:11.58194797Z,22898417
20260428,090715,185762,IMPC,0,2150,3700,--,-,--,-,0,889521,2026-04-28T05:01:11.589394229Z,22899017
20260428,090715,185763,IMPC,0,2150,3300,--,-,--,-,0,889522,2026-04-28T05:01:11.589397184Z,22899018
20260428,090715,185764,IMPC,0,2150,5200,--,-,--,-,0,889606,2026-04-28T05:01:11.589399886Z,22899019
20260428,090715,185765,IMPC,0,2150,12900,--,-,--,-,0,890464,2026-04-28T05:01:11.58940248Z,22899020
20260428,090715,185766,IMPC,0,2150,3100,--,-,--,-,0,891867,2026-04-28T05:01:11.589405094Z,22899021
20260428,090715,185767,IMPC,0,2150,4300,--,-,--,-,0,891868,2026-04-28T05:01:11.589407674Z,22899022
20260428,090715,185768,IMPC,0,2150,300,--,-,--,-,0,891901,2026-04-28T05:01:11.589412981Z,22899023
20260428,090715,185769,IMPC,0,2150,300,--,-,--,-,0,891903,2026-04-28T05:01:11.589415611Z,22899024
20260428,090715,185770,IMPC,0,2150,300,--,-,--,-,0,891946,2026-04-28T05:01:11.589418185Z,22899025
20260428,090715,185771,IMPC,0,2150,23500,--,-,--,-,0,897760,2026-04-28T05:01:11.589420818Z,22899026
20260428,090715,185772,IMPC,0,2150,3300,--,-,--,-,0,897905,2026-04-28T05:01:11.589560471Z,22899027
20260428,090715,185866,IMPC,0,2150,5800,--,-,--,-,0,900807,2026-04-28T05:01:11.594390697Z,22899121
20260428,090719,186799,IMPC,0,2150,300,--,-,--,-,0,903811,2026-04-28T05:01:11.630362785Z,22900054
20260428,090726,188800,IMPC,0,2140,1000,--,-,--,-,664543,0,2026-04-28T05:01:11.678643119Z,22902059
20260428,090731,189751,IMPC,0,2140,5000,--,-,--,-,664543,0,2026-04-28T05:01:11.69887129Z,22903013
20260428,090822,204121,IMPC,0,2140,15100,--,-,--,-,664543,0,2026-04-28T05:01:12.191560085Z,22917410
20260428,090822,204122,IMPC,0,2140,10000,--,-,--,-,739855,0,2026-04-28T05:01:12.191567328Z,22917411
20260428,090822,204123,IMPC,0,2140,10200,--,-,--,-,786264,0,2026-04-28T05:01:12.191574483Z,22917412
20260428,090822,204124,IMPC,0,2140,300,--,-,--,-,836517,0,2026-04-28T05:01:12.191581662Z,22917413
20260428,090822,204125,IMPC,0,2140,500,--,-,--,-,837348,0,2026-04-28T05:01:12.191588871Z,22917414
20260428,090822,204126,IMPC,0,2140,13900,--,-,--,-,845494,0,2026-04-28T05:01:12.191596036Z,22917415
20260428,090823,204242,IMPC,0,2150,3700,--,-,--,-,0,908720,2026-04-28T05:01:12.195855013Z,22917531
20260428,090823,204314,IMPC,0,2140,1000,--,-,--,-,845494,0,2026-04-28T05:01:12.196052449Z,22917603
20260428,090830,206189,IMPC,0,2140,3000,--,-,--,-,845494,0,2026-04-28T05:01:12.248375633Z,22919482
20260428,090831,206444,IMPC,0,2140,5000,--,-,--,-,845494,0,2026-04-28T05:01:12.251438741Z,22919737
20260428,090841,210263,IMPC,0,2140,2200,--,-,--,-,845494,0,2026-04-28T05:01:12.398824246Z,22923564
20260428,090843,210635,IMPC,0,2140,4900,--,-,--,-,845494,0,2026-04-28T05:01:12.402097768Z,22923939
20260428,090843,210636,IMPC,0,2140,100,--,-,--,-,849456,0,2026-04-28T05:01:12.402102329Z,22923940
20260428,090843,210637,IMPC,0,2140,4800,--,-,--,-,901261,0,2026-04-28T05:01:12.402106792Z,22923941
20260428,090846,211416,IMPC,0,2140,1200,--,-,--,-,901261,0,2026-04-28T05:01:12.439570519Z,22924720
20260428,090853,212989,IMPC,0,2140,700,--,-,--,-,901261,0,2026-04-28T05:01:12.499713776Z,22926297
20260428,090909,217413,IMPC,0,2140,1000,--,-,--,-,907679,0,2026-04-28T05:01:12.629800292Z,22930722
20260428,090909,217414,IMPC,0,2140,2000,--,-,--,-,916208,0,2026-04-28T05:01:12.629803275Z,22930723
20260428,090909,217415,IMPC,0,2140,2400,--,-,--,-,918066,0,2026-04-28T05:01:12.629806265Z,22930724
20260428,090909,217416,IMPC,0,2140,1000,--,-,--,-,925278,0,2026-04-28T05:01:12.629809458Z,22930725
20260428,090909,217417,IMPC,0,2140,100,--,-,--,-,929509,0,2026-04-28T05:01:12.62981244Z,22930726
20260428,090909,217418,IMPC,0,2140,3800,--,-,--,-,944306,0,2026-04-28T05:01:12.629815379Z,22930727
20260428,090909,217419,IMPC,0,2140,200,--,-,--,-,947262,0,2026-04-28T05:01:12.629818349Z,22930728
20260428,090909,217420,IMPC,0,2140,1000,--,-,--,-,960931,0,2026-04-28T05:01:12.629821239Z,22930729
20260428,090909,217421,IMPC,0,2140,1000,--,-,--,-,969922,0,2026-04-28T05:01:12.629824203Z,22930730
20260428,090910,217477,IMPC,0,2140,100,--,-,--,-,0,971892,2026-04-28T05:01:12.633849452Z,22930786
20260428,091132,253725,IMPC,0,2140,100,--,-,--,-,0,1042312,2026-04-28T05:01:12.833349877Z,22937084
20260428,091144,256108,IMPC,0,2140,100,--,-,--,-,0,1042312,2026-04-28T05:01:12.900564427Z,22939477
20260428,091145,256358,IMPC,0,2130,9600,--,-,--,-,987789,0,2026-04-28T05:01:12.901479275Z,22939727
20260428,091145,256359,IMPC,0,2130,100,--,-,--,-,1000761,0,2026-04-28T05:01:12.901482667Z,22939728
20260428,091145,256360,IMPC,0,2130,200,--,-,--,-,1006940,0,2026-04-28T05:01:12.901485968Z,22939729
20260428,091145,256361,IMPC,0,2130,500,--,-,--,-,1008622,0,2026-04-28T05:01:12.901489311Z,22939730
20260428,091145,256362,IMPC,0,2130,800,--,-,--,-,1011989,0,2026-04-28T05:01:12.901492731Z,22939731
20260428,091145,256363,IMPC,0,2130,2600,--,-,--,-,1021971,0,2026-04-28T05:01:12.901496181Z,22939732
20260428,091146,256550,IMPC,0,2130,200,--,-,--,-,1021971,0,2026-04-28T05:01:12.902189485Z,22939919
20260428,091149,257170,IMPC,0,2140,300,--,-,--,-,0,1042312,2026-04-28T05:01:12.925357534Z,22940539
20260428,091149,257171,IMPC,0,2140,3800,--,-,--,-,0,1043254,2026-04-28T05:01:12.92536036Z,22940540
20260428,091149,257172,IMPC,0,2140,1900,--,-,--,-,0,1043255,2026-04-28T05:01:12.925363092Z,22940541
20260428,091149,257173,IMPC,0,2140,300,--,-,--,-,0,1043269,2026-04-28T05:01:12.925365791Z,22940542
20260428,091149,257174,IMPC,0,2140,2200,--,-,--,-,0,1043971,2026-04-28T05:01:12.9253686Z,22940543
20260428,091149,257175,IMPC,0,2140,3200,--,-,--,-,0,1049985,2026-04-28T05:01:12.925371473Z,22940544
20260428,091149,257176,IMPC,0,2140,3400,--,-,--,-,0,1056772,2026-04-28T05:01:12.925374222Z,22940545
20260428,091149,257177,IMPC,0,2140,2600,--,-,--,-,0,1062438,2026-04-28T05:01:12.925376871Z,22940546
20260428,091156,258235,IMPC,0,2130,900,--,-,--,-,1021971,0,2026-04-28T05:01:12.949017449Z,22941604
20260428,091207,260665,IMPC,0,2140,200,--,-,--,-,0,1062438,2026-04-28T05:01:13.015474247Z,22944034
20260428,091213,262329,IMPC,0,2140,300,--,-,--,-,0,1062438,2026-04-28T05:01:13.096166561Z,22945698
20260428,091213,262330,IMPC,0,2140,5200,--,-,--,-,0,1066338,2026-04-28T05:01:13.09616923Z,22945699
20260428,091213,262331,IMPC,0,2140,200,--,-,--,-,0,1070140,2026-04-28T05:01:13.096172078Z,22945700
20260428,091213,262332,IMPC,0,2140,2100,--,-,--,-,0,1071216,2026-04-28T05:01:13.096176177Z,22945701
20260428,091213,262333,IMPC,0,2140,3100,--,-,--,-,0,1076699,2026-04-28T05:01:13.096179141Z,22945702
20260428,091213,262372,IMPC,0,2140,3900,--,-,--,-,0,1080032,2026-04-28T05:01:13.098149055Z,22945741
20260428,091244,270384,IMPC,0,2130,6100,--,-,--,-,1021971,0,2026-04-28T05:01:13.431598434Z,22953766
20260428,091244,270385,IMPC,0,2130,10000,--,-,--,-,1033056,0,2026-04-28T05:01:13.431600903Z,22953767
20260428,091244,270386,IMPC,0,2130,3800,--,-,--,-,1034547,0,2026-04-28T05:01:13.43160338Z,22953768
20260428,091244,270387,IMPC,0,2130,100,--,-,--,-,1036010,0,2026-04-28T05:01:13.431605857Z,22953769
20260428,091244,270388,IMPC,0,2130,200,--,-,--,-,1036881,0,2026-04-28T05:01:13.431608344Z,22953770
20260428,091244,270389,IMPC,0,2130,1500,--,-,--,-,1037411,0,2026-04-28T05:01:13.431610821Z,22953771
20260428,091244,270390,IMPC,0,2130,100,--,-,--,-,1041188,0,2026-04-28T05:01:13.431613291Z,22953772
20260428,091244,270391,IMPC,0,2130,600,--,-,--,-,1044596,0,2026-04-28T05:01:13.431615775Z,22953773
20260428,091244,270392,IMPC,0,2130,40100,--,-,--,-,1077754,0,2026-04-28T05:01:13.431618387Z,22953774
20260428,091244,270393,IMPC,0,2130,500,--,-,--,-,1091452,0,2026-04-28T05:01:13.431620974Z,22953775
20260428,091244,270394,IMPC,0,2130,200,--,-,--,-,1092496,0,2026-04-28T05:01:13.431623569Z,22953776
20260428,091254,272709,IMPC,0,2130,500,--,-,--,-,1103441,0,2026-04-28T05:01:13.49498774Z,22956092
20260428,091256,272993,IMPC,0,2120,200,--,-,--,-,18386,0,2026-04-28T05:01:13.504788594Z,22956376
20260428,091256,272994,IMPC,0,2120,800,--,-,--,-,78274,0,2026-04-28T05:01:13.504792483Z,22956377
20260428,091256,272995,IMPC,0,2120,500,--,-,--,-,232545,0,2026-04-28T05:01:13.504796293Z,22956378
20260428,091256,272996,IMPC,0,2120,300,--,-,--,-,270345,0,2026-04-28T05:01:13.504800519Z,22956379
20260428,091256,272997,IMPC,0,2120,900,--,-,--,-,389924,0,2026-04-28T05:01:13.504804133Z,22956380
20260428,091256,272998,IMPC,0,2120,4000,--,-,--,-,440333,0,2026-04-28T05:01:13.504807653Z,22956381
20260428,091256,272999,IMPC,0,2120,700,--,-,--,-,452345,0,2026-04-28T05:01:13.50481108Z,22956382
20260428,091256,273000,IMPC,0,2120,100,--,-,--,-,485271,0,2026-04-28T05:01:13.504814574Z,22956383
20260428,091256,273001,IMPC,0,2120,200,--,-,--,-,518962,0,2026-04-28T05:01:13.50481808Z,22956384
20260428,091256,273002,IMPC,0,2120,5000,--,-,--,-,740395,0,2026-04-28T05:01:13.504821915Z,22956385
20260428,091256,273003,IMPC,0,2120,10000,--,-,--,-,784643,0,2026-04-28T05:01:13.504825586Z,22956386
20260428,091256,273009,IMPC,0,2120,500,--,-,--,-,862736,0,2026-04-28T05:01:13.504847189Z,22956392
20260428,091256,273010,IMPC,0,2120,500,--,-,--,-,890673,0,2026-04-28T05:01:13.504851332Z,22956393
20260428,091256,273011,IMPC,0,2120,500,--,-,--,-,890673,0,2026-04-28T05:01:13.504855234Z,22956394
20260428,091256,273012,IMPC,0,2120,100,--,-,--,-,898462,0,2026-04-28T05:01:13.504858727Z,22956395
20260428,091256,273013,IMPC,0,2120,900,--,-,--,-,931898,0,2026-04-28T05:01:13.504862773Z,22956396
20260428,091256,273015,IMPC,0,2120,5700,--,-,--,-,931898,0,2026-04-28T05:01:13.504870068Z,22956398
20260428,091256,273016,IMPC,0,2120,2000,--,-,--,-,931898,0,2026-04-28T05:01:13.504876881Z,22956399
20260428,091256,273017,IMPC,0,2120,11400,--,-,--,-,931898,0,2026-04-28T05:01:13.50488052Z,22956400
20260428,091256,273018,IMPC,0,2120,600,--,-,--,-,938879,0,2026-04-28T05:01:13.504884037Z,22956401
20260428,091305,275627,IMPC,0,2120,3100,--,-,--,-,938879,0,2026-04-28T05:01:13.576692596Z,22959010
20260428,091325,279351,IMPC,0,2110,1000,--,-,--,-,44229,0,2026-04-28T05:01:13.679335711Z,22962736
20260428,091325,279352,IMPC,0,2110,400,--,-,--,-,76302,0,2026-04-28T05:01:13.679338924Z,22962737
20260428,091325,279356,IMPC,0,2110,600,--,-,--,-,76302,0,2026-04-28T05:01:13.681587262Z,22962741
20260428,091325,279357,IMPC,0,2110,400,--,-,--,-,160050,0,2026-04-28T05:01:13.681593414Z,22962742
20260428,091325,279373,IMPC,0,2110,600,--,-,--,-,160050,0,2026-04-28T05:01:13.681697121Z,22962758
20260428,091325,279376,IMPC,0,2110,1300,--,-,--,-,160050,0,2026-04-28T05:01:13.681715766Z,22962761
20260428,091325,279377,IMPC,0,2110,1500,--,-,--,-,200387,0,2026-04-28T05:01:13.681721954Z,22962762
20260428,091325,279378,IMPC,0,2110,200,--,-,--,-,211764,0,2026-04-28T05:01:13.681727978Z,22962763
20260428,091326,279440,IMPC,0,2120,100,--,-,--,-,0,1116033,2026-04-28T05:01:13.682111627Z,22962825
20260428,091328,280009,IMPC,0,2120,24400,--,-,--,-,0,1116033,2026-04-28T05:01:13.711726943Z,22963395
20260428,091328,280010,IMPC,0,2120,36000,--,-,--,-,0,1117764,2026-04-28T05:01:13.711730219Z,22963396
20260428,091328,280011,IMPC,0,2120,2200,--,-,--,-,0,1118391,2026-04-28T05:01:13.711733591Z,22963397
20260428,091328,280012,IMPC,0,2120,3400,--,-,--,-,0,1120921,2026-04-28T05:01:13.711736964Z,22963398
20260428,091328,280013,IMPC,0,2120,2600,--,-,--,-,0,1120922,2026-04-28T05:01:13.711740232Z,22963399
20260428,091328,280014,IMPC,0,2120,300,--,-,--,-,0,1120927,2026-04-28T05:01:13.71174341Z,22963400
20260428,091328,280015,IMPC,0,2120,6300,--,-,--,-,0,1120932,2026-04-28T05:01:13.71174686Z,22963401
20260428,091328,280016,IMPC,0,2120,2500,--,-,--,-,0,1122081,2026-04-28T05:01:13.711750316Z,22963402
20260428,091329,280079,IMPC,0,2120,15000,--,-,--,-,0,1122771,2026-04-28T05:01:13.712056252Z,22963465
20260428,091345,283993,IMPC,0,2120,5000,--,-,--,-,1123370,0,2026-04-28T05:01:13.814114834Z,22967380
20260428,091345,283994,IMPC,0,2120,4200,--,-,--,-,1123417,0,2026-04-28T05:01:13.814117612Z,22967381
20260428,091356,286139,IMPC,0,2120,300,--,-,--,-,1123417,0,2026-04-28T05:01:13.877429202Z,22969529
20260428,091358,286668,IMPC,0,2120,1200,--,-,--,-,1123417,0,2026-04-28T05:01:13.9046312Z,22970058
20260428,091359,286976,IMPC,0,2130,100,--,-,--,-,0,1111840,2026-04-28T05:01:13.908669612Z,22970366
20260428,091401,287502,IMPC,0,2120,19700,--,-,--,-,1123417,0,2026-04-28T05:01:13.917416697Z,22970899
20260428,091401,287503,IMPC,0,2120,700,--,-,--,-,1123768,0,2026-04-28T05:01:13.917422015Z,22970900
20260428,091401,287504,IMPC,0,2120,1700,--,-,--,-,1127276,0,2026-04-28T05:01:13.917427973Z,22970901
20260428,091401,287505,IMPC,0,2120,100,--,-,--,-,1129656,0,2026-04-28T05:01:13.917432062Z,22970902
20260428,091401,287506,IMPC,0,2120,1900,--,-,--,-,1131487,0,2026-04-28T05:01:13.917437106Z,22970903
20260428,091402,287646,IMPC,0,2130,600,--,-,--,-,0,1111840,2026-04-28T05:01:13.925950419Z,22971043
20260428,091402,287647,IMPC,0,2130,200,--,-,--,-,0,1112770,2026-04-28T05:01:13.927424129Z,22971044
20260428,091402,287648,IMPC,0,2130,2900,--,-,--,-,0,1115585,2026-04-28T05:01:13.927430612Z,22971045
20260428,091404,288165,IMPC,0,2120,2000,--,-,--,-,1131487,0,2026-04-28T05:01:13.939597223Z,22971562
20260428,091404,288166,IMPC,0,2120,3800,--,-,--,-,1131797,0,2026-04-28T05:01:13.939600485Z,22971563
20260428,091404,288167,IMPC,0,2120,200,--,-,--,-,1133555,0,2026-04-28T05:01:13.939603959Z,22971564
20260428,091404,288168,IMPC,0,2120,300,--,-,--,-,1137307,0,2026-04-28T05:01:13.939607199Z,22971565
20260428,091404,288169,IMPC,0,2120,2000,--,-,--,-,1138178,0,2026-04-28T05:01:13.939610471Z,22971566
20260428,091404,288170,IMPC,0,2120,14200,--,-,--,-,1139330,0,2026-04-28T05:01:13.939613711Z,22971567
20260428,091408,289104,IMPC,0,2120,10000,--,-,--,-,1139330,0,2026-04-28T05:01:13.976231418Z,22972501
20260428,091420,292366,IMPC,0,2120,1000,--,-,--,-,1139330,0,2026-04-28T05:01:14.108813945Z,22975771
20260428,091422,292771,IMPC,0,2120,8700,--,-,--,-,1139330,0,2026-04-28T05:01:14.128684511Z,22976176
20260428,091422,292772,IMPC,0,2120,1300,--,-,--,-,1139468,0,2026-04-28T05:01:14.12868722Z,22976177
20260428,091424,293332,IMPC,0,2120,3700,--,-,--,-,1139468,0,2026-04-28T05:01:14.152356166Z,22976737
20260428,091424,293333,IMPC,0,2120,1300,--,-,--,-,1140061,0,2026-04-28T05:01:14.152359634Z,22976738
20260428,091427,293758,IMPC,0,2120,1000,--,-,--,-,1140061,0,2026-04-28T05:01:14.172764435Z,22977163
20260428,091427,293759,IMPC,0,2120,17500,--,-,--,-,1140061,0,2026-04-28T05:01:14.172768442Z,22977164
20260428,091434,295311,IMPC,0,2120,4100,--,-,--,-,1140061,0,2026-04-28T05:01:14.234853272Z,22978729
20260428,091434,295312,IMPC,0,2120,4700,--,-,--,-,1145234,0,2026-04-28T05:01:14.234856709Z,22978730
20260428,091434,295313,IMPC,0,2120,12600,--,-,--,-,1152762,0,2026-04-28T05:01:14.234859987Z,22978731
20260428,091444,297968,IMPC,0,2130,100,--,-,--,-,0,1115585,2026-04-28T05:01:14.331253713Z,22981387
20260428,091446,298228,IMPC,0,2120,500,--,-,--,-,1152762,0,2026-04-28T05:01:14.336261491Z,22981647
20260428,091457,301041,IMPC,0,2120,3000,--,-,--,-,1152762,0,2026-04-28T05:01:14.419559957Z,22984463
20260428,091512,304778,IMPC,0,2120,3200,--,-,--,-,1152762,0,2026-04-28T05:01:14.522900951Z,22988200
20260428,091518,306175,IMPC,0,2130,9200,--,-,--,-,0,1115585,2026-04-28T05:01:14.560199989Z,22989597
20260428,091518,306176,IMPC,0,2130,5400,--,-,--,-,0,1122698,2026-04-28T05:01:14.560203181Z,22989598
20260428,091518,306177,IMPC,0,2130,200,--,-,--,-,0,1127389,2026-04-28T05:01:14.56020633Z,22989599
20260428,091518,306178,IMPC,0,2130,3300,--,-,--,-,0,1131416,2026-04-28T05:01:14.56020946Z,22989600
20260428,091518,306179,IMPC,0,2130,1500,--,-,--,-,0,1131711,2026-04-28T05:01:14.560213396Z,22989601
20260428,091518,306180,IMPC,0,2130,3300,--,-,--,-,0,1140672,2026-04-28T05:01:14.560216544Z,22989602
20260428,091518,306181,IMPC,0,2130,300,--,-,--,-,0,1141802,2026-04-28T05:01:14.56021976Z,22989603
20260428,091518,306182,IMPC,0,2130,10000,--,-,--,-,0,1151521,2026-04-28T05:01:14.560222964Z,22989604
20260428,091518,306183,IMPC,0,2130,3500,--,-,--,-,0,1152726,2026-04-28T05:01:14.560226209Z,22989605
20260428,091518,306184,IMPC,0,2130,1900,--,-,--,-,0,1154529,2026-04-28T05:01:14.560229328Z,22989606
20260428,091518,306185,IMPC,0,2130,3500,--,-,--,-,0,1161808,2026-04-28T05:01:14.560232474Z,22989607
20260428,091518,306186,IMPC,0,2130,21400,--,-,--,-,0,1163267,2026-04-28T05:01:14.560235599Z,22989608
20260428,091518,306187,IMPC,0,2130,300,--,-,--,-,0,1177056,2026-04-28T05:01:14.560238731Z,22989609
20260428,091518,306223,IMPC,0,2130,6400,--,-,--,-,0,1180240,2026-04-28T05:01:14.56036151Z,22989645
20260428,091524,307426,IMPC,0,2130,500,--,-,--,-,0,1183378,2026-04-28T05:01:14.594844063Z,22990849
20260428,091535,310379,IMPC,0,2130,1500,--,-,--,-,1184531,0,2026-04-28T05:01:14.712079394Z,22993806
20260428,091535,310380,IMPC,0,2130,3700,--,-,--,-,1184851,0,2026-04-28T05:01:14.712084752Z,22993807
20260428,091535,310381,IMPC,0,2130,18000,--,-,--,-,1184914,0,2026-04-28T05:01:14.712090106Z,22993808
20260428,091535,310382,IMPC,0,2130,5000,--,-,--,-,1186612,0,2026-04-28T05:01:14.712095168Z,22993809
20260428,091535,310383,IMPC,0,2130,3100,--,-,--,-,1187932,0,2026-04-28T05:01:14.712099375Z,22993810
20260428,091539,311297,IMPC,0,2130,1000,--,-,--,-,1192372,0,2026-04-28T05:01:14.799215993Z,22994724
20260428,091553,314372,IMPC,0,2130,3600,--,-,--,-,1200372,0,2026-04-28T05:01:14.927078271Z,22997799
20260428,091603,315914,IMPC,0,2130,1700,--,-,--,-,1205873,0,2026-04-28T05:01:14.965636459Z,22999342
20260428,091617,318653,IMPC,0,2130,500,--,-,--,-,1213220,0,2026-04-28T05:01:15.052172107Z,23002082
20260428,091650,325042,IMPC,0,2120,4600,--,-,--,-,1152762,0,2026-04-28T05:01:15.227704926Z,23008482
20260428,091650,325043,IMPC,0,2120,15000,--,-,--,-,1154617,0,2026-04-28T05:01:15.227708013Z,23008483
20260428,091650,325044,IMPC,0,2120,1000,--,-,--,-,1155477,0,2026-04-28T05:01:15.227712157Z,23008484
20260428,091650,325045,IMPC,0,2120,1000,--,-,--,-,1169139,0,2026-04-28T05:01:15.227715203Z,23008485
20260428,091650,325046,IMPC,0,2120,1000,--,-,--,-,1169189,0,2026-04-28T05:01:15.227718215Z,23008486
20260428,091650,325047,IMPC,0,2120,9300,--,-,--,-,1174304,0,2026-04-28T05:01:15.227721248Z,23008487
20260428,091650,325048,IMPC,0,2120,3600,--,-,--,-,1180434,0,2026-04-28T05:01:15.22772451Z,23008488
20260428,091650,325049,IMPC,0,2120,1200,--,-,--,-,1192335,0,2026-04-28T05:01:15.227727423Z,23008489
20260428,091650,325050,IMPC,0,2120,100,--,-,--,-,1200271,0,2026-04-28T05:01:15.22773035Z,23008490
20260428,091650,325051,IMPC,0,2120,100,--,-,--,-,1207663,0,2026-04-28T05:01:15.22773328Z,23008491
20260428,091650,325052,IMPC,0,2120,100,--,-,--,-,1212052,0,2026-04-28T05:01:15.227736168Z,23008492
20260428,091650,325053,IMPC,0,2120,400,--,-,--,-,1214321,0,2026-04-28T05:01:15.227739045Z,23008493
20260428,091650,325054,IMPC,0,2120,9400,--,-,--,-,1226705,0,2026-04-28T05:01:15.227741961Z,23008494
20260428,091700,328775,IMPC,0,2120,500,--,-,--,-,0,1230004,2026-04-28T05:01:15.355078343Z,23012226
20260428,091702,329502,IMPC,0,2120,500,--,-,--,-,0,1230004,2026-04-28T05:01:15.375700331Z,23012953
20260428,091714,331775,IMPC,0,2110,1300,--,-,--,-,211764,0,2026-04-28T05:01:15.443701445Z,23015229
20260428,091714,331776,IMPC,0,2110,100,--,-,--,-,229772,0,2026-04-28T05:01:15.443704943Z,23015230
20260428,091714,331777,IMPC,0,2110,500,--,-,--,-,232502,0,2026-04-28T05:01:15.443708511Z,23015231
20260428,091714,331778,IMPC,0,2110,300,--,-,--,-,293807,0,2026-04-28T05:01:15.443712063Z,23015232
20260428,091714,331822,IMPC,0,2110,1500,--,-,--,-,293807,0,2026-04-28T05:01:15.443893602Z,23015276
20260428,091714,331952,IMPC,0,2110,1400,--,-,--,-,293807,0,2026-04-28T05:01:15.446283551Z,23015406
20260428,091715,331984,IMPC,0,2110,1700,--,-,--,-,293807,0,2026-04-28T05:01:15.448002314Z,23015438
20260428,091920,362173,IMPC,0,2100,500,--,-,--,-,1300071,0,2026-04-28T05:01:15.451889053Z,23015640
20260428,091920,362174,IMPC,0,2100,2800,--,-,--,-,1301080,0,2026-04-28T05:01:15.451896161Z,23015641
20260428,091920,362175,IMPC,0,2100,100,--,-,--,-,1301196,0,2026-04-28T05:01:15.451903338Z,23015642
20260428,091920,362176,IMPC,0,2100,600,--,-,--,-,1303310,0,2026-04-28T05:01:15.451908543Z,23015643
20260428,091920,362226,IMPC,0,2100,1500,--,-,--,-,1303310,0,2026-04-28T05:01:15.45336907Z,23015693
20260428,091920,362227,IMPC,0,2100,500,--,-,--,-,1303440,0,2026-04-28T05:01:15.453376068Z,23015694
20260428,091920,362244,IMPC,0,2100,1100,--,-,--,-,0,1303552,2026-04-28T05:01:15.453454768Z,23015711
20260428,091921,362351,IMPC,0,2100,100,--,-,--,-,0,1303846,2026-04-28T05:01:15.456698116Z,23015818
20260428,091924,362977,IMPC,0,2110,3000,--,-,--,-,0,1258394,2026-04-28T05:01:15.471851667Z,23016444
20260428,091924,362978,IMPC,0,2110,200,--,-,--,-,0,1261084,2026-04-28T05:01:15.471855908Z,23016445
20260428,091924,362979,IMPC,0,2110,100,--,-,--,-,0,1261085,2026-04-28T05:01:15.471860066Z,23016446
20260428,091924,362980,IMPC,0,2110,1500,--,-,--,-,0,1261091,2026-04-28T05:01:15.471864282Z,23016447
20260428,091925,363029,IMPC,0,2100,1000,--,-,--,-,1303898,0,2026-04-28T05:01:15.472097688Z,23016496
20260428,091925,363030,IMPC,0,2100,100,--,-,--,-,1304596,0,2026-04-28T05:01:15.472100363Z,23016497
20260428,091925,363058,IMPC,0,2100,39000,--,-,--,-,0,1305574,2026-04-28T05:01:15.47221661Z,23016525
20260428,091925,363165,IMPC,0,2110,500,--,-,--,-,0,1261091,2026-04-28T05:01:15.479505493Z,23016632
20260428,091941,365945,IMPC,0,2100,100,--,-,--,-,1306597,0,2026-04-28T05:01:15.5413792Z,23019415
20260428,091941,365946,IMPC,0,2100,1300,--,-,--,-,1306732,0,2026-04-28T05:01:15.541381695Z,23019416
20260428,091941,365948,IMPC,0,2100,200,--,-,--,-,1306732,0,2026-04-28T05:01:15.541386658Z,23019418
20260428,091950,367768,IMPC,0,2110,300,--,-,--,-,0,1261099,2026-04-28T05:01:15.688899926Z,23021239
20260428,091950,367769,IMPC,0,2110,6100,--,-,--,-,0,1261104,2026-04-28T05:01:15.688902695Z,23021240
20260428,091950,367770,IMPC,0,2110,3300,--,-,--,-,0,1261618,2026-04-28T05:01:15.688905448Z,23021241
20260428,091950,367771,IMPC,0,2110,3400,--,-,--,-,0,1268588,2026-04-28T05:01:15.68890812Z,23021242
20260428,091950,367772,IMPC,0,2110,200,--,-,--,-,0,1288673,2026-04-28T05:01:15.688910798Z,23021243
20260428,091950,367773,IMPC,0,2110,100,--,-,--,-,0,1293169,2026-04-28T05:01:15.688913481Z,23021244
20260428,091950,367774,IMPC,0,2110,5000,--,-,--,-,0,1293658,2026-04-28T05:01:15.688916183Z,23021245
20260428,091950,367775,IMPC,0,2110,3600,--,-,--,-,0,1296921,2026-04-28T05:01:15.688918865Z,23021246
20260428,091950,367776,IMPC,0,2110,200,--,-,--,-,0,1297081,2026-04-28T05:01:15.68892155Z,23021247
20260428,091950,367777,IMPC,0,2110,2100,--,-,--,-,0,1298542,2026-04-28T05:01:15.688924228Z,23021248
20260428,091950,367778,IMPC,0,2110,400,--,-,--,-,0,1306929,2026-04-28T05:01:15.688926901Z,23021249
20260428,091950,367779,IMPC,0,2110,10000,--,-,--,-,0,1310061,2026-04-28T05:01:15.688929577Z,23021250
20260428,091950,367780,IMPC,0,2110,5000,--,-,--,-,0,1312348,2026-04-28T05:01:15.688932371Z,23021251
20260428,091950,367781,IMPC,0,2110,3300,--,-,--,-,0,1312471,2026-04-28T05:01:15.688935122Z,23021252
20260428,091950,367790,IMPC,0,2110,11600,--,-,--,-,0,1317515,2026-04-28T05:01:15.688960639Z,23021261
20260428,091951,368253,IMPC,0,2100,100,--,-,--,-,1306732,0,2026-04-28T05:01:15.734981574Z,23021724
20260428,091959,369661,IMPC,0,2120,2500,--,-,--,-,0,1240576,2026-04-28T05:01:15.844635246Z,23023135
20260428,092006,371301,IMPC,0,2120,21000,--,-,--,-,0,1240576,2026-04-28T05:01:15.893118573Z,23024779
20260428,092006,371302,IMPC,0,2120,9900,--,-,--,-,0,1248094,2026-04-28T05:01:15.893121254Z,23024780
20260428,092006,371303,IMPC,0,2120,11600,--,-,--,-,0,1250768,2026-04-28T05:01:15.89312398Z,23024781
20260428,092006,371304,IMPC,0,2120,400,--,-,--,-,0,1264030,2026-04-28T05:01:15.893126672Z,23024782
20260428,092006,371305,IMPC,0,2120,500,--,-,--,-,0,1273967,2026-04-28T05:01:15.89312936Z,23024783
20260428,092006,371306,IMPC,0,2120,6400,--,-,--,-,0,1317587,2026-04-28T05:01:15.89313204Z,23024784
20260428,092006,371307,IMPC,0,2120,2100,--,-,--,-,0,1318575,2026-04-28T05:01:15.893134888Z,23024785
20260428,092007,371323,IMPC,0,2120,4300,--,-,--,-,0,1326651,2026-04-28T05:01:15.893184022Z,23024801
20260428,092014,372598,IMPC,0,2120,200,--,-,--,-,0,1330435,2026-04-28T05:01:15.902634104Z,23026080
20260428,092026,374552,IMPC,0,2120,300,--,-,--,-,0,1335957,2026-04-28T05:01:15.956776116Z,23028034
20260428,092039,376621,IMPC,0,2130,5000,--,-,--,-,0,1341902,2026-04-28T05:01:16.002472631Z,23030103
20260428,092056,379471,IMPC,0,2140,3000,--,-,--,-,0,1108508,2026-04-28T05:01:16.076745833Z,23032953
20260428,092058,380034,IMPC,0,2140,2900,--,-,--,-,0,1108508,2026-04-28T05:01:16.097179218Z,23033519
20260428,092111,382220,IMPC,0,2140,4100,--,-,--,-,0,1108508,2026-04-28T05:01:16.148427184Z,23035706
20260428,092111,382221,IMPC,0,2140,1000,--,-,--,-,0,1259000,2026-04-28T05:01:16.148506444Z,23035707
20260428,092111,382222,IMPC,0,2140,3100,--,-,--,-,0,1341861,2026-04-28T05:01:16.148510693Z,23035708
20260428,092111,382223,IMPC,0,2140,2300,--,-,--,-,0,1343621,2026-04-28T05:01:16.148514899Z,23035709
20260428,092111,382224,IMPC,0,2140,200,--,-,--,-,0,1355174,2026-04-28T05:01:16.148519159Z,23035710
20260428,092118,383626,IMPC,0,2140,100,--,-,--,-,1359596,0,2026-04-28T05:01:16.195439051Z,23037116
20260428,092119,383692,IMPC,0,2140,3600,--,-,--,-,1359741,0,2026-04-28T05:01:16.196866634Z,23037182
20260428,092125,384890,IMPC,0,2150,2400,--,-,--,-,0,908720,2026-04-28T05:01:16.236233795Z,23038380
20260428,092134,386437,IMPC,0,2140,400,--,-,--,-,0,1364587,2026-04-28T05:01:16.286179902Z,23039928
20260428,092135,386540,IMPC,0,2140,200,--,-,--,-,0,1364587,2026-04-28T05:01:16.292477931Z,23040031
20260428,092136,386632,IMPC,0,2140,1100,--,-,--,-,0,1364587,2026-04-28T05:01:16.295829801Z,23040123
20260428,092136,386633,IMPC,0,2140,400,--,-,--,-,0,1365499,2026-04-28T05:01:16.295833929Z,23040124
20260428,092139,387272,IMPC,0,2140,28000,--,-,--,-,1368740,0,2026-04-28T05:01:16.314788528Z,23040764
20260428,092141,387451,IMPC,0,2150,100,--,-,--,-,0,908720,2026-04-28T05:01:16.315980727Z,23040943
20260428,092141,387456,IMPC,0,2140,4700,--,-,--,-,1369381,0,2026-04-28T05:01:16.315995348Z,23040948
20260428,092143,387714,IMPC,0,2140,500,--,-,--,-,1370468,0,2026-04-28T05:01:16.327489866Z,23041206
20260428,092146,388221,IMPC,0,2140,100,--,-,--,-,1371823,0,2026-04-28T05:01:16.337814694Z,23041716
20260428,092148,388481,IMPC,0,2140,100,--,-,--,-,1372581,0,2026-04-28T05:01:16.350938637Z,23041976
20260428,092157,390698,IMPC,0,2140,100,--,-,--,-,0,1375547,2026-04-28T05:01:16.416808346Z,23044201
20260428,092157,390699,IMPC,0,2140,100,--,-,--,-,0,1376696,2026-04-28T05:01:16.416811007Z,23044202
20260428,092157,390700,IMPC,0,2140,300,--,-,--,-,0,1376809,2026-04-28T05:01:16.416814071Z,23044203
20260428,092205,391964,IMPC,0,2140,200,--,-,--,-,1380592,0,2026-04-28T05:01:16.508418357Z,23045467
20260428,092243,398237,IMPC,0,2140,2600,--,-,--,-,1386883,0,2026-04-28T05:01:16.608292482Z,23051747
20260428,092243,398238,IMPC,0,2140,600,--,-,--,-,1388298,0,2026-04-28T05:01:16.608299685Z,23051748
20260428,092245,398867,IMPC,0,2130,400,--,-,--,-,1344646,0,2026-04-28T05:01:16.625283684Z,23052380
20260428,092327,405879,IMPC,0,2140,1000,--,-,--,-,1415395,0,2026-04-28T05:01:16.978227156Z,23059398
20260428,092430,416515,IMPC,0,2140,1900,--,-,--,-,1415395,0,2026-04-28T05:01:17.223091506Z,23070048
20260428,092442,418408,IMPC,0,2140,4500,--,-,--,-,1415395,0,2026-04-28T05:01:17.290920189Z,23071944
20260428,092449,419419,IMPC,0,2140,10700,--,-,--,-,1415395,0,2026-04-28T05:01:17.324175601Z,23072960
20260428,092449,419420,IMPC,0,2140,100,--,-,--,-,1417045,0,2026-04-28T05:01:17.324178826Z,23072961
20260428,092449,419421,IMPC,0,2140,3700,--,-,--,-,1417328,0,2026-04-28T05:01:17.324182255Z,23072962
20260428,092449,419422,IMPC,0,2140,2500,--,-,--,-,1421445,0,2026-04-28T05:01:17.324185485Z,23072963
20260428,092449,419423,IMPC,0,2140,2500,--,-,--,-,1424893,0,2026-04-28T05:01:17.32418875Z,23072964
20260428,092449,419424,IMPC,0,2140,31200,--,-,--,-,1441092,0,2026-04-28T05:01:17.324191989Z,23072965
20260428,092449,419437,IMPC,0,2140,8200,--,-,--,-,1441092,0,2026-04-28T05:01:17.324241455Z,23072978
20260428,092449,419438,IMPC,0,2140,200,--,-,--,-,1443842,0,2026-04-28T05:01:17.324244769Z,23072979
20260428,092449,419439,IMPC,0,2140,400,--,-,--,-,1448781,0,2026-04-28T05:01:17.327167242Z,23072980
20260428,092500,421074,IMPC,0,2140,2100,--,-,--,-,1455702,0,2026-04-28T05:01:17.380608332Z,23074615
20260428,092502,421237,IMPC,0,2140,800,--,-,--,-,1456205,0,2026-04-28T05:01:17.383743941Z,23074778
20260428,092522,424883,IMPC,0,2130,1300,--,-,--,-,1344760,0,2026-04-28T05:01:17.49437023Z,23078424
20260428,092522,424884,IMPC,0,2130,3200,--,-,--,-,1365829,0,2026-04-28T05:01:17.494375067Z,23078425
20260428,092522,424885,IMPC,0,2130,500,--,-,--,-,1371944,0,2026-04-28T05:01:17.49437998Z,23078426
20260428,092522,424886,IMPC,0,2130,300,--,-,--,-,1377091,0,2026-04-28T05:01:17.494383699Z,23078427
20260428,092522,424887,IMPC,0,2130,1400,--,-,--,-,1378276,0,2026-04-28T05:01:17.494387219Z,23078428
20260428,092522,424888,IMPC,0,2130,300,--,-,--,-,1383684,0,2026-04-28T05:01:17.494391107Z,23078429
20260428,092527,425677,IMPC,0,2140,1000,--,-,--,-,0,1459161,2026-04-28T05:01:17.516430299Z,23079219
20260428,092531,426205,IMPC,0,2140,9000,--,-,--,-,0,1459161,2026-04-28T05:01:17.531199435Z,23079747
20260428,092531,426206,IMPC,0,2140,4000,--,-,--,-,0,1459291,2026-04-28T05:01:17.531202731Z,23079748
20260428,092531,426207,IMPC,0,2140,1100,--,-,--,-,0,1459307,2026-04-28T05:01:17.531206035Z,23079749
20260428,092543,428206,IMPC,0,2140,300,--,-,--,-,0,1459307,2026-04-28T05:01:17.589749695Z,23081752
20260428,092825,462124,IMPC,0,2120,600,--,-,--,-,1337001,0,2026-04-28T05:01:17.705292476Z,23085712
20260428,092825,462125,IMPC,0,2120,1800,--,-,--,-,1393296,0,2026-04-28T05:01:17.705297379Z,23085713
20260428,092825,462128,IMPC,0,2120,3500,--,-,--,-,1393296,0,2026-04-28T05:01:17.705313569Z,23085716
20260428,092835,463817,IMPC,0,2120,1900,--,-,--,-,1393296,0,2026-04-28T05:01:17.791708209Z,23087409
20260428,092842,465311,IMPC,0,2130,5600,--,-,--,-,0,1507029,2026-04-28T05:01:17.854090761Z,23088904
20260428,092842,465312,IMPC,0,2130,200,--,-,--,-,0,1509468,2026-04-28T05:01:17.854093402Z,23088905
20260428,092842,465313,IMPC,0,2130,100,--,-,--,-,0,1509469,2026-04-28T05:01:17.854096087Z,23088906
20260428,092842,465314,IMPC,0,2130,100,--,-,--,-,0,1509470,2026-04-28T05:01:17.854098841Z,23088907
20260428,092842,465315,IMPC,0,2130,200,--,-,--,-,0,1509476,2026-04-28T05:01:17.854101591Z,23088908
20260428,092842,465316,IMPC,0,2130,400,--,-,--,-,0,1509477,2026-04-28T05:01:17.854104261Z,23088909
20260428,092842,465317,IMPC,0,2130,3200,--,-,--,-,0,1509479,2026-04-28T05:01:17.854106995Z,23088910
20260428,092842,465318,IMPC,0,2130,3000,--,-,--,-,0,1509480,2026-04-28T05:01:17.854109646Z,23088911
20260428,092842,465319,IMPC,0,2130,3300,--,-,--,-,0,1509481,2026-04-28T05:01:17.854112325Z,23088912
20260428,092842,465320,IMPC,0,2130,3800,--,-,--,-,0,1509482,2026-04-28T05:01:17.854114997Z,23088913
20260428,092842,465321,IMPC,0,2130,200,--,-,--,-,0,1515984,2026-04-28T05:01:17.854117646Z,23088914
20260428,092842,465322,IMPC,0,2130,200,--,-,--,-,0,1527292,2026-04-28T05:01:17.854120312Z,23088915
20260428,092842,465323,IMPC,0,2130,3800,--,-,--,-,0,1536618,2026-04-28T05:01:17.854122973Z,23088916
20260428,092842,465353,IMPC,0,2130,7100,--,-,--,-,0,1547634,2026-04-28T05:01:17.857692069Z,23088946
20260428,092957,477155,IMPC,0,2140,100,--,-,--,-,0,1501493,2026-04-28T05:01:18.209174177Z,23100757
20260428,093020,480975,IMPC,0,2140,500,--,-,--,-,0,1501493,2026-04-28T05:01:18.310405444Z,23104577
20260428,093130,490826,IMPC,0,2140,100,--,-,--,-,0,1501493,2026-04-28T05:01:18.72838285Z,23114440
20260428,093142,492761,IMPC,0,2140,27200,--,-,--,-,0,1501493,2026-04-28T05:01:18.769665595Z,23116375
20260428,093142,492762,IMPC,0,2140,1300,--,-,--,-,0,1547679,2026-04-28T05:01:18.769669956Z,23116376
20260428,093142,492763,IMPC,0,2140,2200,--,-,--,-,0,1549157,2026-04-28T05:01:18.769674303Z,23116377
20260428,093142,492764,IMPC,0,2140,200,--,-,--,-,0,1558483,2026-04-28T05:01:18.769678658Z,23116378
20260428,093142,492765,IMPC,0,2140,3700,--,-,--,-,0,1562451,2026-04-28T05:01:18.76968401Z,23116379
20260428,093142,492766,IMPC,0,2140,3500,--,-,--,-,0,1573248,2026-04-28T05:01:18.769689497Z,23116380
20260428,093142,492767,IMPC,0,2140,200,--,-,--,-,0,1573364,2026-04-28T05:01:18.769694967Z,23116381
20260428,093142,492768,IMPC,0,2140,3500,--,-,--,-,0,1585745,2026-04-28T05:01:18.769699504Z,23116382
20260428,093142,492769,IMPC,0,2140,300,--,-,--,-,0,1594056,2026-04-28T05:01:18.76970384Z,23116383
20260428,093142,492770,IMPC,0,2140,3100,--,-,--,-,0,1597890,2026-04-28T05:01:18.769708636Z,23116384
20260428,093142,492771,IMPC,0,2140,3300,--,-,--,-,0,1603872,2026-04-28T05:01:18.769713698Z,23116385
20260428,093142,492772,IMPC,0,2140,2100,--,-,--,-,0,1612035,2026-04-28T05:01:18.769719796Z,23116386
20260428,093142,492773,IMPC,0,2140,20000,--,-,--,-,0,1612983,2026-04-28T05:01:18.769725182Z,23116387
20260428,093153,494589,IMPC,0,2140,3300,--,-,--,-,1617972,0,2026-04-28T05:01:18.84283284Z,23118204
20260428,093214,498073,IMPC,0,2150,500,--,-,--,-,0,919304,2026-04-28T05:01:18.963447513Z,23121691
20260428,093219,498618,IMPC,0,2150,100,--,-,--,-,0,919304,2026-04-28T05:01:18.979767006Z,23122237
20260428,093222,499010,IMPC,0,2150,1500,--,-,--,-,0,919304,2026-04-28T05:01:18.991480256Z,23122630
20260428,093223,499164,IMPC,0,2150,100,--,-,--,-,0,919304,2026-04-28T05:01:18.994380733Z,23122784
20260428,093223,499172,IMPC,0,2150,1000,--,-,--,-,0,919304,2026-04-28T05:01:18.995975092Z,23122792
20260428,093224,499307,IMPC,0,2150,600,--,-,--,-,0,919304,2026-04-28T05:01:18.9983866Z,23122927
20260428,093225,499383,IMPC,0,2150,500,--,-,--,-,0,919304,2026-04-28T05:01:18.999150153Z,23123003
20260428,093225,499389,IMPC,0,2150,2100,--,-,--,-,0,919304,2026-04-28T05:01:18.999166242Z,23123009
20260428,093225,499390,IMPC,0,2150,3800,--,-,--,-,0,1063914,2026-04-28T05:01:18.999168905Z,23123010
20260428,093225,499391,IMPC,0,2150,12900,--,-,--,-,0,1193078,2026-04-28T05:01:18.999172775Z,23123011
20260428,093225,499392,IMPC,0,2150,100,--,-,--,-,0,1288636,2026-04-28T05:01:18.999175436Z,23123012
20260428,093225,499393,IMPC,0,2150,300,--,-,--,-,0,1363210,2026-04-28T05:01:18.999179041Z,23123013
20260428,093225,499394,IMPC,0,2150,7000,--,-,--,-,0,1446063,2026-04-28T05:01:18.999181739Z,23123014
20260428,093225,499395,IMPC,0,2150,3000,--,-,--,-,0,1480093,2026-04-28T05:01:18.999184488Z,23123015
20260428,093225,499396,IMPC,0,2150,10800,--,-,--,-,0,1537473,2026-04-28T05:01:19.000190971Z,23123016
20260428,093225,499397,IMPC,0,2150,2300,--,-,--,-,0,1593390,2026-04-28T05:01:19.000194669Z,23123017
20260428,093225,499398,IMPC,0,2150,5300,--,-,--,-,0,1617173,2026-04-28T05:01:19.000197766Z,23123018
20260428,093225,499399,IMPC,0,2150,2200,--,-,--,-,0,1617197,2026-04-28T05:01:19.000200683Z,23123019
20260428,093225,499400,IMPC,0,2150,3700,--,-,--,-,0,1627092,2026-04-28T05:01:19.000203514Z,23123020
20260428,093225,499401,IMPC,0,2150,200,--,-,--,-,0,1633451,2026-04-28T05:01:19.000206361Z,23123021
20260428,093225,499425,IMPC,0,2150,4200,--,-,--,-,0,1634675,2026-04-28T05:01:19.000282852Z,23123045
20260428,093234,500526,IMPC,0,2150,100,--,-,--,-,1635573,0,2026-04-28T05:01:19.034293498Z,23124146
20260428,093252,502806,IMPC,0,2150,200,--,-,--,-,1635573,0,2026-04-28T05:01:19.093383913Z,23126430
20260428,093327,508350,IMPC,0,2160,500,--,-,--,-,0,1371780,2026-04-28T05:01:19.303723715Z,23131979
20260428,093327,508351,IMPC,0,2160,7000,--,-,--,-,0,1518275,2026-04-28T05:01:19.303727702Z,23131980
20260428,093327,508352,IMPC,0,2160,7500,--,-,--,-,0,1522122,2026-04-28T05:01:19.303731097Z,23131981
20260428,093327,508353,IMPC,0,2160,3200,--,-,--,-,0,1635677,2026-04-28T05:01:19.303734988Z,23131982
20260428,093327,508354,IMPC,0,2160,200,--,-,--,-,0,1648966,2026-04-28T05:01:19.303738318Z,23131983
20260428,093327,508355,IMPC,0,2160,3700,--,-,--,-,0,1648968,2026-04-28T05:01:19.303741724Z,23131984
20260428,093327,508356,IMPC,0,2160,100,--,-,--,-,0,1656862,2026-04-28T05:01:19.30374492Z,23131985
20260428,093327,508357,IMPC,0,2160,2200,--,-,--,-,0,1656883,2026-04-28T05:01:19.303748406Z,23131986
20260428,093328,508363,IMPC,0,2160,4900,--,-,--,-,0,1658810,2026-04-28T05:01:19.30443953Z,23131992
20260428,093357,513101,IMPC,0,2180,100,--,-,--,-,0,767081,2026-04-28T05:01:19.565133597Z,23136730
20260428,093405,514117,IMPC,0,2180,600,--,-,--,-,0,767081,2026-04-28T05:01:19.565184956Z,23137746
20260428,093417,515789,IMPC,0,2180,1000,--,-,--,-,0,767081,2026-04-28T05:01:19.606633734Z,23139419
20260428,093426,517652,IMPC,0,2180,47100,--,-,--,-,0,767081,2026-04-28T05:01:19.659200536Z,23141283
20260428,093426,517653,IMPC,0,2180,20000,--,-,--,-,0,1040050,2026-04-28T05:01:19.65920402Z,23141284
20260428,093426,517654,IMPC,0,2180,1000,--,-,--,-,0,1377563,2026-04-28T05:01:19.65921519Z,23141285
20260428,093426,517655,IMPC,0,2180,10000,--,-,--,-,0,1464033,2026-04-28T05:01:19.659257818Z,23141286
20260428,093426,517656,IMPC,0,2180,2700,--,-,--,-,0,1668099,2026-04-28T05:01:19.659261151Z,23141287
20260428,093426,517657,IMPC,0,2180,3500,--,-,--,-,0,1669895,2026-04-28T05:01:19.659264559Z,23141288
20260428,093426,517658,IMPC,0,2180,100,--,-,--,-,0,1670485,2026-04-28T05:01:19.659268182Z,23141289
20260428,093426,517659,IMPC,0,2180,100,--,-,--,-,0,1670495,2026-04-28T05:01:19.659271544Z,23141290
20260428,093426,517660,IMPC,0,2180,15500,--,-,--,-,0,1675879,2026-04-28T05:01:19.659274829Z,23141291
20260428,093430,518133,IMPC,0,2180,100,--,-,--,-,0,1675879,2026-04-28T05:01:19.678894248Z,23141764
20260428,093440,519553,IMPC,0,2170,900,--,-,--,-,0,1686700,2026-04-28T05:01:19.697919674Z,23143184
20260428,093500,522203,IMPC,0,2170,600,--,-,--,-,1691300,0,2026-04-28T05:01:19.770140559Z,23145834
20260428,093503,522620,IMPC,0,2180,13000,--,-,--,-,0,1675879,2026-04-28T05:01:19.789763275Z,23146251
20260428,093556,530260,IMPC,0,2170,1700,--,-,--,-,1691300,0,2026-04-28T05:01:20.005964547Z,23153896
20260428,093556,530261,IMPC,0,2170,1100,--,-,--,-,1692330,0,2026-04-28T05:01:20.005967391Z,23153897
20260428,094012,567755,IMPC,0,2170,200,--,-,--,-,0,1790234,2026-04-28T05:01:20.215056154Z,23161435
20260428,094012,567756,IMPC,0,2170,1300,--,-,--,-,0,1790241,2026-04-28T05:01:20.215058934Z,23161436
20260428,094018,568477,IMPC,0,2170,100,--,-,--,-,0,1790241,2026-04-28T05:01:20.234922694Z,23162157
20260428,094024,569289,IMPC,0,2170,300,--,-,--,-,0,1790241,2026-04-28T05:01:20.25386891Z,23162969
20260428,094037,571607,IMPC,0,2170,1800,--,-,--,-,0,1790241,2026-04-28T05:01:20.31461637Z,23165291
20260428,094037,571608,IMPC,0,2170,1200,--,-,--,-,0,1790248,2026-04-28T05:01:20.314620517Z,23165292
20260428,094037,571612,IMPC,0,2170,3600,--,-,--,-,0,1790248,2026-04-28T05:01:20.314637694Z,23165296
20260428,094037,571613,IMPC,0,2170,2300,--,-,--,-,0,1790493,2026-04-28T05:01:20.314641904Z,23165297
20260428,094037,571614,IMPC,0,2170,500,--,-,--,-,0,1790819,2026-04-28T05:01:20.314646048Z,23165298
20260428,094037,571615,IMPC,0,2170,3800,--,-,--,-,0,1792498,2026-04-28T05:01:20.314650172Z,23165299
20260428,094037,571616,IMPC,0,2170,1000,--,-,--,-,0,1792574,2026-04-28T05:01:20.314654296Z,23165300
20260428,094037,571617,IMPC,0,2170,3300,--,-,--,-,0,1798745,2026-04-28T05:01:20.314658392Z,23165301
20260428,094037,571618,IMPC,0,2170,2000,--,-,--,-,0,1806493,2026-04-28T05:01:20.315038601Z,23165302
20260428,094037,571619,IMPC,0,2170,4000,--,-,--,-,0,1810308,2026-04-28T05:01:20.315044055Z,23165303
20260428,094037,571620,IMPC,0,2170,3600,--,-,--,-,0,1813919,2026-04-28T05:01:20.315048326Z,23165304
20260428,094037,571621,IMPC,0,2170,200,--,-,--,-,0,1823805,2026-04-28T05:01:20.315052497Z,23165305
20260428,094037,571622,IMPC,0,2170,3700,--,-,--,-,0,1828761,2026-04-28T05:01:20.315056687Z,23165306
20260428,094037,571633,IMPC,0,2170,4800,--,-,--,-,0,1829472,2026-04-28T05:01:20.315102315Z,23165317
20260428,094058,575029,IMPC,0,2170,5000,--,-,--,-,1833148,0,2026-04-28T05:01:20.448873046Z,23168713
20260428,094115,577227,IMPC,0,2180,1000,--,-,--,-,0,1675879,2026-04-28T05:01:20.535260333Z,23170912
20260428,094135,580418,IMPC,0,2180,10000,--,-,--,-,0,1675879,2026-04-28T05:01:20.623384583Z,23174108
20260428,094143,581604,IMPC,0,2180,900,--,-,--,-,0,1675879,2026-04-28T05:01:20.669498684Z,23175295
20260428,094144,581657,IMPC,0,2180,500,--,-,--,-,0,1675879,2026-04-28T05:01:20.683453687Z,23175348
20260428,094148,582256,IMPC,0,2180,14800,--,-,--,-,0,1675879,2026-04-28T05:01:20.704481888Z,23175947
20260428,094148,582257,IMPC,0,2180,2700,--,-,--,-,0,1682370,2026-04-28T05:01:20.704486737Z,23175948
20260428,094148,582258,IMPC,0,2180,100,--,-,--,-,0,1689251,2026-04-28T05:01:20.704491486Z,23175949
20260428,094148,582259,IMPC,0,2180,18800,--,-,--,-,0,1706385,2026-04-28T05:01:20.704495752Z,23175950
20260428,094148,582260,IMPC,0,2180,400,--,-,--,-,0,1708992,2026-04-28T05:01:20.704499407Z,23175951
20260428,094148,582261,IMPC,0,2180,13500,--,-,--,-,0,1715374,2026-04-28T05:01:20.704502985Z,23175952
20260428,094148,582262,IMPC,0,2180,1700,--,-,--,-,0,1715696,2026-04-28T05:01:20.704506551Z,23175953
20260428,094148,582263,IMPC,0,2180,9100,--,-,--,-,0,1737060,2026-04-28T05:01:20.704510083Z,23175954
20260428,094148,582264,IMPC,0,2180,3000,--,-,--,-,0,1746039,2026-04-28T05:01:20.704513617Z,23175955
20260428,094148,582265,IMPC,0,2180,1000,--,-,--,-,0,1760504,2026-04-28T05:01:20.704518684Z,23175956
20260428,094148,582266,IMPC,0,2180,2000,--,-,--,-,0,1770293,2026-04-28T05:01:20.704523142Z,23175957
20260428,094148,582267,IMPC,0,2180,4200,--,-,--,-,0,1792689,2026-04-28T05:01:20.704528346Z,23175958
20260428,094148,582268,IMPC,0,2180,3000,--,-,--,-,0,1797300,2026-04-28T05:01:20.704533048Z,23175959
20260428,094148,582269,IMPC,0,2180,1000,--,-,--,-,0,1821934,2026-04-28T05:01:20.70453769Z,23175960
20260428,094148,582270,IMPC,0,2180,3400,--,-,--,-,0,1833214,2026-04-28T05:01:20.704542828Z,23175961
20260428,094148,582271,IMPC,0,2180,4200,--,-,--,-,0,1844056,2026-04-28T05:01:20.704547037Z,23175962
20260428,094148,582272,IMPC,0,2180,3800,--,-,--,-,0,1848223,2026-04-28T05:01:20.704552038Z,23175963
20260428,094148,582273,IMPC,0,2180,200,--,-,--,-,0,1851496,2026-04-28T05:01:20.704556397Z,23175964
20260428,094148,582296,IMPC,0,2180,3300,--,-,--,-,0,1855827,2026-04-28T05:01:20.70581391Z,23175987
20260428,094153,582867,IMPC,0,2180,500,--,-,--,-,0,1857754,2026-04-28T05:01:20.715462384Z,23176558
20260428,094158,584077,IMPC,0,2180,28000,--,-,--,-,0,1859773,2026-04-28T05:01:20.758314074Z,23177768
20260428,094212,587361,IMPC,0,2190,300,--,-,--,-,0,769944,2026-04-28T05:01:20.873258599Z,23181057
20260428,094214,587606,IMPC,0,2180,1000,--,-,--,-,1865237,0,2026-04-28T05:01:20.875332824Z,23181306
20260428,094220,588385,IMPC,0,2180,1000,--,-,--,-,1865237,0,2026-04-28T05:01:20.893269596Z,23182085
20260428,094220,588386,IMPC,0,2180,3800,--,-,--,-,1865352,0,2026-04-28T05:01:20.893272566Z,23182086
20260428,094226,589094,IMPC,0,2180,10000,--,-,--,-,1869342,0,2026-04-28T05:01:20.913290402Z,23182794
20260428,094227,589282,IMPC,0,2180,300,--,-,--,-,1871087,0,2026-04-28T05:01:20.913942129Z,23182982
20260428,094229,589515,IMPC,0,2180,200,--,-,--,-,1872121,0,2026-04-28T05:01:20.915856958Z,23183215
20260428,094242,590887,IMPC,0,2180,50000,--,-,--,-,1875998,0,2026-04-28T05:01:20.952023086Z,23184587
20260428,094301,592653,IMPC,0,2180,100,--,-,--,-,0,1877347,2026-04-28T05:01:20.99632494Z,23186353
20260428,094301,592654,IMPC,0,2180,100,--,-,--,-,0,1878199,2026-04-28T05:01:20.996327692Z,23186354
20260428,094301,592655,IMPC,0,2180,100,--,-,--,-,0,1878272,2026-04-28T05:01:20.99633052Z,23186355
20260428,094332,596107,IMPC,0,2170,100,--,-,--,-,1833160,0,2026-04-28T05:01:21.25195298Z,23189810
20260428,094512,606806,IMPC,0,2190,200,--,-,--,-,0,769944,2026-04-28T05:01:21.526753391Z,23200518
20260428,094512,606807,IMPC,0,2190,100,--,-,--,-,0,795336,2026-04-28T05:01:21.526756217Z,23200519
20260428,094512,606808,IMPC,0,2190,1000,--,-,--,-,0,1002952,2026-04-28T05:01:21.526758952Z,23200520
20260428,094512,606809,IMPC,0,2190,10000,--,-,--,-,0,1025753,2026-04-28T05:01:21.526761706Z,23200521
20260428,094512,606810,IMPC,0,2190,12600,--,-,--,-,0,1244545,2026-04-28T05:01:21.526764615Z,23200522
20260428,094524,609210,IMPC,0,2180,1000,--,-,--,-,1904690,0,2026-04-28T05:01:21.579307624Z,23202925
20260428,094529,609615,IMPC,0,2190,500,--,-,--,-,0,1244545,2026-04-28T05:01:21.596668057Z,23203330
20260428,094545,613768,IMPC,0,2180,400,--,-,--,-,1904690,0,2026-04-28T05:01:21.72025603Z,23207484
20260428,094545,613769,IMPC,0,2180,1000,--,-,--,-,1907077,0,2026-04-28T05:01:21.720258911Z,23207485
20260428,094545,613770,IMPC,0,2180,300,--,-,--,-,1910207,0,2026-04-28T05:01:21.720261595Z,23207486
20260428,094545,613771,IMPC,0,2180,500,--,-,--,-,1911536,0,2026-04-28T05:01:21.720264352Z,23207487
20260428,094545,613772,IMPC,0,2180,300,--,-,--,-,1916398,0,2026-04-28T05:01:21.720266852Z,23207488
20260428,094545,613773,IMPC,0,2180,4500,--,-,--,-,1917449,0,2026-04-28T05:01:21.720269447Z,23207489
20260428,094545,613774,IMPC,0,2180,400,--,-,--,-,1919133,0,2026-04-28T05:01:21.720272049Z,23207490
20260428,094545,613775,IMPC,0,2180,2900,--,-,--,-,1920130,0,2026-04-28T05:01:21.720274576Z,23207491
20260428,094545,613776,IMPC,0,2180,3800,--,-,--,-,1923318,0,2026-04-28T05:01:21.720277102Z,23207492
20260428,094545,613777,IMPC,0,2180,1000,--,-,--,-,1930531,0,2026-04-28T05:01:21.720279601Z,23207493
20260428,094549,614767,IMPC,0,2180,1000,--,-,--,-,0,1936383,2026-04-28T05:01:21.750489063Z,23208483
20260428,094602,616451,IMPC,0,2180,300,--,-,--,-,0,1936383,2026-04-28T05:01:21.796483922Z,23210168
20260428,094624,619046,IMPC,0,2180,4600,--,-,--,-,0,1936383,2026-04-28T05:01:21.859451951Z,23212763
20260428,094625,619234,IMPC,0,2180,200,--,-,--,-,0,1936383,2026-04-28T05:01:21.890558664Z,23212951
20260428,094633,620396,IMPC,0,2180,2300,--,-,--,-,0,1936383,2026-04-28T05:01:21.924239119Z,23214117
20260428,094644,621283,IMPC,0,2170,1400,--,-,--,-,1833160,0,2026-04-28T05:01:21.930229582Z,23215004
20260428,094644,621284,IMPC,0,2170,1000,--,-,--,-,1842367,0,2026-04-28T05:01:21.930232381Z,23215005
20260428,094644,621285,IMPC,0,2170,1100,--,-,--,-,1846164,0,2026-04-28T05:01:21.930235076Z,23215006
20260428,094644,621289,IMPC,0,2170,2200,--,-,--,-,1846164,0,2026-04-28T05:01:21.930246124Z,23215010
20260428,094644,621290,IMPC,0,2170,100,--,-,--,-,1850543,0,2026-04-28T05:01:21.930248805Z,23215011
20260428,094656,623138,IMPC,0,2170,9900,--,-,--,-,1850543,0,2026-04-28T05:01:21.973882125Z,23216859
20260428,094656,623139,IMPC,0,2170,200,--,-,--,-,1854288,0,2026-04-28T05:01:21.973884891Z,23216860
20260428,094656,623140,IMPC,0,2170,1600,--,-,--,-,1866728,0,2026-04-28T05:01:21.973887716Z,23216861
20260428,094656,623143,IMPC,0,2170,20100,--,-,--,-,1866728,0,2026-04-28T05:01:21.97389681Z,23216864
20260428,094656,623144,IMPC,0,2170,21600,--,-,--,-,1876504,0,2026-04-28T05:01:21.973899612Z,23216865
20260428,094656,623145,IMPC,0,2170,1000,--,-,--,-,1881028,0,2026-04-28T05:01:21.973902485Z,23216866
20260428,094656,623146,IMPC,0,2170,500,--,-,--,-,1889603,0,2026-04-28T05:01:21.973905236Z,23216867
20260428,094656,623147,IMPC,0,2170,1400,--,-,--,-,1894202,0,2026-04-28T05:01:21.973907912Z,23216868
20260428,094656,623148,IMPC,0,2170,900,--,-,--,-,1899274,0,2026-04-28T05:01:21.973910625Z,23216869
20260428,094656,623149,IMPC,0,2170,18900,--,-,--,-,1899986,0,2026-04-28T05:01:21.973913314Z,23216870
20260428,094656,623150,IMPC,0,2170,100,--,-,--,-,1901670,0,2026-04-28T05:01:21.973915989Z,23216871
20260428,094656,623151,IMPC,0,2170,1000,--,-,--,-,1902510,0,2026-04-28T05:01:21.973918684Z,23216872
20260428,094656,623152,IMPC,0,2170,59300,--,-,--,-,1918937,0,2026-04-28T05:01:21.973921414Z,23216873
20260428,094656,623153,IMPC,0,2170,6800,--,-,--,-,1918937,0,2026-04-28T05:01:21.973924179Z,23216874
20260428,094656,623162,IMPC,0,2170,1500,--,-,--,-,1918937,0,2026-04-28T05:01:21.973948539Z,23216883
20260428,094656,623163,IMPC,0,2170,100,--,-,--,-,1946456,0,2026-04-28T05:01:21.973951297Z,23216884
20260428,094702,624314,IMPC,0,2170,300,--,-,--,-,0,1958460,2026-04-28T05:01:22.054877882Z,23218035
20260428,094713,626274,IMPC,0,2160,4000,--,-,--,-,1659463,0,2026-04-28T05:01:22.199546201Z,23219996
20260428,094713,626275,IMPC,0,2160,100,--,-,--,-,1663984,0,2026-04-28T05:01:22.199548896Z,23219997
20260428,094720,627018,IMPC,0,2160,900,--,-,--,-,1663984,0,2026-04-28T05:01:22.250304616Z,23220744
20260428,094720,627019,IMPC,0,2160,1200,--,-,--,-,1681806,0,2026-04-28T05:01:22.250307805Z,23220745
20260428,094720,627020,IMPC,0,2160,100,--,-,--,-,1688026,0,2026-04-28T05:01:22.250311037Z,23220746
20260428,094720,627021,IMPC,0,2160,100,--,-,--,-,1690385,0,2026-04-28T05:01:22.250314183Z,23220747
20260428,094743,630876,IMPC,0,2170,500,--,-,--,-,0,1958851,2026-04-28T05:01:22.343649843Z,23224613
20260428,094744,630895,IMPC,0,2160,100,--,-,--,-,1690385,0,2026-04-28T05:01:22.343935398Z,23224632
20260428,094744,630896,IMPC,0,2160,3800,--,-,--,-,1709764,0,2026-04-28T05:01:22.34393949Z,23224633
20260428,094747,631219,IMPC,0,2170,100,--,-,--,-,0,1958851,2026-04-28T05:01:22.363969775Z,23224956
20260428,094808,635367,IMPC,0,2160,4100,--,-,--,-,1709764,0,2026-04-28T05:01:22.451673771Z,23229117
20260428,094846,640052,IMPC,0,2160,3200,--,-,--,-,1709764,0,2026-04-28T05:01:22.584093613Z,23233808
20260428,095259,672795,IMPC,0,2160,200,--,-,--,-,1709764,0,2026-04-28T05:01:22.662988876Z,23236581
20260428,095259,672798,IMPC,0,2160,4300,--,-,--,-,1709764,0,2026-04-28T05:01:22.662999462Z,23236584
20260428,095306,673599,IMPC,0,2170,500,--,-,--,-,0,1970845,2026-04-28T05:01:22.68767069Z,23237386
20260428,095306,673600,IMPC,0,2170,200,--,-,--,-,0,1980715,2026-04-28T05:01:22.687673325Z,23237387
20260428,095306,673601,IMPC,0,2170,200,--,-,--,-,0,1989403,2026-04-28T05:01:22.687675948Z,23237388
20260428,095306,673602,IMPC,0,2170,900,--,-,--,-,0,1993597,2026-04-28T05:01:22.687678429Z,23237389
20260428,095306,673603,IMPC,0,2170,2900,--,-,--,-,0,1995751,2026-04-28T05:01:22.687680958Z,23237390
20260428,095308,673838,IMPC,0,2160,50000,--,-,--,-,1709764,0,2026-04-28T05:01:22.695509102Z,23237625
20260428,095323,676049,IMPC,0,2160,600,--,-,--,-,1709764,0,2026-04-28T05:01:22.753142362Z,23239837
20260428,095323,676054,IMPC,0,2160,3100,--,-,--,-,1709764,0,2026-04-28T05:01:22.753481522Z,23239842
20260428,095331,677750,IMPC,0,2160,900,--,-,--,-,1709764,0,2026-04-28T05:01:22.859868936Z,23241542
20260428,095346,679571,IMPC,0,2170,400,--,-,--,-,0,1995751,2026-04-28T05:01:22.937667609Z,23243366
20260428,095346,679608,IMPC,0,2160,2800,--,-,--,-,1709764,0,2026-04-28T05:01:22.9514774Z,23243403
20260428,095346,679609,IMPC,0,2160,1000,--,-,--,-,1709764,0,2026-04-28T05:01:22.951480397Z,23243404
20260428,095412,682581,IMPC,0,2160,2800,--,-,--,-,1709764,0,2026-04-28T05:01:23.058384598Z,23246383
20260428,095412,682582,IMPC,0,2160,900,--,-,--,-,1709764,0,2026-04-28T05:01:23.058387741Z,23246384
20260428,095427,684292,IMPC,0,2160,7800,--,-,--,-,1709764,0,2026-04-28T05:01:23.079281692Z,23248097
20260428,095428,684308,IMPC,0,2160,900,--,-,--,-,1709764,0,2026-04-28T05:01:23.079351839Z,23248113
20260428,095438,685358,IMPC,0,2160,2300,--,-,--,-,1709764,0,2026-04-28T05:01:23.113863965Z,23249163
20260428,095438,685362,IMPC,0,2160,1200,--,-,--,-,1709764,0,2026-04-28T05:01:23.113876488Z,23249167
20260428,095445,686320,IMPC,0,2160,9300,--,-,--,-,1709764,0,2026-04-28T05:01:23.134458082Z,23250127
20260428,095445,686321,IMPC,0,2160,100,--,-,--,-,1722750,0,2026-04-28T05:01:23.134461643Z,23250128
20260428,095445,686322,IMPC,0,2160,1900,--,-,--,-,1727122,0,2026-04-28T05:01:23.134465208Z,23250129
20260428,095447,686600,IMPC,0,2160,900,--,-,--,-,1727122,0,2026-04-28T05:01:23.154749088Z,23250407
20260428,095450,686829,IMPC,0,2160,2200,--,-,--,-,1727122,0,2026-04-28T05:01:23.15993186Z,23250636
20260428,095450,686830,IMPC,0,2160,200,--,-,--,-,1743375,0,2026-04-28T05:01:23.15993457Z,23250637
20260428,095450,686831,IMPC,0,2160,100,--,-,--,-,1832164,0,2026-04-28T05:01:23.159937111Z,23250638
20260428,095450,686832,IMPC,0,2160,1000,--,-,--,-,1904093,0,2026-04-28T05:01:23.159939659Z,23250639
20260428,095450,686833,IMPC,0,2160,2500,--,-,--,-,1956742,0,2026-04-28T05:01:23.15994221Z,23250640
20260428,095454,687246,IMPC,0,2160,300,--,-,--,-,1956742,0,2026-04-28T05:01:23.171083214Z,23251053
20260428,095505,692934,IMPC,0,2160,1100,--,-,--,-,1956742,0,2026-04-28T05:01:23.314415905Z,23256742
20260428,095505,692935,IMPC,0,2160,100,--,-,--,-,1996087,0,2026-04-28T05:01:23.314420829Z,23256743
20260428,095505,692936,IMPC,0,2160,100,--,-,--,-,2025320,0,2026-04-28T05:01:23.314424912Z,23256744
20260428,095505,692937,IMPC,0,2160,300,--,-,--,-,2051696,0,2026-04-28T05:01:23.314428553Z,23256745
20260428,095505,692938,IMPC,0,2160,500,--,-,--,-,2058322,0,2026-04-28T05:01:23.314432101Z,23256746
20260428,095505,692939,IMPC,0,2160,100,--,-,--,-,2095372,0,2026-04-28T05:01:23.314435833Z,23256747
20260428,095505,692941,IMPC,0,2160,2000,--,-,--,-,2095372,0,2026-04-28T05:01:23.314442885Z,23256749
20260428,095538,696905,IMPC,0,2160,1800,--,-,--,-,2095372,0,2026-04-28T05:01:23.48773062Z,23260714
20260428,095538,696906,IMPC,0,2160,3200,--,-,--,-,2099270,0,2026-04-28T05:01:23.48773377Z,23260715
20260428,095538,696919,IMPC,0,2160,1300,--,-,--,-,2099270,0,2026-04-28T05:01:23.487819168Z,23260728
20260428,095538,696920,IMPC,0,2160,1900,--,-,--,-,2099270,0,2026-04-28T05:01:23.487822463Z,23260729
20260428,095606,700062,IMPC,0,2160,1200,--,-,--,-,2099270,0,2026-04-28T05:01:23.632297372Z,23263871
20260428,095617,701052,IMPC,0,2160,1100,--,-,--,-,2099270,0,2026-04-28T05:01:23.706817988Z,23264861
20260428,095617,701056,IMPC,0,2160,300,--,-,--,-,2099270,0,2026-04-28T05:01:23.706830721Z,23264865
20260428,095617,701057,IMPC,0,2160,100,--,-,--,-,2102138,0,2026-04-28T05:01:23.706833846Z,23264866
20260428,095617,701058,IMPC,0,2160,100,--,-,--,-,2102185,0,2026-04-28T05:01:23.706837046Z,23264867
20260428,095617,701059,IMPC,0,2160,2000,--,-,--,-,2108558,0,2026-04-28T05:01:23.706840185Z,23264868
20260428,095619,701465,IMPC,0,2160,2000,--,-,--,-,2108558,0,2026-04-28T05:01:23.739225093Z,23265274
20260428,095621,701645,IMPC,0,2170,4700,--,-,--,-,0,1995751,2026-04-28T05:01:23.742195152Z,23265454
20260428,095655,704627,IMPC,0,2170,300,--,-,--,-,0,1995751,2026-04-28T05:01:23.798498216Z,23268438
20260428,095655,704628,IMPC,0,2170,2200,--,-,--,-,0,1996141,2026-04-28T05:01:23.798500695Z,23268439
20260428,095655,704629,IMPC,0,2170,300,--,-,--,-,0,2019997,2026-04-28T05:01:23.798503225Z,23268440
20260428,095655,704630,IMPC,0,2170,2100,--,-,--,-,0,2028107,2026-04-28T05:01:23.798505754Z,23268441
20260428,095655,704631,IMPC,0,2170,200,--,-,--,-,0,2031373,2026-04-28T05:01:23.798508228Z,23268442
20260428,095655,704632,IMPC,0,2170,1700,--,-,--,-,0,2035119,2026-04-28T05:01:23.798510703Z,23268443
20260428,095655,704633,IMPC,0,2170,200,--,-,--,-,0,2051624,2026-04-28T05:01:23.798513199Z,23268444
20260428,095655,704634,IMPC,0,2170,200,--,-,--,-,0,2065369,2026-04-28T05:01:23.798515699Z,23268445
20260428,095655,704635,IMPC,0,2170,600,--,-,--,-,0,2076894,2026-04-28T05:01:23.798518182Z,23268446
20260428,095655,704636,IMPC,0,2170,3200,--,-,--,-,0,2082563,2026-04-28T05:01:23.798520707Z,23268447
20260428,095655,704637,IMPC,0,2170,200,--,-,--,-,0,2085246,2026-04-28T05:01:23.798524452Z,23268448
20260428,095655,704638,IMPC,0,2170,59900,--,-,--,-,0,2086257,2026-04-28T05:01:23.798526996Z,23268449
20260428,095655,704639,IMPC,0,2170,3700,--,-,--,-,0,2089278,2026-04-28T05:01:23.798529529Z,23268450
20260428,095655,704640,IMPC,0,2170,900,--,-,--,-,0,2092277,2026-04-28T05:01:23.798532085Z,23268451
20260428,095655,704641,IMPC,0,2170,3200,--,-,--,-,0,2096430,2026-04-28T05:01:23.798534649Z,23268452
20260428,095655,704642,IMPC,0,2170,200,--,-,--,-,0,2105036,2026-04-28T05:01:23.798537191Z,23268453
20260428,095655,704643,IMPC,0,2170,3700,--,-,--,-,0,2105120,2026-04-28T05:01:23.798539753Z,23268454
20260428,095655,704644,IMPC,0,2170,3100,--,-,--,-,0,2113806,2026-04-28T05:01:23.798542246Z,23268455
20260428,095655,704645,IMPC,0,2170,3100,--,-,--,-,0,2122642,2026-04-28T05:01:23.798544745Z,23268456
20260428,095656,704648,IMPC,0,2170,5500,--,-,--,-,2127250,0,2026-04-28T05:01:23.798552231Z,23268459
20260428,095845,714818,IMPC,0,2180,500,--,-,--,-,0,1936383,2026-04-28T05:01:24.067661256Z,23278638
20260428,095846,714879,IMPC,0,2180,100,--,-,--,-,0,1936383,2026-04-28T05:01:24.069429718Z,23278699
20260428,095851,715464,IMPC,0,2180,15900,--,-,--,-,0,1936383,2026-04-28T05:01:24.086216525Z,23279284
20260428,095851,715465,IMPC,0,2180,800,--,-,--,-,0,1942006,2026-04-28T05:01:24.086224027Z,23279285
20260428,095851,715466,IMPC,0,2180,1800,--,-,--,-,0,1965385,2026-04-28T05:01:24.086231414Z,23279286
20260428,095851,715467,IMPC,0,2180,2700,--,-,--,-,0,1980690,2026-04-28T05:01:24.086239064Z,23279287
20260428,095851,715468,IMPC,0,2180,2500,--,-,--,-,0,2034622,2026-04-28T05:01:24.086246748Z,23279288
20260428,095851,715469,IMPC,0,2180,1500,--,-,--,-,0,2043063,2026-04-28T05:01:24.086254829Z,23279289
20260428,095851,715470,IMPC,0,2180,6200,--,-,--,-,0,2045634,2026-04-28T05:01:24.086262433Z,23279290
20260428,095851,715471,IMPC,0,2180,100,--,-,--,-,0,2047399,2026-04-28T05:01:24.086270492Z,23279291
20260428,095851,715472,IMPC,0,2180,4700,--,-,--,-,0,2084101,2026-04-28T05:01:24.08627809Z,23279292
20260428,095851,715473,IMPC,0,2180,2100,--,-,--,-,0,2127615,2026-04-28T05:01:24.08628579Z,23279293
20260428,095851,715474,IMPC,0,2180,1700,--,-,--,-,0,2127672,2026-04-28T05:01:24.08629343Z,23279294
20260428,095854,715692,IMPC,0,2180,900,--,-,--,-,0,2127672,2026-04-28T05:01:24.09842633Z,23279512
20260428,095904,716631,IMPC,0,2180,100,--,-,--,-,0,2127672,2026-04-28T05:01:24.121083246Z,23280451
20260428,095912,717324,IMPC,0,2180,100,--,-,--,-,0,2127672,2026-04-28T05:01:24.139232589Z,23281144
20260428,095928,718555,IMPC,0,2180,900,--,-,--,-,0,2127672,2026-04-28T05:01:24.176112778Z,23282375
20260428,095928,718556,IMPC,0,2180,2300,--,-,--,-,0,2131662,2026-04-28T05:01:24.17611552Z,23282376
20260428,095928,718557,IMPC,0,2180,300,--,-,--,-,0,2135253,2026-04-28T05:01:24.176118324Z,23282377
20260428,095928,718558,IMPC,0,2180,3900,--,-,--,-,0,2137705,2026-04-28T05:01:24.176121125Z,23282378
20260428,095928,718559,IMPC,0,2180,3600,--,-,--,-,0,2140246,2026-04-28T05:01:24.176123925Z,23282379
20260428,095928,718560,IMPC,0,2180,200,--,-,--,-,0,2144089,2026-04-28T05:01:24.176126598Z,23282380
20260428,095928,718561,IMPC,0,2180,3400,--,-,--,-,0,2152256,2026-04-28T05:01:24.17612938Z,23282381
20260428,095928,718562,IMPC,0,2180,700,--,-,--,-,0,2157959,2026-04-28T05:01:24.17613225Z,23282382
20260428,095928,718563,IMPC,0,2180,2200,--,-,--,-,0,2158265,2026-04-28T05:01:24.176134932Z,23282383
20260428,095928,718564,IMPC,0,2180,3000,--,-,--,-,0,2158981,2026-04-28T05:01:24.176137645Z,23282384
20260428,095928,718565,IMPC,0,2180,3100,--,-,--,-,0,2160238,2026-04-28T05:01:24.176140314Z,23282385
20260428,095928,718576,IMPC,0,2180,3700,--,-,--,-,2162381,0,2026-04-28T05:01:24.176179241Z,23282396
20260428,095948,720136,IMPC,0,2180,2700,--,-,--,-,2162381,0,2026-04-28T05:01:24.215736986Z,23283956
20260428,095948,720137,IMPC,0,2180,2300,--,-,--,-,2162473,0,2026-04-28T05:01:24.215740143Z,23283957
20260428,100003,721363,IMPC,0,2190,100,--,-,--,-,0,1244545,2026-04-28T05:01:24.251964983Z,23285183
20260428,100004,721499,IMPC,0,2180,300,--,-,--,-,2162473,0,2026-04-28T05:01:24.253545321Z,23285319
20260428,100034,724033,IMPC,0,2180,500,--,-,--,-,2162473,0,2026-04-28T05:01:24.32222237Z,23287856
20260428,100100,726322,IMPC,0,2180,800,--,-,--,-,2162473,0,2026-04-28T05:01:24.411559616Z,23290145
20260428,100100,726323,IMPC,0,2180,200,--,-,--,-,2162833,0,2026-04-28T05:01:24.411563462Z,23290146
20260428,100110,727158,IMPC,0,2180,1000,--,-,--,-,2162833,0,2026-04-28T05:01:24.444473071Z,23290981
20260428,100111,727297,IMPC,0,2180,3000,--,-,--,-,2162833,0,2026-04-28T05:01:24.447754532Z,23291120
20260428,100111,727298,IMPC,0,2180,2000,--,-,--,-,2168445,0,2026-04-28T05:01:24.447758975Z,23291121
20260428,100125,728605,IMPC,0,2180,1000,--,-,--,-,2168445,0,2026-04-28T05:01:24.497686911Z,23292431
20260428,100135,729392,IMPC,0,2180,34200,--,-,--,-,2168445,0,2026-04-28T05:01:24.521953338Z,23293218
20260428,100135,729396,IMPC,0,2180,10900,--,-,--,-,2168445,0,2026-04-28T05:01:24.521965298Z,23293222
20260428,100135,729397,IMPC,0,2180,7800,--,-,--,-,2184534,0,2026-04-28T05:01:24.52196892Z,23293223
20260428,100158,731287,IMPC,0,2180,1000,--,-,--,-,2198167,0,2026-04-28T05:01:24.586032755Z,23295114
20260428,100207,731880,IMPC,0,2180,1000,--,-,--,-,0,2200299,2026-04-28T05:01:24.603980987Z,23295707
20260428,100216,732639,IMPC,0,2180,1000,--,-,--,-,2200513,0,2026-04-28T05:01:24.62586332Z,23296466
20260428,100241,735129,IMPC,0,2180,600,--,-,--,-,2201334,0,2026-04-28T05:01:24.702079464Z,23298959
20260428,100241,735130,IMPC,0,2180,100,--,-,--,-,2207536,0,2026-04-28T05:01:24.702082123Z,23298960
20260428,100241,735139,IMPC,0,2180,1800,--,-,--,-,0,2208781,2026-04-28T05:01:24.705893271Z,23298969
20260428,100243,735242,IMPC,0,2180,2500,--,-,--,-,0,2209282,2026-04-28T05:01:24.720143528Z,23299072
20260428,100259,736562,IMPC,0,2180,2000,--,-,--,-,0,2213214,2026-04-28T05:01:24.741598689Z,23300393
20260428,100301,736849,IMPC,0,2180,200,--,-,--,-,0,2213956,2026-04-28T05:01:24.756993056Z,23300680
20260428,100334,740669,IMPC,0,2170,3400,--,-,--,-,2150041,0,2026-04-28T05:01:24.969733826Z,23304500
20260428,100334,740670,IMPC,0,2170,400,--,-,--,-,2150041,0,2026-04-28T05:01:24.969736475Z,23304501
20260428,100405,743821,IMPC,0,2170,2500,--,-,--,-,2150041,0,2026-04-28T05:01:25.086964817Z,23307653
20260428,100405,743823,IMPC,0,2170,1900,--,-,--,-,2150041,0,2026-04-28T05:01:25.086970213Z,23307655
20260428,100451,747550,IMPC,0,2170,200,--,-,--,-,2150041,0,2026-04-28T05:01:25.165074386Z,23311384
20260428,100501,748464,IMPC,0,2170,4500,--,-,--,-,2150041,0,2026-04-28T05:01:25.200225999Z,23312301
20260428,100522,750258,IMPC,0,2170,1700,--,-,--,-,2150041,0,2026-04-28T05:01:25.25540452Z,23314095
20260428,100522,750276,IMPC,0,2170,300,--,-,--,-,2150041,0,2026-04-28T05:01:25.255449498Z,23314113
20260428,100533,751219,IMPC,0,2170,2100,--,-,--,-,2150041,0,2026-04-28T05:01:25.29378576Z,23315056
20260428,100609,754484,IMPC,0,2170,600,--,-,--,-,2150041,0,2026-04-28T05:01:25.366234139Z,23318321
20260428,100609,754499,IMPC,0,2170,1500,--,-,--,-,2150041,0,2026-04-28T05:01:25.367465526Z,23318336
20260428,100619,755248,IMPC,0,2170,1000,--,-,--,-,2150041,0,2026-04-28T05:01:25.385995744Z,23319085
20260428,100619,755250,IMPC,0,2170,1900,--,-,--,-,2150041,0,2026-04-28T05:01:25.386002906Z,23319087
20260428,101144,788843,IMPC,0,2160,2000,--,-,--,-,2161689,0,2026-04-28T05:01:25.488137377Z,23322711
20260428,101144,788845,IMPC,0,2160,1100,--,-,--,-,2161689,0,2026-04-28T05:01:25.488142569Z,23322713
20260428,101206,791277,IMPC,0,2160,2300,--,-,--,-,2161689,0,2026-04-28T05:01:25.560696267Z,23325146
20260428,101228,793141,IMPC,0,2160,300,--,-,--,-,2161689,0,2026-04-28T05:01:25.709091147Z,23327010
20260428,101228,793152,IMPC,0,2160,3400,--,-,--,-,2161689,0,2026-04-28T05:01:25.709124475Z,23327021
20260428,101303,796564,IMPC,0,2160,200,--,-,--,-,2161689,0,2026-04-28T05:01:25.837282782Z,23330434
20260428,101303,796569,IMPC,0,2160,3400,--,-,--,-,2161689,0,2026-04-28T05:01:25.83738725Z,23330439
20260428,101307,796918,IMPC,0,2160,500,--,-,--,-,2161689,0,2026-04-28T05:01:25.852885184Z,23330788
20260428,101426,805674,IMPC,0,2160,2300,--,-,--,-,2161689,0,2026-04-28T05:01:26.101165534Z,23339556
20260428,101426,805677,IMPC,0,2160,1500,--,-,--,-,2161689,0,2026-04-28T05:01:26.101173101Z,23339559
20260428,101508,810938,IMPC,0,2160,2300,--,-,--,-,2161689,0,2026-04-28T05:01:26.222241654Z,23344821
20260428,101509,810972,IMPC,0,2160,1100,--,-,--,-,2161689,0,2026-04-28T05:01:26.222987946Z,23344855
20260428,101509,810975,IMPC,0,2160,2400,--,-,--,-,2161689,0,2026-04-28T05:01:26.223029738Z,23344858
20260428,101513,811475,IMPC,0,2170,100,--,-,--,-,0,2286612,2026-04-28T05:01:26.236536004Z,23345358
20260428,101526,812894,IMPC,0,2160,17500,--,-,--,-,2161689,0,2026-04-28T05:01:26.271968055Z,23346777
20260428,101526,812895,IMPC,0,2160,900,--,-,--,-,2189441,0,2026-04-28T05:01:26.271972513Z,23346778
20260428,101526,812896,IMPC,0,2160,100,--,-,--,-,2208404,0,2026-04-28T05:01:26.271977931Z,23346779
20260428,101526,812897,IMPC,0,2160,300,--,-,--,-,2220845,0,2026-04-28T05:01:26.271982793Z,23346780
20260428,101526,812898,IMPC,0,2160,30400,--,-,--,-,2286846,0,2026-04-28T05:01:26.271987795Z,23346781
20260428,101547,814999,IMPC,0,2160,1800,--,-,--,-,2286846,0,2026-04-28T05:01:26.358440278Z,23348883
20260428,101602,816734,IMPC,0,2160,3300,--,-,--,-,2286846,0,2026-04-28T05:01:26.421560949Z,23350618
20260428,101624,819187,IMPC,0,2160,200,--,-,--,-,2286846,0,2026-04-28T05:01:26.524349566Z,23353071
20260428,101624,819188,IMPC,0,2160,3700,--,-,--,-,2286952,0,2026-04-28T05:01:26.524353957Z,23353072
20260428,101624,819189,IMPC,0,2160,2000,--,-,--,-,2296362,0,2026-04-28T05:01:26.524358132Z,23353073
20260428,101624,819190,IMPC,0,2160,400,--,-,--,-,2313305,0,2026-04-28T05:01:26.524362792Z,23353074
20260428,101624,819191,IMPC,0,2160,200,--,-,--,-,2340488,0,2026-04-28T05:01:26.524551411Z,23353075
20260428,101626,819412,IMPC,0,2160,300,--,-,--,-,2340488,0,2026-04-28T05:01:26.527226042Z,23353296
20260428,101626,819413,IMPC,0,2160,900,--,-,--,-,2359919,0,2026-04-28T05:01:26.527231661Z,23353297
20260428,101626,819414,IMPC,0,2160,500,--,-,--,-,2379670,0,2026-04-28T05:01:26.527236944Z,23353298
20260428,101626,819415,IMPC,0,2160,1000,--,-,--,-,2388917,0,2026-04-28T05:01:26.527243451Z,23353299
20260428,101631,819954,IMPC,0,2160,4000,--,-,--,-,2388917,0,2026-04-28T05:01:26.54511992Z,23353838
20260428,101656,824563,IMPC,0,2150,3200,--,-,--,-,1637798,0,2026-04-28T05:01:26.693285294Z,23358447
20260428,101656,824564,IMPC,0,2150,1200,--,-,--,-,1637798,0,2026-04-28T05:01:26.693287994Z,23358448
20260428,101656,824565,IMPC,0,2150,3100,--,-,--,-,1637798,0,2026-04-28T05:01:26.693290772Z,23358449
20260428,101724,828370,IMPC,0,2150,100,--,-,--,-,1637798,0,2026-04-28T05:01:26.851363392Z,23362254
20260428,101733,829352,IMPC,0,2150,1000,--,-,--,-,1637798,0,2026-04-28T05:01:26.905199781Z,23363236
20260428,101749,831221,IMPC,0,2150,900,--,-,--,-,1637798,0,2026-04-28T05:01:26.984422187Z,23365108
20260428,101749,831222,IMPC,0,2150,1000,--,-,--,-,1639837,0,2026-04-28T05:01:26.984425709Z,23365109
20260428,101749,831223,IMPC,0,2150,1200,--,-,--,-,1646751,0,2026-04-28T05:01:26.984429201Z,23365110
20260428,101749,831224,IMPC,0,2150,100,--,-,--,-,1654994,0,2026-04-28T05:01:26.984432905Z,23365111
20260428,101816,834102,IMPC,0,2150,1900,--,-,--,-,1654994,0,2026-04-28T05:01:27.055547307Z,23367993
20260428,101817,834123,IMPC,0,2150,2400,--,-,--,-,1654994,0,2026-04-28T05:01:27.055629511Z,23368014
20260428,101817,834124,IMPC,0,2150,500,--,-,--,-,1656244,0,2026-04-28T05:01:27.055632817Z,23368015
20260428,101817,834125,IMPC,0,2150,200,--,-,--,-,1690514,0,2026-04-28T05:01:27.05563612Z,23368016
20260428,101848,838214,IMPC,0,2150,300,--,-,--,-,1698270,0,2026-04-28T05:01:27.152901252Z,23372107
20260428,101848,838215,IMPC,0,2150,100,--,-,--,-,1699374,0,2026-04-28T05:01:27.152903912Z,23372108
20260428,101848,838216,IMPC,0,2150,2000,--,-,--,-,1701734,0,2026-04-28T05:01:27.152906571Z,23372109
20260428,101913,841595,IMPC,0,2150,2600,--,-,--,-,1701734,0,2026-04-28T05:01:27.428916431Z,23375507
20260428,101913,841596,IMPC,0,2150,500,--,-,--,-,1706838,0,2026-04-28T05:01:27.428919938Z,23375508
20260428,102053,851986,IMPC,0,2150,2300,--,-,--,-,1707885,0,2026-04-28T05:01:27.648625376Z,23385911
20260428,102106,854324,IMPC,0,2150,500,--,-,--,-,1707885,0,2026-04-28T05:01:27.723753055Z,23388253
20260428,102106,854325,IMPC,0,2150,3900,--,-,--,-,1724925,0,2026-04-28T05:01:27.723756196Z,23388254
20260428,102131,857848,IMPC,0,2150,1100,--,-,--,-,1724925,0,2026-04-28T05:01:27.831149457Z,23391778
20260428,102131,857849,IMPC,0,2150,100,--,-,--,-,1725503,0,2026-04-28T05:01:27.831154374Z,23391779
20260428,102131,857850,IMPC,0,2150,400,--,-,--,-,1738078,0,2026-04-28T05:01:27.831159118Z,23391780
20260428,102144,859573,IMPC,0,2160,3000,--,-,--,-,0,2406073,2026-04-28T05:01:27.877517544Z,23393503
20260428,102144,859574,IMPC,0,2160,13000,--,-,--,-,0,2406098,2026-04-28T05:01:27.87752022Z,23393504
20260428,102144,859575,IMPC,0,2160,3500,--,-,--,-,0,2408662,2026-04-28T05:01:27.877522869Z,23393505
20260428,102144,859576,IMPC,0,2160,3100,--,-,--,-,0,2408663,2026-04-28T05:01:27.877525518Z,23393506
20260428,102144,859577,IMPC,0,2160,300,--,-,--,-,0,2408664,2026-04-28T05:01:27.877528188Z,23393507
20260428,102144,859578,IMPC,0,2160,200,--,-,--,-,0,2408670,2026-04-28T05:01:27.877530839Z,23393508
20260428,102144,859579,IMPC,0,2160,200,--,-,--,-,0,2408671,2026-04-28T05:01:27.877533607Z,23393509
20260428,102144,859580,IMPC,0,2160,300,--,-,--,-,0,2408672,2026-04-28T05:01:27.877536309Z,23393510
20260428,102144,859581,IMPC,0,2160,100,--,-,--,-,0,2408673,2026-04-28T05:01:27.87753901Z,23393511
20260428,102144,859582,IMPC,0,2160,200,--,-,--,-,0,2408674,2026-04-28T05:01:27.877541691Z,23393512
20260428,102144,859583,IMPC,0,2160,200,--,-,--,-,0,2408675,2026-04-28T05:01:27.877544352Z,23393513
20260428,102144,859584,IMPC,0,2160,200,--,-,--,-,0,2408676,2026-04-28T05:01:27.877547013Z,23393514
20260428,102144,859585,IMPC,0,2160,200,--,-,--,-,0,2408677,2026-04-28T05:01:27.877549686Z,23393515
20260428,102144,859586,IMPC,0,2160,200,--,-,--,-,0,2408678,2026-04-28T05:01:27.877552351Z,23393516
20260428,102144,859587,IMPC,0,2160,200,--,-,--,-,0,2408679,2026-04-28T05:01:27.877555042Z,23393517
20260428,102144,859588,IMPC,0,2160,200,--,-,--,-,0,2408680,2026-04-28T05:01:27.877557699Z,23393518
20260428,102144,859589,IMPC,0,2160,4800,--,-,--,-,0,2408682,2026-04-28T05:01:27.877560371Z,23393519
20260428,102144,859590,IMPC,0,2160,1700,--,-,--,-,0,2408684,2026-04-28T05:01:27.87756304Z,23393520
20260428,102144,859591,IMPC,0,2160,3700,--,-,--,-,0,2414962,2026-04-28T05:01:27.877565692Z,23393521
20260428,102144,859592,IMPC,0,2160,700,--,-,--,-,0,2424106,2026-04-28T05:01:27.877568374Z,23393522
20260428,102144,859593,IMPC,0,2160,17000,--,-,--,-,0,2425894,2026-04-28T05:01:27.880389149Z,23393523
20260428,102144,859594,IMPC,0,2160,200,--,-,--,-,0,2427048,2026-04-28T05:01:27.880393588Z,23393524
20260428,102144,859595,IMPC,0,2160,200,--,-,--,-,0,2430287,2026-04-28T05:01:27.88039726Z,23393525
20260428,102144,859596,IMPC,0,2160,3200,--,-,--,-,0,2432775,2026-04-28T05:01:27.880400874Z,23393526
20260428,102144,859597,IMPC,0,2160,600,--,-,--,-,0,2452840,2026-04-28T05:01:27.880404534Z,23393527
20260428,102144,859598,IMPC,0,2160,500,--,-,--,-,0,2461750,2026-04-28T05:01:27.880408135Z,23393528
20260428,102144,859599,IMPC,0,2160,300,--,-,--,-,0,2470202,2026-04-28T05:01:27.880411693Z,23393529
20260428,102144,859600,IMPC,0,2160,600,--,-,--,-,0,2476308,2026-04-28T05:01:27.880415314Z,23393530
20260428,102144,859651,IMPC,0,2160,5600,--,-,--,-,2476986,0,2026-04-28T05:01:27.881376831Z,23393581
20260428,102144,859666,IMPC,0,2160,300,--,-,--,-,0,2476997,2026-04-28T05:01:27.881444393Z,23393596
20260428,102203,862276,IMPC,0,2170,21000,--,-,--,-,0,2286612,2026-04-28T05:01:28.040470594Z,23396215
20260428,102203,862277,IMPC,0,2170,3800,--,-,--,-,0,2287066,2026-04-28T05:01:28.040473796Z,23396216
20260428,102203,862278,IMPC,0,2170,25000,--,-,--,-,0,2308285,2026-04-28T05:01:28.040476937Z,23396217
20260428,102203,862279,IMPC,0,2170,3800,--,-,--,-,0,2309614,2026-04-28T05:01:28.040480085Z,23396218
20260428,102203,862280,IMPC,0,2170,79400,--,-,--,-,0,2310247,2026-04-28T05:01:28.040483259Z,23396219
20260428,102203,862281,IMPC,0,2170,700,--,-,--,-,0,2377417,2026-04-28T05:01:28.040486364Z,23396220
20260428,102203,862282,IMPC,0,2170,10800,--,-,--,-,0,2396794,2026-04-28T05:01:28.040489494Z,23396221
20260428,102203,862283,IMPC,0,2170,13500,--,-,--,-,0,2403567,2026-04-28T05:01:28.040492628Z,23396222
20260428,102203,862284,IMPC,0,2170,11700,--,-,--,-,0,2414015,2026-04-28T05:01:28.040495885Z,23396223
20260428,102203,862285,IMPC,0,2170,9100,--,-,--,-,0,2421065,2026-04-28T05:01:28.040499112Z,23396224
20260428,102203,862286,IMPC,0,2170,7600,--,-,--,-,0,2424666,2026-04-28T05:01:28.04050236Z,23396225
20260428,102203,862287,IMPC,0,2170,3700,--,-,--,-,0,2477047,2026-04-28T05:01:28.04050558Z,23396226
20260428,102303,871615,IMPC,0,2180,500,--,-,--,-,0,2291540,2026-04-28T05:01:28.364926703Z,23405568
20260428,102303,871616,IMPC,0,2180,200,--,-,--,-,0,2293378,2026-04-28T05:01:28.364929806Z,23405569
20260428,102305,871780,IMPC,0,2180,1000,--,-,--,-,0,2293378,2026-04-28T05:01:28.365884217Z,23405733
20260428,102351,875300,IMPC,0,2170,1000,--,-,--,-,2482168,0,2026-04-28T05:01:28.462941769Z,23409254
20260428,102432,878045,IMPC,0,2170,2700,--,-,--,-,2482168,0,2026-04-28T05:01:28.545222306Z,23412001
20260428,102432,878046,IMPC,0,2170,3700,--,-,--,-,2482373,0,2026-04-28T05:01:28.545226148Z,23412002
20260428,102432,878047,IMPC,0,2170,3600,--,-,--,-,2484714,0,2026-04-28T05:01:28.545229971Z,23412003
20260428,102436,878322,IMPC,0,2170,4200,--,-,--,-,2484714,0,2026-04-28T05:01:28.552360782Z,23412281
20260428,102437,878528,IMPC,0,2170,2300,--,-,--,-,2484714,0,2026-04-28T05:01:28.554993654Z,23412487
20260428,103315,921700,IMPC,0,2160,1100,--,-,--,-,2484833,0,2026-04-28T05:01:29.104445226Z,23425750
20260428,103315,921701,IMPC,0,2160,200,--,-,--,-,2529145,0,2026-04-28T05:01:29.104447984Z,23425751
20260428,103315,921702,IMPC,0,2160,300,--,-,--,-,2529145,0,2026-04-28T05:01:29.10445083Z,23425752
20260428,103315,921703,IMPC,0,2160,900,--,-,--,-,2536091,0,2026-04-28T05:01:29.104453501Z,23425753
20260428,103315,921704,IMPC,0,2160,500,--,-,--,-,2567803,0,2026-04-28T05:01:29.104456199Z,23425754
20260428,103315,921705,IMPC,0,2160,100,--,-,--,-,2574242,0,2026-04-28T05:01:29.104458863Z,23425755
20260428,103315,921706,IMPC,0,2160,600,--,-,--,-,2589118,0,2026-04-28T05:01:29.104461536Z,23425756
20260428,103330,922610,IMPC,0,2160,400,--,-,--,-,2589118,0,2026-04-28T05:01:29.144489074Z,23426661
20260428,103427,926680,IMPC,0,2160,3700,--,-,--,-,2621935,0,2026-04-28T05:01:29.261229005Z,23430735
20260428,103428,926754,IMPC,0,2160,600,--,-,--,-,2621935,0,2026-04-28T05:01:29.261602714Z,23430809
20260428,103432,926993,IMPC,0,2160,2000,--,-,--,-,2621935,0,2026-04-28T05:01:29.276716744Z,23431048
20260428,103443,927678,IMPC,0,2160,300,--,-,--,-,2621935,0,2026-04-28T05:01:29.296130359Z,23431733
20260428,103509,929497,IMPC,0,2160,3100,--,-,--,-,2621935,0,2026-04-28T05:01:29.383422943Z,23433560
20260428,103537,931535,IMPC,0,2160,500,--,-,--,-,2621935,0,2026-04-28T05:01:29.419249167Z,23435599
20260428,103548,932221,IMPC,0,2170,400,--,-,--,-,0,2586121,2026-04-28T05:01:29.439191858Z,23436289
20260428,103558,932696,IMPC,0,2160,3600,--,-,--,-,2621935,0,2026-04-28T05:01:29.451796867Z,23436764
20260428,103643,935544,IMPC,0,2160,3500,--,-,--,-,2621935,0,2026-04-28T05:01:29.524657402Z,23439615
20260428,103730,938707,IMPC,0,2160,3200,--,-,--,-,2621935,0,2026-04-28T05:01:29.60104167Z,23442781
20260428,103754,940463,IMPC,0,2160,1000,--,-,--,-,2621935,0,2026-04-28T05:01:29.639267653Z,23444537
20260428,103801,940914,IMPC,0,2160,2200,--,-,--,-,2621935,0,2026-04-28T05:01:29.650483485Z,23444988
20260428,103812,941494,IMPC,0,2160,3100,--,-,--,-,2621935,0,2026-04-28T05:01:29.661263699Z,23445569
20260428,103852,944034,IMPC,0,2160,3700,--,-,--,-,2621935,0,2026-04-28T05:01:29.880295369Z,23448114
20260428,104028,951165,IMPC,0,2170,1100,--,-,--,-,0,2586121,2026-04-28T05:01:30.054091971Z,23455252
20260428,104028,951166,IMPC,0,2170,100,--,-,--,-,0,2586501,2026-04-28T05:01:30.054094453Z,23455253
20260428,104028,951167,IMPC,0,2170,200,--,-,--,-,0,2588232,2026-04-28T05:01:30.054104492Z,23455254
20260428,104028,951168,IMPC,0,2170,200,--,-,--,-,0,2588234,2026-04-28T05:01:30.054108381Z,23455255
20260428,104028,951169,IMPC,0,2170,200,--,-,--,-,0,2588235,2026-04-28T05:01:30.054111687Z,23455256
20260428,104028,951170,IMPC,0,2170,600,--,-,--,-,0,2588241,2026-04-28T05:01:30.054114959Z,23455257
20260428,104028,951180,IMPC,0,2160,200,--,-,--,-,2621935,0,2026-04-28T05:01:30.05414823Z,23455267
20260428,104028,951181,IMPC,0,2160,3500,--,-,--,-,2621935,0,2026-04-28T05:01:30.054151488Z,23455268
20260428,104108,955057,IMPC,0,2170,500,--,-,--,-,0,2588242,2026-04-28T05:01:30.223448239Z,23459152
20260428,104108,955058,IMPC,0,2170,600,--,-,--,-,0,2588243,2026-04-28T05:01:30.223451171Z,23459153
20260428,104108,955059,IMPC,0,2170,600,--,-,--,-,0,2588244,2026-04-28T05:01:30.223454095Z,23459154
20260428,104108,955060,IMPC,0,2170,300,--,-,--,-,0,2588246,2026-04-28T05:01:30.223457115Z,23459155
20260428,104108,955061,IMPC,0,2170,900,--,-,--,-,0,2588250,2026-04-28T05:01:30.223460031Z,23459156
20260428,104108,955062,IMPC,0,2170,200,--,-,--,-,0,2593420,2026-04-28T05:01:30.223463136Z,23459157
20260428,104108,955063,IMPC,0,2170,600,--,-,--,-,0,2597003,2026-04-28T05:01:30.223466212Z,23459158
20260428,104108,955064,IMPC,0,2170,200,--,-,--,-,0,2601857,2026-04-28T05:01:30.223469208Z,23459159
20260428,104108,955065,IMPC,0,2170,3200,--,-,--,-,0,2601858,2026-04-28T05:01:30.223472246Z,23459160
20260428,104108,955066,IMPC,0,2170,200,--,-,--,-,0,2604034,2026-04-28T05:01:30.223475225Z,23459161
20260428,104108,955067,IMPC,0,2170,1600,--,-,--,-,0,2606723,2026-04-28T05:01:30.223478305Z,23459162
20260428,104108,955068,IMPC,0,2170,3100,--,-,--,-,0,2612616,2026-04-28T05:01:30.223481379Z,23459163
20260428,104108,955069,IMPC,0,2170,600,--,-,--,-,0,2620511,2026-04-28T05:01:30.223484406Z,23459164
20260428,104108,955070,IMPC,0,2170,3400,--,-,--,-,0,2622939,2026-04-28T05:01:30.223487399Z,23459165
20260428,104108,955071,IMPC,0,2170,2100,--,-,--,-,0,2624390,2026-04-28T05:01:30.223490354Z,23459166
20260428,104108,955072,IMPC,0,2170,300,--,-,--,-,0,2644844,2026-04-28T05:01:30.223493347Z,23459167
20260428,104108,955073,IMPC,0,2170,500,--,-,--,-,0,2645322,2026-04-28T05:01:30.223496236Z,23459168
20260428,104108,955074,IMPC,0,2170,500,--,-,--,-,0,2665540,2026-04-28T05:01:30.223499146Z,23459169
20260428,104108,955075,IMPC,0,2170,200,--,-,--,-,0,2668782,2026-04-28T05:01:30.223502049Z,23459170
20260428,104108,955076,IMPC,0,2170,600,--,-,--,-,0,2683655,2026-04-28T05:01:30.223504925Z,23459171
20260428,104108,955077,IMPC,0,2170,3100,--,-,--,-,0,2689958,2026-04-28T05:01:30.2235078Z,23459172
20260428,104108,955078,IMPC,0,2170,3700,--,-,--,-,0,2695481,2026-04-28T05:01:30.223510693Z,23459173
20260428,104108,955079,IMPC,0,2170,300,--,-,--,-,0,2698603,2026-04-28T05:01:30.223513591Z,23459174
20260428,104108,955080,IMPC,0,2170,600,--,-,--,-,0,2702555,2026-04-28T05:01:30.223516469Z,23459175
20260428,104108,955081,IMPC,0,2170,2100,--,-,--,-,0,2704239,2026-04-28T05:01:30.223520689Z,23459176
20260428,104144,958193,IMPC,0,2170,1100,--,-,--,-,0,2704239,2026-04-28T05:01:30.318574115Z,23462288
20260428,104144,958194,IMPC,0,2170,600,--,-,--,-,0,2705790,2026-04-28T05:01:30.318576353Z,23462289
20260428,104144,958195,IMPC,0,2170,800,--,-,--,-,0,2705792,2026-04-28T05:01:30.318578616Z,23462290
20260428,104201,959430,IMPC,0,2170,600,--,-,--,-,0,2705792,2026-04-28T05:01:30.365767698Z,23463525
20260428,104203,959564,IMPC,0,2170,100,--,-,--,-,0,2705792,2026-04-28T05:01:30.371911831Z,23463659
20260428,104338,966173,IMPC,0,2170,2600,--,-,--,-,0,2705792,2026-04-28T05:01:30.550277384Z,23470272
20260428,104338,966174,IMPC,0,2170,2100,--,-,--,-,0,2706225,2026-04-28T05:01:30.550280515Z,23470273
20260428,104338,966175,IMPC,0,2170,3600,--,-,--,-,0,2712424,2026-04-28T05:01:30.550283645Z,23470274
20260428,104338,966176,IMPC,0,2170,500,--,-,--,-,0,2721961,2026-04-28T05:01:30.550286834Z,23470275
20260428,104338,966177,IMPC,0,2170,100,--,-,--,-,0,2721962,2026-04-28T05:01:30.550290014Z,23470276
20260428,104338,966197,IMPC,0,2170,100,--,-,--,-,0,2722025,2026-04-28T05:01:30.550975847Z,23470296
20260428,104356,967198,IMPC,0,2170,100,--,-,--,-,0,2722025,2026-04-28T05:01:30.578873866Z,23471297
20260428,104507,971970,IMPC,0,2160,7300,--,-,--,-,2621935,0,2026-04-28T05:01:30.697750318Z,23476077
20260428,104507,971972,IMPC,0,2160,900,--,-,--,-,2621935,0,2026-04-28T05:01:30.697758483Z,23476079
20260428,104515,972503,IMPC,0,2160,11700,--,-,--,-,2621935,0,2026-04-28T05:01:30.711989934Z,23476610
20260428,104536,973929,IMPC,0,2160,8700,--,-,--,-,2627680,0,2026-04-28T05:01:30.804898864Z,23478037
20260428,104537,974007,IMPC,0,2160,1300,--,-,--,-,2627680,0,2026-04-28T05:01:30.813388218Z,23478115
20260428,104537,974008,IMPC,0,2160,600,--,-,--,-,2645786,0,2026-04-28T05:01:30.813391851Z,23478116
20260428,104538,974105,IMPC,0,2160,400,--,-,--,-,2645786,0,2026-04-28T05:01:30.814684906Z,23478213
20260428,104538,974106,IMPC,0,2160,3600,--,-,--,-,2653811,0,2026-04-28T05:01:30.814687645Z,23478214
20260428,104538,974107,IMPC,0,2160,3800,--,-,--,-,2653917,0,2026-04-28T05:01:30.814690292Z,23478215
20260428,104538,974108,IMPC,0,2160,200,--,-,--,-,2660907,0,2026-04-28T05:01:30.814705596Z,23478216
20260428,104538,974109,IMPC,0,2160,500,--,-,--,-,2663389,0,2026-04-28T05:01:30.814709244Z,23478217
20260428,104538,974110,IMPC,0,2160,300,--,-,--,-,2681422,0,2026-04-28T05:01:30.815533527Z,23478218
20260428,104538,974111,IMPC,0,2160,100,--,-,--,-,2717843,0,2026-04-28T05:01:30.815538029Z,23478219
20260428,104538,974112,IMPC,0,2160,100,--,-,--,-,2748994,0,2026-04-28T05:01:30.815541798Z,23478220
20260428,104538,974113,IMPC,0,2160,100,--,-,--,-,2749010,0,2026-04-28T05:01:30.815545609Z,23478221
20260428,104638,977678,IMPC,0,2160,100,--,-,--,-,0,2754561,2026-04-28T05:01:30.962074512Z,23481791
20260428,104640,977840,IMPC,0,2160,500,--,-,--,-,0,2754561,2026-04-28T05:01:30.962591918Z,23481953
20260428,104822,984242,IMPC,0,2150,200,--,-,--,-,2050830,0,2026-04-28T05:01:31.127173837Z,23488359
20260428,104822,984243,IMPC,0,2150,3100,--,-,--,-,2050830,0,2026-04-28T05:01:31.127176527Z,23488360
20260428,104901,986378,IMPC,0,2160,1000,--,-,--,-,0,2754584,2026-04-28T05:01:31.188083136Z,23490496
20260428,104908,986708,IMPC,0,2150,2100,--,-,--,-,2050830,0,2026-04-28T05:01:31.201248128Z,23490826
20260428,104928,987788,IMPC,0,2150,3100,--,-,--,-,2050830,0,2026-04-28T05:01:31.273496092Z,23491906
20260428,104928,987789,IMPC,0,2150,100,--,-,--,-,2050830,0,2026-04-28T05:01:31.273499392Z,23491907
20260428,104929,987848,IMPC,0,2160,13100,--,-,--,-,0,2754584,2026-04-28T05:01:31.273710616Z,23491966
20260428,104929,987849,IMPC,0,2160,1500,--,-,--,-,0,2754927,2026-04-28T05:01:31.273713904Z,23491967
20260428,105034,991025,IMPC,0,2150,1400,--,-,--,-,2050830,0,2026-04-28T05:01:31.419534962Z,23495143
20260428,105034,991026,IMPC,0,2150,2000,--,-,--,-,2125613,0,2026-04-28T05:01:31.419537456Z,23495144
20260428,105110,993715,IMPC,0,2160,500,--,-,--,-,0,2754927,2026-04-28T05:01:31.587223599Z,23497833
20260428,105110,993716,IMPC,0,2160,200,--,-,--,-,0,2756897,2026-04-28T05:01:31.58722689Z,23497834
20260428,105110,993717,IMPC,0,2160,1600,--,-,--,-,0,2756920,2026-04-28T05:01:31.587230097Z,23497835
20260428,105110,993718,IMPC,0,2160,200,--,-,--,-,0,2765008,2026-04-28T05:01:31.587234492Z,23497836
20260428,105110,993719,IMPC,0,2160,2500,--,-,--,-,0,2765010,2026-04-28T05:01:31.587238126Z,23497837
20260428,105111,993793,IMPC,0,2160,900,--,-,--,-,0,2765010,2026-04-28T05:01:31.587623597Z,23497911
20260428,105111,993794,IMPC,0,2160,3400,--,-,--,-,0,2777731,2026-04-28T05:01:31.58762683Z,23497912
20260428,105111,993795,IMPC,0,2160,900,--,-,--,-,0,2778175,2026-04-28T05:01:31.587630366Z,23497913
20260428,105111,993796,IMPC,0,2160,3300,--,-,--,-,0,2789417,2026-04-28T05:01:31.587633744Z,23497914
20260428,105111,993797,IMPC,0,2160,600,--,-,--,-,0,2793849,2026-04-28T05:01:31.587636881Z,23497915
20260428,105111,993798,IMPC,0,2160,3700,--,-,--,-,0,2799559,2026-04-28T05:01:31.587643791Z,23497917
20260428,105111,993799,IMPC,0,2160,6600,--,-,--,-,0,2800845,2026-04-28T05:01:31.587647084Z,23497918
20260428,105111,993800,IMPC,0,2160,1900,--,-,--,-,0,2807807,2026-04-28T05:01:31.587650847Z,23497919
20260428,105205,998169,IMPC,0,2170,3200,--,-,--,-,0,2738088,2026-04-28T05:01:31.721989098Z,23502289
20260428,105205,998170,IMPC,0,2170,23500,--,-,--,-,0,2740618,2026-04-28T05:01:31.721993207Z,23502290
20260428,105205,998171,IMPC,0,2170,10800,--,-,--,-,0,2746825,2026-04-28T05:01:31.721997321Z,23502291
20260428,105205,998172,IMPC,0,2170,14400,--,-,--,-,0,2748342,2026-04-28T05:01:31.722879274Z,23502292
20260428,105205,998173,IMPC,0,2170,9100,--,-,--,-,0,2753394,2026-04-28T05:01:31.72288382Z,23502293
20260428,105205,998174,IMPC,0,2170,2100,--,-,--,-,0,2754521,2026-04-28T05:01:31.72288755Z,23502294
20260428,105205,998175,IMPC,0,2170,7600,--,-,--,-,0,2754845,2026-04-28T05:01:31.722891046Z,23502295
20260428,105205,998176,IMPC,0,2170,4700,--,-,--,-,0,2807836,2026-04-28T05:01:31.722894776Z,23502296
20260428,105205,998177,IMPC,0,2170,6600,--,-,--,-,0,2811104,2026-04-28T05:01:31.722898079Z,23502297
20260428,105205,998178,IMPC,0,2170,2200,--,-,--,-,0,2815916,2026-04-28T05:01:31.722901367Z,23502298
20260428,105205,998180,IMPC,0,2170,3800,--,-,--,-,0,2817831,2026-04-28T05:01:31.722907867Z,23502300
20260428,105621,1028403,IMPC,0,2190,1300,--,-,--,-,0,1244545,2026-04-28T05:01:31.736546437Z,23502542
20260428,105621,1028404,IMPC,0,2190,6500,--,-,--,-,0,1524839,2026-04-28T05:01:31.736549734Z,23502543
20260428,105654,1031902,IMPC,0,2190,3300,--,-,--,-,0,1703064,2026-04-28T05:01:31.862521445Z,23506044
20260428,105729,1036629,IMPC,0,2180,10000,--,-,--,-,2844908,0,2026-04-28T05:01:31.947688202Z,23510775
20260428,105755,1039865,IMPC,0,2180,100,--,-,--,-,2844908,0,2026-04-28T05:01:32.029711663Z,23514018
20260428,105800,1040338,IMPC,0,2190,2800,--,-,--,-,0,1703064,2026-04-28T05:01:32.041411043Z,23514491
20260428,105800,1040339,IMPC,0,2190,7200,--,-,--,-,0,1724739,2026-04-28T05:01:32.041413523Z,23514492
20260428,105941,1049073,IMPC,0,2190,2500,--,-,--,-,0,1724739,2026-04-28T05:01:32.410866535Z,23523257
20260428,105941,1049074,IMPC,0,2190,100,--,-,--,-,0,1726655,2026-04-28T05:01:32.410869678Z,23523258
20260428,105941,1049075,IMPC,0,2190,700,--,-,--,-,0,1934283,2026-04-28T05:01:32.410872807Z,23523259
20260428,105941,1049076,IMPC,0,2190,5500,--,-,--,-,0,1943279,2026-04-28T05:01:32.410875939Z,23523260
20260428,105941,1049077,IMPC,0,2190,3300,--,-,--,-,0,1956163,2026-04-28T05:01:32.410879076Z,23523261
20260428,110029,1053830,IMPC,0,2190,3800,--,-,--,-,0,2243848,2026-04-28T05:01:32.52524497Z,23528018
20260428,110029,1053831,IMPC,0,2190,600,--,-,--,-,0,2257033,2026-04-28T05:01:32.525248518Z,23528019
20260428,110029,1053832,IMPC,0,2190,100,--,-,--,-,0,2259466,2026-04-28T05:01:32.525252568Z,23528020
20260428,110029,1053833,IMPC,0,2190,5000,--,-,--,-,0,2332110,2026-04-28T05:01:32.525256173Z,23528021
20260428,110029,1053834,IMPC,0,2190,1000,--,-,--,-,0,2576579,2026-04-28T05:01:32.525259671Z,23528022
20260428,110029,1053835,IMPC,0,2190,1000,--,-,--,-,0,2676506,2026-04-28T05:01:32.525263217Z,23528023
20260428,110029,1053836,IMPC,0,2190,4000,--,-,--,-,0,2823226,2026-04-28T05:01:32.525266701Z,23528024
20260428,110029,1053837,IMPC,0,2190,500,--,-,--,-,0,2847042,2026-04-28T05:01:32.525270263Z,23528025
20260428,110029,1053838,IMPC,0,2190,3800,--,-,--,-,0,2853316,2026-04-28T05:01:32.525273763Z,23528026
20260428,110029,1053839,IMPC,0,2190,200,--,-,--,-,0,2859934,2026-04-28T05:01:32.525277266Z,23528027
20260428,110102,1057051,IMPC,0,2190,300,--,-,--,-,0,2859934,2026-04-28T05:01:32.663283676Z,23531247
20260428,110107,1058667,IMPC,0,2180,5300,--,-,--,-,2844908,0,2026-04-28T05:01:32.703697693Z,23532864
20260428,110107,1058668,IMPC,0,2180,3600,--,-,--,-,2844975,0,2026-04-28T05:01:32.703701636Z,23532865
20260428,110107,1058669,IMPC,0,2180,1000,--,-,--,-,2847022,0,2026-04-28T05:01:32.703705573Z,23532866
20260428,110107,1058670,IMPC,0,2180,2000,--,-,--,-,2858332,0,2026-04-28T05:01:32.703709605Z,23532867
20260428,110107,1058671,IMPC,0,2180,1000,--,-,--,-,2869952,0,2026-04-28T05:01:32.703715431Z,23532868
20260428,110107,1058672,IMPC,0,2180,300,--,-,--,-,2879102,0,2026-04-28T05:01:32.70371951Z,23532869
20260428,110107,1058673,IMPC,0,2180,800,--,-,--,-,2883290,0,2026-04-28T05:01:32.703723517Z,23532870
20260428,110107,1058674,IMPC,0,2180,27200,--,-,--,-,2884335,0,2026-04-28T05:01:32.703727569Z,23532871
20260428,110107,1058675,IMPC,0,2180,500,--,-,--,-,2890683,0,2026-04-28T05:01:32.703731536Z,23532872
20260428,110107,1058676,IMPC,0,2180,400,--,-,--,-,2892071,0,2026-04-28T05:01:32.703735593Z,23532873
20260428,110107,1058677,IMPC,0,2180,10000,--,-,--,-,2895270,0,2026-04-28T05:01:32.7037397Z,23532874
20260428,110107,1058678,IMPC,0,2180,10000,--,-,--,-,2898564,0,2026-04-28T05:01:32.703743663Z,23532875
20260428,110107,1058679,IMPC,0,2180,100,--,-,--,-,2919555,0,2026-04-28T05:01:32.703747672Z,23532876
20260428,110107,1058680,IMPC,0,2180,3700,--,-,--,-,2923835,0,2026-04-28T05:01:32.703751648Z,23532877
20260428,110107,1058681,IMPC,0,2180,100,--,-,--,-,2928286,0,2026-04-28T05:01:32.703755852Z,23532878
20260428,110107,1058682,IMPC,0,2180,500,--,-,--,-,2928334,0,2026-04-28T05:01:32.703759826Z,23532879
20260428,110107,1058683,IMPC,0,2180,10000,--,-,--,-,2929729,0,2026-04-28T05:01:32.703763971Z,23532880
20260428,110123,1060405,IMPC,0,2180,2000,--,-,--,-,0,2938276,2026-04-28T05:01:32.757085256Z,23534603
20260428,110229,1063792,IMPC,0,2180,100,--,-,--,-,0,2938276,2026-04-28T05:01:32.848368815Z,23537995
20260428,110243,1064325,IMPC,0,2170,600,--,-,--,-,2838784,0,2026-04-28T05:01:32.862485416Z,23538528
20260428,110243,1064326,IMPC,0,2170,1900,--,-,--,-,2838784,0,2026-04-28T05:01:32.86248864Z,23538529
20260428,110243,1064327,IMPC,0,2170,500,--,-,--,-,2891606,0,2026-04-28T05:01:32.862491809Z,23538530
20260428,110243,1064328,IMPC,0,2170,700,--,-,--,-,2895914,0,2026-04-28T05:01:32.862495057Z,23538531
20260428,110248,1064599,IMPC,0,2180,500,--,-,--,-,0,2938276,2026-04-28T05:01:32.867058082Z,23538805
20260428,110258,1065167,IMPC,0,2170,2100,--,-,--,-,2895914,0,2026-04-28T05:01:32.883031324Z,23539373
20260428,110404,1068559,IMPC,0,2170,3700,--,-,--,-,2895914,0,2026-04-28T05:01:32.966852535Z,23542765
20260428,110523,1072608,IMPC,0,2170,2300,--,-,--,-,2895914,0,2026-04-28T05:01:33.149078295Z,23546816
20260428,110523,1072609,IMPC,0,2170,1200,--,-,--,-,2895914,0,2026-04-28T05:01:33.149082093Z,23546817
20260428,110524,1072669,IMPC,0,2180,2100,--,-,--,-,0,2938276,2026-04-28T05:01:33.162194433Z,23546877
20260428,110524,1072670,IMPC,0,2180,2300,--,-,--,-,0,2938618,2026-04-28T05:01:33.162197472Z,23546878
20260428,110524,1072671,IMPC,0,2180,500,--,-,--,-,0,2940747,2026-04-28T05:01:33.162200632Z,23546879
20260428,110524,1072672,IMPC,0,2180,300,--,-,--,-,0,2940748,2026-04-28T05:01:33.162204044Z,23546880
20260428,110524,1072673,IMPC,0,2180,200,--,-,--,-,0,2940749,2026-04-28T05:01:33.162207095Z,23546881
20260428,110524,1072674,IMPC,0,2180,900,--,-,--,-,0,2940759,2026-04-28T05:01:33.162210142Z,23546882
20260428,110524,1072675,IMPC,0,2180,800,--,-,--,-,0,2940762,2026-04-28T05:01:33.163013806Z,23546883
20260428,110524,1072676,IMPC,0,2180,4400,--,-,--,-,0,2940767,2026-04-28T05:01:33.163017611Z,23546884
20260428,110524,1072677,IMPC,0,2180,9500,--,-,--,-,0,2944519,2026-04-28T05:01:33.163020737Z,23546885
20260428,110524,1072678,IMPC,0,2180,3500,--,-,--,-,0,2948948,2026-04-28T05:01:33.163023522Z,23546886
20260428,110524,1072679,IMPC,0,2180,500,--,-,--,-,0,2958333,2026-04-28T05:01:33.163026292Z,23546887
20260428,110524,1072680,IMPC,0,2180,12800,--,-,--,-,0,2959055,2026-04-28T05:01:33.163029045Z,23546888
20260428,110524,1072681,IMPC,0,2180,200,--,-,--,-,0,2960861,2026-04-28T05:01:33.1630317Z,23546889
20260428,110524,1072682,IMPC,0,2180,3700,--,-,--,-,0,2963212,2026-04-28T05:01:33.163034359Z,23546890
20260428,110524,1072683,IMPC,0,2180,200,--,-,--,-,0,2974493,2026-04-28T05:01:33.163036858Z,23546891
20260428,110524,1072684,IMPC,0,2180,3100,--,-,--,-,0,2976807,2026-04-28T05:01:33.163039335Z,23546892
20260428,110524,1072685,IMPC,0,2180,500,--,-,--,-,2982760,0,2026-04-28T05:01:33.163041827Z,23546893
20260428,110603,1074781,IMPC,0,2190,2300,--,-,--,-,2987776,0,2026-04-28T05:01:33.199947938Z,23548995
20260428,110603,1074782,IMPC,0,2190,200,--,-,--,-,2987903,0,2026-04-28T05:01:33.199950849Z,23548996
20260428,110603,1074783,IMPC,0,2190,6900,--,-,--,-,2988053,0,2026-04-28T05:01:33.199953758Z,23548997
20260428,110603,1074784,IMPC,0,2190,9200,--,-,--,-,2989428,0,2026-04-28T05:01:33.199956664Z,23548998
20260428,110603,1074786,IMPC,0,2190,21400,--,-,--,-,0,2989685,2026-04-28T05:01:33.199962563Z,23549000
20260428,110612,1075219,IMPC,0,2200,500,--,-,--,-,0,697640,2026-04-28T05:01:33.216719854Z,23549433
20260428,110703,1078404,IMPC,0,2200,3000,--,-,--,-,0,697640,2026-04-28T05:01:33.311802539Z,23552621
20260428,110703,1078405,IMPC,0,2200,1000,--,-,--,-,0,709352,2026-04-28T05:01:33.311805922Z,23552622
20260428,110703,1078406,IMPC,0,2200,1300,--,-,--,-,0,727365,2026-04-28T05:01:33.311809116Z,23552623
20260428,110703,1078407,IMPC,0,2200,5000,--,-,--,-,0,789032,2026-04-28T05:01:33.311812427Z,23552624
20260428,110703,1078408,IMPC,0,2200,2500,--,-,--,-,0,861406,2026-04-28T05:01:33.311815568Z,23552625
20260428,110703,1078409,IMPC,0,2200,3000,--,-,--,-,0,897552,2026-04-28T05:01:33.311818711Z,23552626
20260428,110703,1078410,IMPC,0,2200,12900,--,-,--,-,0,937362,2026-04-28T05:01:33.311822105Z,23552627
20260428,110703,1078411,IMPC,0,2200,500,--,-,--,-,0,1019902,2026-04-28T05:01:33.311836557Z,23552628
20260428,110703,1078412,IMPC,0,2200,800,--,-,--,-,0,1024490,2026-04-28T05:01:33.311839642Z,23552629
20260428,110703,1078415,IMPC,0,2200,9200,--,-,--,-,0,1024490,2026-04-28T05:01:33.311848326Z,23552632
20260428,110703,1078416,IMPC,0,2200,2600,--,-,--,-,0,1160045,2026-04-28T05:01:33.311851223Z,23552633
20260428,110703,1078417,IMPC,0,2200,14400,--,-,--,-,0,1309276,2026-04-28T05:01:33.311854123Z,23552634
20260428,110703,1078418,IMPC,0,2200,1000,--,-,--,-,0,1381147,2026-04-28T05:01:33.311857026Z,23552635
20260428,110703,1078419,IMPC,0,2200,200,--,-,--,-,0,1399243,2026-04-28T05:01:33.311859943Z,23552636
20260428,110703,1078420,IMPC,0,2200,10000,--,-,--,-,0,1415966,2026-04-28T05:01:33.311862898Z,23552637
20260428,110703,1078421,IMPC,0,2200,200,--,-,--,-,0,1436551,2026-04-28T05:01:33.311865825Z,23552638
20260428,110703,1078422,IMPC,0,2200,1300,--,-,--,-,0,1439777,2026-04-28T05:01:33.311868733Z,23552639
20260428,110703,1078423,IMPC,0,2200,10000,--,-,--,-,0,1512250,2026-04-28T05:01:33.311871636Z,23552640
20260428,110703,1078424,IMPC,0,2200,2000,--,-,--,-,0,1660300,2026-04-28T05:01:33.311874577Z,23552641
20260428,110703,1078425,IMPC,0,2200,4800,--,-,--,-,0,1679481,2026-04-28T05:01:33.311877457Z,23552642
20260428,110703,1078426,IMPC,0,2200,1000,--,-,--,-,0,1693442,2026-04-28T05:01:33.311880348Z,23552643
20260428,110703,1078427,IMPC,0,2200,10800,--,-,--,-,0,1704215,2026-04-28T05:01:33.311883245Z,23552644
20260428,110703,1078428,IMPC,0,2200,1000,--,-,--,-,0,1716177,2026-04-28T05:01:33.311886153Z,23552645
20260428,110703,1078429,IMPC,0,2200,81500,--,-,--,-,0,1766603,2026-04-28T05:01:33.311889052Z,23552646
20260428,110703,1078431,IMPC,0,2200,18500,--,-,--,-,0,1766603,2026-04-28T05:01:33.3118949Z,23552648
20260428,110703,1078432,IMPC,0,2200,7000,--,-,--,-,0,1936556,2026-04-28T05:01:33.31189779Z,23552649
20260428,110703,1078433,IMPC,0,2200,10000,--,-,--,-,0,1970991,2026-04-28T05:01:33.311900705Z,23552650
20260428,110703,1078434,IMPC,0,2200,100,--,-,--,-,0,1989327,2026-04-28T05:01:33.311903638Z,23552651
20260428,110703,1078435,IMPC,0,2200,800,--,-,--,-,0,2011794,2026-04-28T05:01:33.311906613Z,23552652
20260428,110703,1078436,IMPC,0,2200,2000,--,-,--,-,0,2133202,2026-04-28T05:01:33.31190956Z,23552653
20260428,110703,1078437,IMPC,0,2200,300,--,-,--,-,0,2185294,2026-04-28T05:01:33.311912491Z,23552654
20260428,110703,1078438,IMPC,0,2200,2400,--,-,--,-,0,2217933,2026-04-28T05:01:33.31191538Z,23552655
20260428,110703,1078439,IMPC,0,2200,1000,--,-,--,-,0,2501719,2026-04-28T05:01:33.311918278Z,23552656
20260428,110703,1078440,IMPC,0,2200,5000,--,-,--,-,0,2515586,2026-04-28T05:01:33.311921173Z,23552657
20260428,110703,1078441,IMPC,0,2200,200,--,-,--,-,0,2604458,2026-04-28T05:01:33.311925377Z,23552658
20260428,110703,1078442,IMPC,0,2200,2600,--,-,--,-,0,2664177,2026-04-28T05:01:33.31192838Z,23552659
20260428,110703,1078443,IMPC,0,2200,21400,--,-,--,-,0,2731223,2026-04-28T05:01:33.311931712Z,23552660
20260428,110703,1078444,IMPC,0,2200,23500,--,-,--,-,0,2738244,2026-04-28T05:01:33.311934726Z,23552661
20260428,110703,1078445,IMPC,0,2200,11600,--,-,--,-,0,2744681,2026-04-28T05:01:33.311937782Z,23552662
20260428,110703,1078446,IMPC,0,2200,2400,--,-,--,-,0,2827283,2026-04-28T05:01:33.311940828Z,23552663
20260428,110703,1078447,IMPC,0,2200,25000,--,-,--,-,0,2850352,2026-04-28T05:01:33.311943823Z,23552664
20260428,110703,1078448,IMPC,0,2200,300,--,-,--,-,0,2940122,2026-04-28T05:01:33.311946819Z,23552665
20260428,110703,1078449,IMPC,0,2200,3500,--,-,--,-,0,2987904,2026-04-28T05:01:33.31194981Z,23552666
20260428,110703,1078450,IMPC,0,2200,500,--,-,--,-,0,2990953,2026-04-28T05:01:33.311952709Z,23552667
20260428,110703,1078451,IMPC,0,2200,900,--,-,--,-,0,2991151,2026-04-28T05:01:33.311955643Z,23552668
20260428,110703,1078452,IMPC,0,2200,400,--,-,--,-,0,2992736,2026-04-28T05:01:33.311958531Z,23552669
20260428,110703,1078453,IMPC,0,2200,100,--,-,--,-,0,2996231,2026-04-28T05:01:33.311961447Z,23552670
20260428,110713,1079194,IMPC,0,2210,4000,--,-,--,-,0,486366,2026-04-28T05:01:33.34248085Z,23553412
20260428,110713,1079195,IMPC,0,2210,16000,--,-,--,-,0,510079,2026-04-28T05:01:33.342483543Z,23553413
20260428,110713,1079204,IMPC,0,2210,14100,--,-,--,-,0,510079,2026-04-28T05:01:33.34250826Z,23553422
20260428,110713,1079205,IMPC,0,2210,7100,--,-,--,-,0,682505,2026-04-28T05:01:33.342510944Z,23553423
20260428,110713,1079206,IMPC,0,2210,1500,--,-,--,-,0,746655,2026-04-28T05:01:33.342513618Z,23553424
20260428,110713,1079207,IMPC,0,2210,1000,--,-,--,-,0,823474,2026-04-28T05:01:33.342516273Z,23553425
20260428,110713,1079208,IMPC,0,2210,2400,--,-,--,-,0,964036,2026-04-28T05:01:33.342518936Z,23553426
20260428,110713,1079209,IMPC,0,2210,4000,--,-,--,-,0,1029575,2026-04-28T05:01:33.34252159Z,23553427
20260428,110713,1079210,IMPC,0,2210,2200,--,-,--,-,0,1148858,2026-04-28T05:01:33.342524266Z,23553428
20260428,110713,1079211,IMPC,0,2210,1100,--,-,--,-,0,1703587,2026-04-28T05:01:33.342526949Z,23553429
20260428,110713,1079212,IMPC,0,2210,7500,--,-,--,-,0,1910183,2026-04-28T05:01:33.342529604Z,23553430
20260428,110713,1079213,IMPC,0,2210,2000,--,-,--,-,0,1931327,2026-04-28T05:01:33.342532279Z,23553431
20260428,110713,1079214,IMPC,0,2210,800,--,-,--,-,0,2154589,2026-04-28T05:01:33.342534954Z,23553432
20260428,110713,1079215,IMPC,0,2210,1500,--,-,--,-,0,2618879,2026-04-28T05:01:33.342537623Z,23553433
20260428,110713,1079216,IMPC,0,2210,2000,--,-,--,-,0,2679324,2026-04-28T05:01:33.342540273Z,23553434
20260428,110713,1079217,IMPC,0,2210,100,--,-,--,-,0,3001942,2026-04-28T05:01:33.342542965Z,23553435
20260428,110721,1079513,IMPC,0,2220,2500,--,-,--,-,0,481004,2026-04-28T05:01:33.359709673Z,23553731
20260428,110721,1079514,IMPC,0,2220,100,--,-,--,-,0,772088,2026-04-28T05:01:33.359712953Z,23553732
20260428,110721,1079515,IMPC,0,2220,100,--,-,--,-,0,810163,2026-04-28T05:01:33.359716195Z,23553733
20260428,110721,1079516,IMPC,0,2220,1000,--,-,--,-,0,839205,2026-04-28T05:01:33.359719429Z,23553734
20260428,110721,1079517,IMPC,0,2220,600,--,-,--,-,0,855599,2026-04-28T05:01:33.359722748Z,23553735
20260428,110721,1079518,IMPC,0,2220,300,--,-,--,-,0,1002637,2026-04-28T05:01:33.359726013Z,23553736
20260428,110721,1079519,IMPC,0,2220,500,--,-,--,-,0,1393917,2026-04-28T05:01:33.359729248Z,23553737
20260428,110721,1079520,IMPC,0,2220,10000,--,-,--,-,0,1425247,2026-04-28T05:01:33.359732408Z,23553738
20260428,110721,1079521,IMPC,0,2220,100,--,-,--,-,0,1688151,2026-04-28T05:01:33.359735603Z,23553739
20260428,110721,1079522,IMPC,0,2220,100,--,-,--,-,0,1747276,2026-04-28T05:01:33.359741298Z,23553740
20260428,110721,1079523,IMPC,0,2220,5000,--,-,--,-,0,1761674,2026-04-28T05:01:33.359744545Z,23553741
20260428,110721,1079524,IMPC,0,2220,1000,--,-,--,-,0,1817956,2026-04-28T05:01:33.359748046Z,23553742
20260428,110721,1079525,IMPC,0,2220,400,--,-,--,-,0,1867933,2026-04-28T05:01:33.359751249Z,23553743
20260428,110721,1079526,IMPC,0,2220,2200,--,-,--,-,0,1948420,2026-04-28T05:01:33.359754499Z,23553744
20260428,110721,1079527,IMPC,0,2220,5000,--,-,--,-,0,2229895,2026-04-28T05:01:33.359757665Z,23553745
20260428,110721,1079528,IMPC,0,2220,1100,--,-,--,-,0,2310041,2026-04-28T05:01:33.359760825Z,23553746
20260428,110728,1080079,IMPC,0,2220,400,--,-,--,-,0,2310041,2026-04-28T05:01:33.366207703Z,23554297
20260428,110728,1080080,IMPC,0,2220,1000,--,-,--,-,0,2803188,2026-04-28T05:01:33.366210487Z,23554298
20260428,110730,1080141,IMPC,0,2220,100,--,-,--,-,0,2881184,2026-04-28T05:01:33.376222704Z,23554359
20260428,110737,1080444,IMPC,0,2220,3700,--,-,--,-,0,3001970,2026-04-28T05:01:33.381305649Z,23554662
20260428,110737,1080445,IMPC,0,2220,1800,--,-,--,-,0,3003239,2026-04-28T05:01:33.381308477Z,23554663
20260428,110737,1080446,IMPC,0,2220,1300,--,-,--,-,0,3003364,2026-04-28T05:01:33.381311276Z,23554664
20260428,110739,1080515,IMPC,0,2220,100,--,-,--,-,0,3003364,2026-04-28T05:01:33.381991079Z,23554733
20260428,110743,1080770,IMPC,0,2220,1000,--,-,--,-,0,3004884,2026-04-28T05:01:33.384983018Z,23554988
20260428,110749,1080971,IMPC,0,2220,1000,--,-,--,-,0,3004884,2026-04-28T05:01:33.397195359Z,23555190
20260428,110749,1080972,IMPC,0,2220,1000,--,-,--,-,0,3005272,2026-04-28T05:01:33.397198491Z,23555191
20260428,110749,1080973,IMPC,0,2220,400,--,-,--,-,0,3005386,2026-04-28T05:01:33.397201639Z,23555192
20260428,110749,1080974,IMPC,0,2220,2200,--,-,--,-,0,3006213,2026-04-28T05:01:33.397784732Z,23555193
20260428,110754,1081232,IMPC,0,2220,2400,--,-,--,-,0,3006213,2026-04-28T05:01:33.401721758Z,23555451
20260428,110754,1081233,IMPC,0,2220,700,--,-,--,-,0,3007560,2026-04-28T05:01:33.401724358Z,23555452
20260428,110754,1081237,IMPC,0,2220,1400,--,-,--,-,3008453,0,2026-04-28T05:01:33.401734387Z,23555456
20260428,110754,1081244,IMPC,0,2220,3700,--,-,--,-,3008501,0,2026-04-28T05:01:33.401754714Z,23555463
20260428,110755,1081255,IMPC,0,2230,100,--,-,--,-,0,163616,2026-04-28T05:01:33.40178235Z,23555474
20260428,110759,1081493,IMPC,0,2210,5000,--,-,--,-,3001945,0,2026-04-28T05:01:33.403465857Z,23555712
20260428,110802,1081611,IMPC,0,2220,400,--,-,--,-,0,3009258,2026-04-28T05:01:33.416197599Z,23555830
20260428,110802,1081612,IMPC,0,2220,13100,--,-,--,-,0,3009259,2026-04-28T05:01:33.416200647Z,23555831
20260428,110802,1081613,IMPC,0,2230,400,--,-,--,-,0,163616,2026-04-28T05:01:33.416203612Z,23555832
20260428,110802,1081614,IMPC,0,2230,2000,--,-,--,-,0,212417,2026-04-28T05:01:33.416207387Z,23555833
20260428,110802,1081615,IMPC,0,2230,400,--,-,--,-,0,368759,2026-04-28T05:01:33.416210367Z,23555834
20260428,110802,1081616,IMPC,0,2230,3500,--,-,--,-,0,483422,2026-04-28T05:01:33.416213318Z,23555835
20260428,110806,1081745,IMPC,0,2220,1600,--,-,--,-,0,3010128,2026-04-28T05:01:33.417316333Z,23555964
20260428,110806,1081751,IMPC,0,2220,2000,--,-,--,-,0,3010128,2026-04-28T05:01:33.417332471Z,23555970
20260428,110809,1081824,IMPC,0,2220,100,--,-,--,-,0,3010128,2026-04-28T05:01:33.419511455Z,23556043
20260428,110809,1081886,IMPC,0,2220,500,--,-,--,-,0,3010128,2026-04-28T05:01:33.419850088Z,23556105
20260428,110822,1082655,IMPC,0,2220,5000,--,-,--,-,0,3010128,2026-04-28T05:01:33.437894024Z,23556874
20260428,110828,1082908,IMPC,0,2210,4700,--,-,--,-,3001945,0,2026-04-28T05:01:33.43958397Z,23557127
20260428,110840,1083782,IMPC,0,2220,500,--,-,--,-,0,3010128,2026-04-28T05:01:33.469760636Z,23558001
20260428,110852,1084534,IMPC,0,2210,500,--,-,--,-,3001945,0,2026-04-28T05:01:33.487689076Z,23558753
20260428,110856,1084667,IMPC,0,2220,14200,--,-,--,-,0,3010128,2026-04-28T05:01:33.489379043Z,23558886
20260428,110856,1084668,IMPC,0,2220,500,--,-,--,-,0,3010536,2026-04-28T05:01:33.489381996Z,23558887
20260428,110856,1084669,IMPC,0,2220,5000,--,-,--,-,0,3012835,2026-04-28T05:01:33.489492365Z,23558888
20260428,110856,1084670,IMPC,0,2220,100,--,-,--,-,0,3013234,2026-04-28T05:01:33.489495468Z,23558889
20260428,110856,1084671,IMPC,0,2220,2000,--,-,--,-,0,3015256,2026-04-28T05:01:33.489498375Z,23558890
20260428,110856,1084672,IMPC,0,2220,100,--,-,--,-,0,3016475,2026-04-28T05:01:33.489501302Z,23558891
20260428,110856,1084673,IMPC,0,2220,600,--,-,--,-,0,3016898,2026-04-28T05:01:33.489504189Z,23558892
20260428,110856,1084675,IMPC,0,2220,7500,--,-,--,-,3018034,0,2026-04-28T05:01:33.489511764Z,23558894
20260428,110909,1085815,IMPC,0,2220,800,--,-,--,-,0,3019352,2026-04-28T05:01:33.513186755Z,23560034
20260428,110909,1085816,IMPC,0,2220,7600,--,-,--,-,0,3019543,2026-04-28T05:01:33.513189993Z,23560035
20260428,110924,1086635,IMPC,0,2220,10000,--,-,--,-,0,3019543,2026-04-28T05:01:33.542080543Z,23560854
20260428,110930,1086955,IMPC,0,2210,100,--,-,--,-,3001945,0,2026-04-28T05:01:33.558791786Z,23561174
20260428,110932,1087096,IMPC,0,2220,12600,--,-,--,-,0,3019543,2026-04-28T05:01:33.561108584Z,23561315
20260428,110945,1087901,IMPC,0,2220,4900,--,-,--,-,0,3019543,2026-04-28T05:01:33.595544993Z,23562120
20260428,110950,1088118,IMPC,0,2210,3500,--,-,--,-,3001945,0,2026-04-28T05:01:33.611550485Z,23562337
20260428,110950,1088119,IMPC,0,2210,500,--,-,--,-,3002001,0,2026-04-28T05:01:33.611553608Z,23562338
20260428,110950,1088127,IMPC,0,2220,2800,--,-,--,-,0,3019543,2026-04-28T05:01:33.611584302Z,23562346
20260428,111023,1091217,IMPC,0,2220,400,--,-,--,-,0,3019543,2026-04-28T05:01:33.748366563Z,23565436
20260428,111023,1091218,IMPC,0,2220,3700,--,-,--,-,0,3019897,2026-04-28T05:01:33.748459315Z,23565437
20260428,111023,1091219,IMPC,0,2220,300,--,-,--,-,0,3020628,2026-04-28T05:01:33.748462731Z,23565438
20260428,111023,1091220,IMPC,0,2220,5000,--,-,--,-,0,3021317,2026-04-28T05:01:33.748465821Z,23565439
20260428,111023,1091221,IMPC,0,2220,5000,--,-,--,-,0,3022345,2026-04-28T05:01:33.748468946Z,23565440
20260428,111023,1091222,IMPC,0,2220,2000,--,-,--,-,0,3023901,2026-04-28T05:01:33.74847239Z,23565441
20260428,111023,1091223,IMPC,0,2220,1200,--,-,--,-,0,3024035,2026-04-28T05:01:33.748475303Z,23565442
20260428,111023,1091224,IMPC,0,2220,500,--,-,--,-,0,3024151,2026-04-28T05:01:33.748478889Z,23565443
20260428,111023,1091225,IMPC,0,2220,1400,--,-,--,-,0,3026611,2026-04-28T05:01:33.748481852Z,23565444
20260428,111023,1091226,IMPC,0,2220,500,--,-,--,-,0,3029423,2026-04-28T05:01:33.748484961Z,23565445
20260428,111024,1091241,IMPC,0,2220,500,--,-,--,-,0,3029423,2026-04-28T05:01:33.748629673Z,23565460
20260428,111024,1091242,IMPC,0,2220,100,--,-,--,-,0,3029815,2026-04-28T05:01:33.74863288Z,23565461
20260428,111024,1091243,IMPC,0,2220,34400,--,-,--,-,0,3031654,2026-04-28T05:01:33.748638285Z,23565462
20260428,111043,1092565,IMPC,0,2220,15600,--,-,--,-,0,3031654,2026-04-28T05:01:33.824096028Z,23566785
20260428,111043,1092566,IMPC,0,2220,44400,--,-,--,-,0,3031711,2026-04-28T05:01:33.824100261Z,23566786
20260428,111044,1092704,IMPC,0,2220,100,--,-,--,-,0,3031711,2026-04-28T05:01:33.826073336Z,23566924
20260428,111105,1094311,IMPC,0,2210,1000,--,-,--,-,3002001,0,2026-04-28T05:01:33.8404485Z,23568532
20260428,111142,1096689,IMPC,0,2210,1500,--,-,--,-,3002001,0,2026-04-28T05:01:33.915344438Z,23570910
20260428,111143,1096723,IMPC,0,2210,900,--,-,--,-,3002001,0,2026-04-28T05:01:33.915449954Z,23570944
20260428,111143,1096724,IMPC,0,2210,2100,--,-,--,-,3002092,0,2026-04-28T05:01:33.915452546Z,23570945
20260428,111144,1096768,IMPC,0,2210,500,--,-,--,-,3002092,0,2026-04-28T05:01:33.91556483Z,23570989
20260428,111156,1097720,IMPC,0,2220,3400,--,-,--,-,0,3031711,2026-04-28T05:01:33.948948334Z,23571942
20260428,111156,1097721,IMPC,0,2220,10000,--,-,--,-,0,3033162,2026-04-28T05:01:33.94895126Z,23571943
20260428,111156,1097722,IMPC,0,2220,6500,--,-,--,-,0,3033472,2026-04-28T05:01:33.948954015Z,23571944
20260428,111156,1097723,IMPC,0,2220,1000,--,-,--,-,0,3034254,2026-04-28T05:01:33.948956744Z,23571945
20260428,111156,1097724,IMPC,0,2220,500,--,-,--,-,0,3035184,2026-04-28T05:01:33.948959627Z,23571946
20260428,111156,1097725,IMPC,0,2220,28600,--,-,--,-,0,3037776,2026-04-28T05:01:33.948962311Z,23571947
20260428,111206,1098519,IMPC,0,2220,20000,--,-,--,-,0,3037776,2026-04-28T05:01:33.969309534Z,23572741
20260428,111208,1098624,IMPC,0,2220,1400,--,-,--,-,0,3037776,2026-04-28T05:01:33.970600383Z,23572846
20260428,111208,1098625,IMPC,0,2220,2500,--,-,--,-,0,3037990,2026-04-28T05:01:33.970609589Z,23572847
20260428,111208,1098626,IMPC,0,2220,100,--,-,--,-,0,3039137,2026-04-28T05:01:33.970612503Z,23572848
20260428,111208,1098627,IMPC,0,2220,2000,--,-,--,-,0,3039368,2026-04-28T05:01:33.970616056Z,23572849
20260428,111208,1098628,IMPC,0,2220,200,--,-,--,-,0,3042461,2026-04-28T05:01:33.970618777Z,23572850
20260428,111208,1098629,IMPC,0,2220,3400,--,-,--,-,0,3044291,2026-04-28T05:01:33.970621463Z,23572851
20260428,111208,1098630,IMPC,0,2220,1000,--,-,--,-,0,3045299,2026-04-28T05:01:33.970624152Z,23572852
20260428,111208,1098631,IMPC,0,2220,2200,--,-,--,-,0,3045333,2026-04-28T05:01:33.970626863Z,23572853
20260428,111208,1098632,IMPC,0,2220,500,--,-,--,-,0,3047141,2026-04-28T05:01:33.97062955Z,23572854
20260428,111209,1098796,IMPC,0,2220,2000,--,-,--,-,0,3047141,2026-04-28T05:01:33.971090837Z,23573018
20260428,111211,1098901,IMPC,0,2220,1000,--,-,--,-,0,3047141,2026-04-28T05:01:33.983540411Z,23573123
20260428,111236,1100442,IMPC,0,2220,2300,--,-,--,-,0,3047141,2026-04-28T05:01:34.02168826Z,23574667
20260428,111236,1100443,IMPC,0,2220,500,--,-,--,-,0,3047446,2026-04-28T05:01:34.021691773Z,23574668
20260428,111236,1100444,IMPC,0,2220,500,--,-,--,-,0,3048943,2026-04-28T05:01:34.021695434Z,23574669
20260428,111236,1100445,IMPC,0,2220,500,--,-,--,-,0,3048996,2026-04-28T05:01:34.021698932Z,23574670
20260428,111236,1100446,IMPC,0,2220,2500,--,-,--,-,0,3049529,2026-04-28T05:01:34.021702597Z,23574671
20260428,111236,1100447,IMPC,0,2220,500,--,-,--,-,0,3051839,2026-04-28T05:01:34.021706209Z,23574672
20260428,111305,1101851,IMPC,0,2220,400,--,-,--,-,0,3051839,2026-04-28T05:01:34.070378459Z,23576076
20260428,111305,1101852,IMPC,0,2220,5100,--,-,--,-,0,3054529,2026-04-28T05:01:34.070381706Z,23576077
20260428,111310,1102087,IMPC,0,2210,1200,--,-,--,-,3002092,0,2026-04-28T05:01:34.071700274Z,23576312
20260428,111310,1102088,IMPC,0,2210,1000,--,-,--,-,3010479,0,2026-04-28T05:01:34.07170292Z,23576313
20260428,111310,1102089,IMPC,0,2210,15800,--,-,--,-,3012303,0,2026-04-28T05:01:34.071705542Z,23576314
20260428,111317,1102396,IMPC,0,2220,100,--,-,--,-,0,3054529,2026-04-28T05:01:34.087519601Z,23576621
20260428,111332,1103359,IMPC,0,2220,300,--,-,--,-,0,3054529,2026-04-28T05:01:34.164142279Z,23577585
20260428,111349,1104518,IMPC,0,2220,1200,--,-,--,-,0,3054529,2026-04-28T05:01:34.254756217Z,23578744
20260428,111350,1104632,IMPC,0,2220,700,--,-,--,-,0,3054529,2026-04-28T05:01:34.25623667Z,23578858
20260428,111352,1104823,IMPC,0,2210,400,--,-,--,-,3012303,0,2026-04-28T05:01:34.263821101Z,23579049
20260428,112351,1142621,IMPC,0,2220,2300,--,-,--,-,0,3054529,2026-04-28T05:01:34.489644429Z,23586885
20260428,112424,1145046,IMPC,0,2230,800,--,-,--,-,0,535516,2026-04-28T05:01:34.538662955Z,23589310
20260428,112432,1145619,IMPC,0,2230,2400,--,-,--,-,0,535516,2026-04-28T05:01:34.557020136Z,23589883
20260428,112447,1146556,IMPC,0,2220,3800,--,-,--,-,3176788,0,2026-04-28T05:01:34.583526331Z,23590820
20260428,112447,1146557,IMPC,0,2220,1100,--,-,--,-,3176945,0,2026-04-28T05:01:34.583531881Z,23590821
20260428,112447,1146558,IMPC,0,2220,200,--,-,--,-,3176997,0,2026-04-28T05:01:34.583535088Z,23590822
20260428,112447,1146559,IMPC,0,2220,3900,--,-,--,-,3177625,0,2026-04-28T05:01:34.583538358Z,23590823
20260428,112447,1146560,IMPC,0,2220,100,--,-,--,-,3177661,0,2026-04-28T05:01:34.583541494Z,23590824
20260428,112447,1146561,IMPC,0,2220,900,--,-,--,-,3178261,0,2026-04-28T05:01:34.583544775Z,23590825
20260428,112508,1147725,IMPC,0,2220,300,--,-,--,-,3178261,0,2026-04-28T05:01:34.620602724Z,23591989
20260428,112512,1147941,IMPC,0,2220,300,--,-,--,-,3178261,0,2026-04-28T05:01:34.630385195Z,23592205
20260428,112512,1147942,IMPC,0,2220,200,--,-,--,-,3179931,0,2026-04-28T05:01:34.630390534Z,23592206
20260428,112512,1147943,IMPC,0,2220,300,--,-,--,-,3180697,0,2026-04-28T05:01:34.630394154Z,23592207
20260428,112512,1147944,IMPC,0,2220,200,--,-,--,-,3180799,0,2026-04-28T05:01:34.630398066Z,23592208
20260428,112512,1147945,IMPC,0,2220,500,--,-,--,-,3183083,0,2026-04-28T05:01:34.630401643Z,23592209
20260428,112512,1147946,IMPC,0,2220,8500,--,-,--,-,3183632,0,2026-04-28T05:01:34.630406308Z,23592210
20260428,112521,1148535,IMPC,0,2230,400,--,-,--,-,0,535516,2026-04-28T05:01:34.649351428Z,23592799
20260428,112546,1149934,IMPC,0,2230,9200,--,-,--,-,0,535516,2026-04-28T05:01:34.691249777Z,23594198
20260428,112546,1149935,IMPC,0,2230,800,--,-,--,-,0,616543,2026-04-28T05:01:34.69125331Z,23594199
20260428,112608,1151281,IMPC,0,2220,1500,--,-,--,-,3183632,0,2026-04-28T05:01:34.728079477Z,23595546
20260428,112608,1151282,IMPC,0,2220,20000,--,-,--,-,3184226,0,2026-04-28T05:01:34.728083052Z,23595547
20260428,112608,1151283,IMPC,0,2220,600,--,-,--,-,3184533,0,2026-04-28T05:01:34.728086698Z,23595548
20260428,112608,1151284,IMPC,0,2220,600,--,-,--,-,3184565,0,2026-04-28T05:01:34.728090277Z,23595549
20260428,112608,1151285,IMPC,0,2220,300,--,-,--,-,3184644,0,2026-04-28T05:01:34.728094973Z,23595550
20260428,112608,1151286,IMPC,0,2220,2800,--,-,--,-,3189732,0,2026-04-28T05:01:34.728098613Z,23595551
20260428,112608,1151287,IMPC,0,2220,3800,--,-,--,-,3189783,0,2026-04-28T05:01:34.728102309Z,23595552
20260428,112608,1151288,IMPC,0,2220,100,--,-,--,-,3189869,0,2026-04-28T05:01:34.7281059Z,23595553
20260428,112608,1151289,IMPC,0,2220,500,--,-,--,-,3191069,0,2026-04-28T05:01:34.728109545Z,23595554
20260428,112617,1151703,IMPC,0,2220,1000,--,-,--,-,0,3192875,2026-04-28T05:01:34.733152197Z,23595968
20260428,112627,1152388,IMPC,0,2220,10000,--,-,--,-,0,3192875,2026-04-28T05:01:34.750355029Z,23596653
20260428,112647,1153490,IMPC,0,2210,100,--,-,--,-,3151277,0,2026-04-28T05:01:34.784463954Z,23597755
20260428,112647,1153491,IMPC,0,2210,22800,--,-,--,-,3153546,0,2026-04-28T05:01:34.784467519Z,23597756
20260428,112647,1153492,IMPC,0,2210,2000,--,-,--,-,3155505,0,2026-04-28T05:01:34.784470971Z,23597757
20260428,112647,1153493,IMPC,0,2210,100,--,-,--,-,3158284,0,2026-04-28T05:01:34.784474318Z,23597758
20260428,112647,1153494,IMPC,0,2210,10000,--,-,--,-,3163593,0,2026-04-28T05:01:34.784477703Z,23597759
20260428,112647,1153495,IMPC,0,2210,2300,--,-,--,-,3166802,0,2026-04-28T05:01:34.784481343Z,23597760
20260428,112647,1153496,IMPC,0,2210,200,--,-,--,-,3168209,0,2026-04-28T05:01:34.784484934Z,23597761
20260428,112647,1153497,IMPC,0,2210,1200,--,-,--,-,3177535,0,2026-04-28T05:01:34.784488822Z,23597762
20260428,112647,1153498,IMPC,0,2210,1200,--,-,--,-,3177553,0,2026-04-28T05:01:34.784493855Z,23597763
20260428,112647,1153499,IMPC,0,2210,600,--,-,--,-,3193343,0,2026-04-28T05:01:34.784497748Z,23597764
20260428,112647,1153500,IMPC,0,2210,200,--,-,--,-,3198461,0,2026-04-28T05:01:34.784501327Z,23597765
20260428,112708,1154647,IMPC,0,2200,300,--,-,--,-,3120834,0,2026-04-28T05:01:34.857494471Z,23598912
20260428,112708,1154649,IMPC,0,2200,100,--,-,--,-,3120834,0,2026-04-28T05:01:34.857500748Z,23598914
20260428,112820,1158424,IMPC,0,2200,1800,--,-,--,-,3120834,0,2026-04-28T05:01:35.025892872Z,23602690
20260428,112820,1158425,IMPC,0,2200,1800,--,-,--,-,3122444,0,2026-04-28T05:01:35.025896702Z,23602691
20260428,112823,1158625,IMPC,0,2210,100,--,-,--,-,0,3198895,2026-04-28T05:01:35.041501867Z,23602891
20260428,112908,1161014,IMPC,0,2200,7100,--,-,--,-,3122444,0,2026-04-28T05:01:35.080477402Z,23605284
20260428,112913,1161355,IMPC,0,2200,600,--,-,--,-,3122444,0,2026-04-28T05:01:35.096498225Z,23605626
20260428,113014,1165459,IMPC,0,2200,500,--,-,--,-,3122444,0,2026-04-28T05:01:35.230625125Z,23609733
20260428,113014,1165460,IMPC,0,2200,1000,--,-,--,-,3132085,0,2026-04-28T05:01:35.230628152Z,23609734
20260428,113014,1165461,IMPC,0,2200,100,--,-,--,-,3135272,0,2026-04-28T05:01:35.230631094Z,23609735
20260428,113014,1165462,IMPC,0,2200,300,--,-,--,-,3150766,0,2026-04-28T05:01:35.230634137Z,23609736
20260428,113014,1165463,IMPC,0,2200,5700,--,-,--,-,3151992,0,2026-04-28T05:01:35.230637105Z,23609737
20260428,113057,1167657,IMPC,0,2210,200,--,-,--,-,0,3198895,2026-04-28T05:01:35.290912015Z,23611931
20260428,113108,1168872,IMPC,0,2210,9000,--,-,--,-,0,3198895,2026-04-28T05:01:35.320972555Z,23613146
20260428,113108,1168873,IMPC,0,2210,200,--,-,--,-,0,3200685,2026-04-28T05:01:35.320976075Z,23613147
20260428,113108,1168874,IMPC,0,2210,600,--,-,--,-,0,3200686,2026-04-28T05:01:35.320979622Z,23613148
20260428,113108,1168875,IMPC,0,2210,7100,--,-,--,-,0,3200695,2026-04-28T05:01:35.320983198Z,23613149
20260428,113108,1168876,IMPC,0,2210,3100,--,-,--,-,0,3209578,2026-04-28T05:01:35.322835052Z,23613150
20260428,113159,1172651,IMPC,0,2210,100,--,-,--,-,0,3209578,2026-04-28T05:01:35.479579086Z,23616927
20260428,113210,1173582,IMPC,0,2200,1000,--,-,--,-,3151992,0,2026-04-28T05:01:35.552918078Z,23617858
20260428,113227,1174792,IMPC,0,2200,2500,--,-,--,-,3151992,0,2026-04-28T05:01:35.641696217Z,23619068
20260428,113440,1182983,IMPC,0,2210,200,--,-,--,-,0,3216134,2026-04-28T05:01:35.842727961Z,23627259
20260428,113512,1184902,IMPC,0,2200,700,--,-,--,-,3151992,0,2026-04-28T05:01:35.880750584Z,23629179
20260428,113512,1184903,IMPC,0,2200,500,--,-,--,-,3153871,0,2026-04-28T05:01:35.880753261Z,23629180
20260428,113512,1184904,IMPC,0,2200,1000,--,-,--,-,3155326,0,2026-04-28T05:01:35.880755949Z,23629181
20260428,113523,1185602,IMPC,0,2210,500,--,-,--,-,0,3216134,2026-04-28T05:01:35.903856178Z,23629879
20260428,113526,1185775,IMPC,0,2200,400,--,-,--,-,3155326,0,2026-04-28T05:01:35.914437361Z,23630052
20260428,113540,1186481,IMPC,0,2210,100,--,-,--,-,0,3216134,2026-04-28T05:01:35.934734155Z,23630760
20260428,113549,1187709,IMPC,0,2210,300,--,-,--,-,0,3216134,2026-04-28T05:01:35.975383694Z,23631988
20260428,113550,1187755,IMPC,0,2210,300,--,-,--,-,0,3216134,2026-04-28T05:01:35.979283841Z,23632034
20260428,113625,1189808,IMPC,0,2200,1100,--,-,--,-,3155326,0,2026-04-28T05:01:36.04243344Z,23634090
20260428,113625,1189809,IMPC,0,2200,100,--,-,--,-,3161330,0,2026-04-28T05:01:36.042436193Z,23634091
20260428,113625,1189810,IMPC,0,2200,4700,--,-,--,-,3168060,0,2026-04-28T05:01:36.042438968Z,23634092
20260428,113625,1189811,IMPC,0,2200,2400,--,-,--,-,3169697,0,2026-04-28T05:01:36.042441719Z,23634093
20260428,113639,1190855,IMPC,0,2200,8100,--,-,--,-,3169697,0,2026-04-28T05:01:36.077212097Z,23635140
20260428,113715,1193127,IMPC,0,2200,700,--,-,--,-,3169697,0,2026-04-28T05:01:36.135062114Z,23637413
20260428,113715,1193133,IMPC,0,2200,3100,--,-,--,-,3169697,0,2026-04-28T05:01:36.13507859Z,23637419
20260428,113716,1193215,IMPC,0,2210,200,--,-,--,-,0,3216134,2026-04-28T05:01:36.136870384Z,23637501
20260428,113716,1193223,IMPC,0,2210,200,--,-,--,-,0,3216134,2026-04-28T05:01:36.136892758Z,23637509
20260428,113716,1193224,IMPC,0,2210,200,--,-,--,-,0,3220591,2026-04-28T05:01:36.136895412Z,23637510
20260428,113719,1193332,IMPC,0,2210,200,--,-,--,-,0,3220591,2026-04-28T05:01:36.144198717Z,23637618
20260428,113748,1195030,IMPC,0,2210,100,--,-,--,-,0,3220591,2026-04-28T05:01:36.188011688Z,23639318
20260428,113748,1195031,IMPC,0,2210,200,--,-,--,-,0,3223948,2026-04-28T05:01:36.188014875Z,23639319
20260428,113752,1195323,IMPC,0,2210,300,--,-,--,-,0,3223948,2026-04-28T05:01:36.192953979Z,23639611
20260428,113752,1195324,IMPC,0,2210,100,--,-,--,-,0,3224419,2026-04-28T05:01:36.192957117Z,23639612
20260428,113752,1195328,IMPC,0,2210,100,--,-,--,-,0,3224419,2026-04-28T05:01:36.19296971Z,23639616
20260428,113801,1195788,IMPC,0,2200,10700,--,-,--,-,3169697,0,2026-04-28T05:01:36.206856232Z,23640076
20260428,113801,1195789,IMPC,0,2200,100,--,-,--,-,3188217,0,2026-04-28T05:01:36.2068594Z,23640077
20260428,113801,1195790,IMPC,0,2200,200,--,-,--,-,3194783,0,2026-04-28T05:01:36.206862556Z,23640078
20260428,113801,1195791,IMPC,0,2200,1600,--,-,--,-,3198960,0,2026-04-28T05:01:36.206865714Z,23640079
20260428,113801,1195792,IMPC,0,2200,1700,--,-,--,-,3199000,0,2026-04-28T05:01:36.206868854Z,23640080
20260428,113801,1195793,IMPC,0,2200,800,--,-,--,-,3199075,0,2026-04-28T05:01:36.206871988Z,23640081
20260428,113801,1195794,IMPC,0,2200,100,--,-,--,-,3201215,0,2026-04-28T05:01:36.206875136Z,23640082
20260428,113801,1195795,IMPC,0,2200,2000,--,-,--,-,3203593,0,2026-04-28T05:01:36.206878319Z,23640083
20260428,113801,1195796,IMPC,0,2200,1000,--,-,--,-,3203802,0,2026-04-28T05:01:36.206881485Z,23640084
20260428,113801,1195797,IMPC,0,2200,4600,--,-,--,-,3205908,0,2026-04-28T05:01:36.206884644Z,23640085
20260428,113830,1197452,IMPC,0,2200,4800,--,-,--,-,3205908,0,2026-04-28T05:01:36.265819702Z,23641744
20260428,113838,1197834,IMPC,0,2210,4800,--,-,--,-,0,3224419,2026-04-28T05:01:36.29643517Z,23642126
20260428,113838,1197835,IMPC,0,2210,200,--,-,--,-,0,3226952,2026-04-28T05:01:36.296439534Z,23642127
20260428,113838,1197836,IMPC,0,2210,1000,--,-,--,-,0,3228301,2026-04-28T05:01:36.296443945Z,23642128
20260428,113912,1199950,IMPC,0,2200,900,--,-,--,-,3205908,0,2026-04-28T05:01:36.367370039Z,23644243
20260428,113912,1199953,IMPC,0,2200,2600,--,-,--,-,3205908,0,2026-04-28T05:01:36.367377655Z,23644246
20260428,113939,1201425,IMPC,0,2210,300,--,-,--,-,0,3228301,2026-04-28T05:01:36.431718856Z,23645722
20260428,114004,1203203,IMPC,0,2210,400,--,-,--,-,0,3228301,2026-04-28T05:01:36.491840885Z,23647503
20260428,114010,1203448,IMPC,0,2200,4700,--,-,--,-,3205908,0,2026-04-28T05:01:36.503387324Z,23647748
20260428,114010,1203449,IMPC,0,2200,100,--,-,--,-,3205938,0,2026-04-28T05:01:36.503390451Z,23647749
20260428,114010,1203450,IMPC,0,2200,200,--,-,--,-,3206574,0,2026-04-28T05:01:36.503393607Z,23647750
20260428,114011,1203511,IMPC,0,2210,300,--,-,--,-,0,3228301,2026-04-28T05:01:36.503636447Z,23647811
20260428,114012,1203789,IMPC,0,2210,3000,--,-,--,-,0,3228301,2026-04-28T05:01:36.511650189Z,23648089
20260428,114040,1205249,IMPC,0,2200,2000,--,-,--,-,3210106,0,2026-04-28T05:01:36.559085297Z,23649550
20260428,114130,1208660,IMPC,0,2200,300,--,-,--,-,3210106,0,2026-04-28T05:01:36.628401944Z,23652965
20260428,114130,1208661,IMPC,0,2200,3300,--,-,--,-,3216584,0,2026-04-28T05:01:36.628405845Z,23652966
20260428,114235,1212542,IMPC,0,2200,3000,--,-,--,-,3216584,0,2026-04-28T05:01:36.735077783Z,23656847
20260428,115328,1244652,IMPC,0,2200,2800,--,-,--,-,3403075,0,2026-04-28T05:01:36.787794187Z,23658995
20260428,115328,1244653,IMPC,0,2200,300,--,-,--,-,3403245,0,2026-04-28T05:01:36.787797255Z,23658996
20260428,115400,1245998,IMPC,0,2200,200,--,-,--,-,3403245,0,2026-04-28T05:01:36.817106186Z,23660346
20260428,115400,1245999,IMPC,0,2200,300,--,-,--,-,3404551,0,2026-04-28T05:01:36.817111292Z,23660347
20260428,115437,1247639,IMPC,0,2200,600,--,-,--,-,3404551,0,2026-04-28T05:01:36.949929627Z,23661990
20260428,115447,1248065,IMPC,0,2200,3000,--,-,--,-,3404551,0,2026-04-28T05:01:36.969193744Z,23662416
20260428,115606,1254548,IMPC,0,2200,700,--,-,--,-,3404551,0,2026-04-28T05:01:37.159233756Z,23668900
20260428,115606,1254549,IMPC,0,2200,1000,--,-,--,-,3407655,0,2026-04-28T05:01:37.159238672Z,23668901
20260428,115606,1254550,IMPC,0,2200,400,--,-,--,-,3407742,0,2026-04-28T05:01:37.159244159Z,23668902
20260428,115621,1255342,IMPC,0,2200,500,--,-,--,-,3407742,0,2026-04-28T05:01:37.181019075Z,23669694
20260428,115621,1255343,IMPC,0,2200,900,--,-,--,-,3407834,0,2026-04-28T05:01:37.181021749Z,23669695
20260428,115621,1255344,IMPC,0,2200,100,--,-,--,-,3409470,0,2026-04-28T05:01:37.181032574Z,23669696
20260428,115621,1255345,IMPC,0,2200,1000,--,-,--,-,3410866,0,2026-04-28T05:01:37.182048606Z,23669697
20260428,115621,1255346,IMPC,0,2200,1200,--,-,--,-,3419859,0,2026-04-28T05:01:37.182054968Z,23669698
20260428,115729,1259534,IMPC,0,2210,100,--,-,--,-,0,3233708,2026-04-28T05:01:37.29977162Z,23673887
20260428,115820,1262241,IMPC,0,2200,2100,--,-,--,-,3419859,0,2026-04-28T05:01:37.452583855Z,23676597
20260428,115822,1262327,IMPC,0,2210,2000,--,-,--,-,0,3233708,2026-04-28T05:01:37.468053417Z,23676683
20260428,115822,1262328,IMPC,0,2210,500,--,-,--,-,0,3238092,2026-04-28T05:01:37.468056038Z,23676684
20260428,115822,1262329,IMPC,0,2210,500,--,-,--,-,0,3250664,2026-04-28T05:01:37.468058582Z,23676685
20260428,115822,1262330,IMPC,0,2210,40700,--,-,--,-,0,3253221,2026-04-28T05:01:37.468061124Z,23676686
20260428,115822,1262331,IMPC,0,2210,100,--,-,--,-,0,3262219,2026-04-28T05:01:37.468063641Z,23676687
20260428,115822,1262332,IMPC,0,2210,600,--,-,--,-,0,3289578,2026-04-28T05:01:37.468771274Z,23676688
20260428,115822,1262333,IMPC,0,2210,1500,--,-,--,-,0,3291819,2026-04-28T05:01:37.468774572Z,23676689
20260428,115822,1262334,IMPC,0,2210,2300,--,-,--,-,0,3302955,2026-04-28T05:01:37.468777285Z,23676690
20260428,115822,1262335,IMPC,0,2210,200,--,-,--,-,0,3305407,2026-04-28T05:01:37.46878142Z,23676691
20260428,115822,1262336,IMPC,0,2210,3700,--,-,--,-,0,3312097,2026-04-28T05:01:37.468784183Z,23676692
20260428,115822,1262337,IMPC,0,2210,200,--,-,--,-,0,3314634,2026-04-28T05:01:37.468786732Z,23676693
20260428,115822,1262338,IMPC,0,2210,600,--,-,--,-,0,3323202,2026-04-28T05:01:37.468789433Z,23676694
20260428,115822,1262339,IMPC,0,2210,3100,--,-,--,-,0,3330304,2026-04-28T05:01:37.468792035Z,23676695
20260428,115822,1262340,IMPC,0,2210,5000,--,-,--,-,0,3345721,2026-04-28T05:01:37.468794639Z,23676696
20260428,115822,1262341,IMPC,0,2210,600,--,-,--,-,0,3352028,2026-04-28T05:01:37.468797203Z,23676697
20260428,115822,1262342,IMPC,0,2210,200,--,-,--,-,0,3356467,2026-04-28T05:01:37.468799687Z,23676698
20260428,115822,1262343,IMPC,0,2210,6800,--,-,--,-,0,3370196,2026-04-28T05:01:37.468802173Z,23676699
20260428,115822,1262344,IMPC,0,2210,200,--,-,--,-,0,3377495,2026-04-28T05:01:37.468804638Z,23676700
20260428,115822,1262345,IMPC,0,2210,600,--,-,--,-,0,3393249,2026-04-28T05:01:37.468807125Z,23676701
20260428,115822,1262346,IMPC,0,2210,400,--,-,--,-,0,3397381,2026-04-28T05:01:37.468809601Z,23676702
20260428,115822,1262347,IMPC,0,2210,3100,--,-,--,-,0,3398781,2026-04-28T05:01:37.468812069Z,23676703
20260428,115822,1262348,IMPC,0,2210,500,--,-,--,-,0,3399795,2026-04-28T05:01:37.468814583Z,23676704
20260428,115822,1262349,IMPC,0,2210,800,--,-,--,-,0,3408026,2026-04-28T05:01:37.46881704Z,23676705
20260428,115822,1262350,IMPC,0,2210,3100,--,-,--,-,0,3409015,2026-04-28T05:01:37.468819524Z,23676706
20260428,115822,1262351,IMPC,0,2210,200,--,-,--,-,0,3410613,2026-04-28T05:01:37.468821991Z,23676707
20260428,115822,1262352,IMPC,0,2210,200,--,-,--,-,0,3419203,2026-04-28T05:01:37.468824478Z,23676708
20260428,115822,1262353,IMPC,0,2210,500,--,-,--,-,0,3424572,2026-04-28T05:01:37.468826966Z,23676709
20260428,115822,1262354,IMPC,0,2210,500,--,-,--,-,0,3453458,2026-04-28T05:01:37.468829445Z,23676710
20260428,115822,1262355,IMPC,0,2210,5100,--,-,--,-,0,3468316,2026-04-28T05:01:37.468832026Z,23676711
20260428,115822,1262356,IMPC,0,2210,50000,--,-,--,-,0,3471788,2026-04-28T05:01:37.468834596Z,23676712
20260428,115822,1262357,IMPC,0,2210,3400,--,-,--,-,0,3475482,2026-04-28T05:01:37.468837161Z,23676713
20260428,115822,1262358,IMPC,0,2210,200,--,-,--,-,0,3478993,2026-04-28T05:01:37.468839734Z,23676714
20260428,115822,1262359,IMPC,0,2210,2600,--,-,--,-,0,3482676,2026-04-28T05:01:37.468842319Z,23676715
20260428,115824,1262460,IMPC,0,2220,200,--,-,--,-,0,3197006,2026-04-28T05:01:37.470286592Z,23676816
20260428,115824,1262461,IMPC,0,2220,600,--,-,--,-,0,3197417,2026-04-28T05:01:37.470289233Z,23676817
20260428,115824,1262462,IMPC,0,2220,1500,--,-,--,-,0,3198836,2026-04-28T05:01:37.470291841Z,23676818
20260428,115824,1262494,IMPC,0,2220,2300,--,-,--,-,0,3198836,2026-04-28T05:01:37.470373975Z,23676850
20260428,115825,1262515,IMPC,0,2220,2700,--,-,--,-,0,3198836,2026-04-28T05:01:37.472769212Z,23676871
20260428,090001,31543,IMPC,0,2150,7500,MG,D,XC,D,511963,458940,2026-04-28T10:42:48.194181704Z,37530324
20260428,090001,31544,IMPC,0,2150,2500,MG,D,KI,D,511963,511178,2026-04-28T10:42:48.194192294Z,37530327
20260428,090001,31645,IMPC,0,2140,5000,KK,D,KI,D,16690,512738,2026-04-28T10:42:48.222616095Z,37531119
20260428,090001,31646,IMPC,0,2140,400,XL,D,KI,D,76827,512738,2026-04-28T10:42:48.222667049Z,37531136
20260428,090001,31647,IMPC,0,2140,500,SQ,D,KI,D,83220,512738,2026-04-28T10:42:48.22395133Z,37531147
20260428,090001,31648,IMPC,0,2140,100,YP,D,KI,D,125044,512738,2026-04-28T10:42:48.224072081Z,37531153
20260428,090001,31649,IMPC,0,2140,1800,XL,D,KI,D,133715,512738,2026-04-28T10:42:48.224083691Z,37531156
20260428,090001,31650,IMPC,0,2140,1800,XL,D,KI,D,135979,512738,2026-04-28T10:42:48.224095384Z,37531159
20260428,090001,31651,IMPC,0,2140,600,XL,D,KI,D,158829,512738,2026-04-28T10:42:48.224107349Z,37531162
20260428,090001,31652,IMPC,0,2140,1600,CC,D,KI,D,183151,512738,2026-04-28T10:42:48.224986946Z,37531165
20260428,090001,31653,IMPC,0,2140,1000,XL,D,KI,D,206227,512738,2026-04-28T10:42:48.225008662Z,37531168
20260428,090001,31654,IMPC,0,2140,1400,XL,D,KI,D,210412,512738,2026-04-28T10:42:48.225017769Z,37531171
20260428,090001,31655,IMPC,0,2140,500,AZ,D,KI,D,211750,512738,2026-04-28T10:42:48.22502672Z,37531174
20260428,090001,31656,IMPC,0,2140,8800,XL,D,KI,D,219430,512738,2026-04-28T10:42:48.225035328Z,37531177
20260428,090001,31703,IMPC,0,2140,5200,XL,D,KI,D,219430,513133,2026-04-28T10:42:48.231887684Z,37531506
20260428,090001,31704,IMPC,0,2140,6400,CC,D,KI,D,353806,513133,2026-04-28T10:42:48.23191821Z,37531517
20260428,090001,31708,IMPC,0,2140,8600,CC,D,KI,D,353806,513173,2026-04-28T10:42:48.231986748Z,37531541
20260428,090001,31709,IMPC,0,2140,500,XL,D,KI,D,427147,513173,2026-04-28T10:42:48.232002127Z,37531547
20260428,090001,31710,IMPC,0,2140,1000,YB,D,KI,D,443448,513173,2026-04-28T10:42:48.232241043Z,37531559
20260428,090001,31711,IMPC,0,2140,2000,XL,D,KI,D,445801,513173,2026-04-28T10:42:48.232267432Z,37531568
20260428,090001,31712,IMPC,0,2140,500,XL,D,KI,D,447681,513173,2026-04-28T10:42:48.23230263Z,37531581
20260428,090001,31713,IMPC,0,2140,100,XC,D,KI,D,455140,513173,2026-04-28T10:42:48.232327836Z,37531590
20260428,090001,31714,IMPC,0,2140,1000,OD,D,KI,D,473144,513173,2026-04-28T10:42:48.232371101Z,37531607
20260428,090001,31715,IMPC,0,2140,7700,SQ,D,KI,D,482636,513173,2026-04-28T10:42:48.232397105Z,37531617
20260428,090001,31723,IMPC,0,2140,1100,SQ,D,KI,D,482636,513210,2026-04-28T10:42:48.232859345Z,37531682
20260428,090001,31724,IMPC,0,2140,10000,SQ,D,KI,D,483321,513210,2026-04-28T10:42:48.234246013Z,37531685
20260428,090001,31725,IMPC,0,2140,1800,YP,D,KI,D,486091,513210,2026-04-28T10:42:48.234256627Z,37531688
20260428,090001,31788,IMPC,0,2150,11000,CP,D,KI,D,513563,511178,2026-04-28T10:42:48.248521398Z,37532085
20260428,090001,31789,IMPC,0,2150,9000,CP,D,KI,D,513563,512498,2026-04-28T10:42:48.248561263Z,37532093
20260428,090001,31798,IMPC,0,2150,1800,CP,D,KI,D,513622,512498,2026-04-28T10:42:48.249725183Z,37532181
20260428,090001,32065,IMPC,0,2150,1900,CP,D,BK,F,513622,514623,2026-04-28T10:42:48.304227535Z,37533915
20260428,090003,38426,IMPC,0,2170,3700,ZP,F,CP,D,537632,443396,2026-04-28T10:42:49.580591859Z,37576642
20260428,090003,38427,IMPC,0,2170,200,ZP,F,BK,F,537632,517905,2026-04-28T10:42:49.580604917Z,37576645
20260428,090013,49758,IMPC,0,2160,17100,CC,F,XL,D,561656,578188,2026-04-28T10:42:51.008466981Z,37623237
20260428,090013,49764,IMPC,0,2160,17900,CC,F,AK,F,561656,578232,2026-04-28T10:42:51.016670706Z,37623257
20260428,090015,50868,IMPC,0,2160,14400,XL,D,KI,D,563550,579882,2026-04-28T10:42:51.214272605Z,37630655
20260428,090017,51923,IMPC,0,2160,4600,XL,D,AK,F,563550,581630,2026-04-28T10:42:51.405514373Z,37637863
20260428,090017,51924,IMPC,0,2160,2500,XL,D,AK,F,572493,581630,2026-04-28T10:42:51.405522996Z,37637866
20260428,090023,54242,IMPC,0,2170,15400,XL,D,BK,F,586741,517905,2026-04-28T10:42:51.945003185Z,37653741
20260428,090023,54243,IMPC,0,2170,500,XL,D,AK,F,586741,546501,2026-04-28T10:42:51.94509807Z,37653756
20260428,090023,54244,IMPC,0,2170,6900,XL,D,AK,F,586741,547907,2026-04-28T10:42:51.945114399Z,37653762
20260428,090042,61997,IMPC,0,2160,4000,CC,D,CC,F,604738,591610,2026-04-28T10:42:52.740818992Z,37676500
20260428,090042,61998,IMPC,0,2160,15800,CC,D,AK,F,604738,591838,2026-04-28T10:42:52.741193243Z,37676512
20260428,090042,61999,IMPC,0,2160,2200,CC,D,BK,F,604738,595304,2026-04-28T10:42:52.741706672Z,37676535
20260428,090042,62000,IMPC,0,2160,200,CC,D,AK,F,604738,597140,2026-04-28T10:42:52.741753475Z,37676551
20260428,090042,62001,IMPC,0,2160,3800,CC,D,AK,F,604738,597143,2026-04-28T10:42:52.743456988Z,37676568
20260428,090042,62002,IMPC,0,2160,3600,CC,D,AK,F,604738,597145,2026-04-28T10:42:52.743466957Z,37676572
20260428,090042,62003,IMPC,0,2160,1000,CC,D,AK,F,604738,597164,2026-04-28T10:42:52.744103779Z,37676579
20260428,090042,62004,IMPC,0,2160,6300,CC,D,AK,F,604738,597165,2026-04-28T10:42:52.744118357Z,37676584
20260428,090042,62005,IMPC,0,2160,9100,CC,D,KI,D,604738,603178,2026-04-28T10:42:52.744146877Z,37676595
20260428,090042,62032,IMPC,0,2160,4000,CC,D,AK,F,604738,604826,2026-04-28T10:42:52.755032872Z,37676837
20260428,090043,62645,IMPC,0,2170,200,ZP,F,KK,D,605419,589205,2026-04-28T10:42:52.863288151Z,37681052
20260428,090043,62646,IMPC,0,2170,200,ZP,F,XL,D,605419,590017,2026-04-28T10:42:52.863297926Z,37681055
20260428,090043,62647,IMPC,0,2170,3300,ZP,F,KI,D,605419,590970,2026-04-28T10:42:52.86330747Z,37681058
20260428,090045,63606,IMPC,0,2170,8400,XL,D,KI,D,607124,590970,2026-04-28T10:42:53.056812898Z,37687543
20260428,090045,63607,IMPC,0,2170,8600,XL,D,AK,F,607124,604878,2026-04-28T10:42:53.056838624Z,37687551
20260428,090045,63608,IMPC,0,2170,200,XL,D,AK,F,607124,605639,2026-04-28T10:42:53.056860883Z,37687558
20260428,090045,63621,IMPC,0,2170,22800,XL,D,AK,F,607124,607181,2026-04-28T10:42:53.060289943Z,37687666
20260428,090053,66549,IMPC,0,2170,100,XL,D,CC,F,614076,611732,2026-04-28T10:42:53.687092996Z,37707598
20260428,090053,66628,IMPC,0,2170,1200,XL,D,CC,F,614228,611732,2026-04-28T10:42:53.705841376Z,37708131
20260428,090056,67735,IMPC,0,2170,2100,AK,F,BK,F,617186,612742,2026-04-28T10:42:53.919491084Z,37715617
20260428,090056,67736,IMPC,0,2170,4800,AK,F,AK,F,617186,612923,2026-04-28T10:42:53.919527573Z,37715625
20260428,090118,76708,IMPC,0,2200,2000,XL,D,YP,D,637075,29974,2026-04-28T10:42:54.939066669Z,37746799
20260428,090118,76727,IMPC,0,2190,1000,YB,D,PD,D,633408,637126,2026-04-28T10:42:54.943685974Z,37746989
20260428,090125,78955,IMPC,0,2200,10500,CC,D,YP,D,642627,29974,2026-04-28T10:42:55.432664901Z,37762245
20260428,090125,78956,IMPC,0,2200,400,CC,D,XL,D,642627,220571,2026-04-28T10:42:55.432672982Z,37762248
20260428,090125,78957,IMPC,0,2200,4000,CC,D,XC,D,642627,338242,2026-04-28T10:42:55.432683497Z,37762251
20260428,090125,78958,IMPC,0,2200,2300,CC,D,XL,D,642627,453392,2026-04-28T10:42:55.432693082Z,37762254
20260428,090125,78959,IMPC,0,2200,2500,CC,D,XL,D,642627,478005,2026-04-28T10:42:55.432703153Z,37762257
20260428,090125,78960,IMPC,0,2200,300,CC,D,KI,D,642627,507318,2026-04-28T10:42:55.432711271Z,37762260
20260428,090125,79078,IMPC,0,2190,9000,YB,D,XL,D,633408,643081,2026-04-28T10:42:55.452101429Z,37763054
20260428,090125,79079,IMPC,0,2190,1000,XL,D,XL,D,636016,643081,2026-04-28T10:42:55.452136035Z,37763065
20260428,090125,79080,IMPC,0,2190,200,CC,D,XL,D,639928,643081,2026-04-28T10:42:55.454910718Z,37763074
20260428,090125,79081,IMPC,0,2190,3500,NI,D,XL,D,642644,643081,2026-04-28T10:42:55.454941602Z,37763083
20260428,090125,79176,IMPC,0,2200,3900,ZP,F,KI,D,643186,507318,2026-04-28T10:42:55.47198218Z,37763791
20260428,090127,79419,IMPC,0,2190,6500,NI,D,MG,D,642644,644050,2026-04-28T10:42:55.511348835Z,37765397
20260428,090128,79855,IMPC,0,2190,1000,XL,D,MG,D,645236,644050,2026-04-28T10:42:55.589470361Z,37768448
20260428,090128,79965,IMPC,0,2190,300,XL,D,MG,D,645578,644050,2026-04-28T10:42:55.601267584Z,37769074
20260428,090151,87065,IMPC,0,2190,500,XL,D,XL,D,664027,665524,2026-04-28T10:42:56.141743926Z,37787808
20260428,090158,88808,IMPC,0,2200,1000,XL,D,KI,D,670746,507318,2026-04-28T10:42:56.593670059Z,37799572
20260428,090200,89339,IMPC,0,2200,5500,XL,D,KI,D,672531,507318,2026-04-28T10:42:56.701923959Z,37803237
20260428,090200,89340,IMPC,0,2200,5200,XL,D,KI,D,672531,512458,2026-04-28T10:42:56.7043146Z,37803250
20260428,090206,91532,IMPC,0,2200,8300,KK,D,KI,D,677916,512458,2026-04-28T10:42:57.207645942Z,37818206
20260428,090206,91533,IMPC,0,2200,6700,KK,D,XL,D,677916,531181,2026-04-28T10:42:57.207653647Z,37818209
20260428,090209,92291,IMPC,0,2200,2100,XL,D,XL,D,680082,531181,2026-04-28T10:42:57.330591768Z,37823360
20260428,090209,92292,IMPC,0,2200,1400,XL,D,XL,D,680082,563568,2026-04-28T10:42:57.330604372Z,37823363
20260428,090209,92293,IMPC,0,2200,1000,XL,D,OD,D,680082,631761,2026-04-28T10:42:57.330616049Z,37823366
20260428,090209,92294,IMPC,0,2200,1200,XL,D,XL,D,680082,637120,2026-04-28T10:42:57.33062673Z,37823369
20260428,090209,92295,IMPC,0,2200,700,XL,D,XL,D,680082,638386,2026-04-28T10:42:57.330637443Z,37823372
20260428,090209,92296,IMPC,0,2200,4800,XL,D,AK,F,680082,638513,2026-04-28T10:42:57.330658931Z,37823378
20260428,090209,92297,IMPC,0,2200,500,XL,D,CC,D,680082,651541,2026-04-28T10:42:57.330675556Z,37823382
20260428,090209,92298,IMPC,0,2200,6200,XL,D,AK,F,680082,654286,2026-04-28T10:42:57.330701477Z,37823388
20260428,090209,92299,IMPC,0,2200,8800,XL,D,XL,D,680082,656406,2026-04-28T10:42:57.330743142Z,37823392
20260428,090209,92300,IMPC,0,2200,2000,XL,D,BK,F,680082,656942,2026-04-28T10:42:57.330775582Z,37823400
20260428,090209,92301,IMPC,0,2200,7600,XL,D,KI,D,680082,659289,2026-04-28T10:42:57.33079602Z,37823405
20260428,090209,92302,IMPC,0,2200,3100,XL,D,AK,F,680082,661601,2026-04-28T10:42:57.330824577Z,37823413
20260428,090209,92303,IMPC,0,2200,300,XL,D,AK,F,680082,665703,2026-04-28T10:42:57.33088106Z,37823426
20260428,090209,92304,IMPC,0,2200,5000,XL,D,CC,D,680082,670077,2026-04-28T10:42:57.330921184Z,37823436
20260428,090209,92305,IMPC,0,2200,28200,XL,D,CC,F,680082,670397,2026-04-28T10:42:57.330970671Z,37823448
20260428,090210,92724,IMPC,0,2200,5000,XL,D,CC,F,681231,670397,2026-04-28T10:42:57.417330215Z,37826427
20260428,090212,93276,IMPC,0,2200,500,XL,D,CC,F,682871,670397,2026-04-28T10:42:57.507847747Z,37830106
20260428,090212,93277,IMPC,0,2200,3100,XL,D,AK,F,682871,672737,2026-04-28T10:42:57.507928106Z,37830109
20260428,090213,93414,IMPC,0,2200,600,KK,D,AK,F,683447,672737,2026-04-28T10:42:57.537671088Z,37831092
20260428,090213,93415,IMPC,0,2200,100,KK,D,BK,F,683447,674091,2026-04-28T10:42:57.537683141Z,37831095
20260428,090213,93416,IMPC,0,2200,4300,KK,D,AK,F,683447,680183,2026-04-28T10:42:57.539745989Z,37831098
20260428,090247,102712,IMPC,0,2200,200,LG,D,KK,D,708458,684249,2026-04-28T10:42:58.62606079Z,37864584
20260428,090247,102713,IMPC,0,2200,2700,LG,D,AK,F,708458,684348,2026-04-28T10:42:58.626069294Z,37864587
20260428,090247,102714,IMPC,0,2200,3600,LG,D,AK,F,708458,689735,2026-04-28T10:42:58.626077732Z,37864590
20260428,090247,102715,IMPC,0,2200,900,LG,D,XL,D,708458,692997,2026-04-28T10:42:58.626087042Z,37864593
20260428,090247,102716,IMPC,0,2200,3200,LG,D,YP,D,708458,695262,2026-04-28T10:42:58.626095297Z,37864596
20260428,090249,103446,IMPC,0,2200,600,XL,D,YP,D,710294,695262,2026-04-28T10:42:58.774657252Z,37869526
20260428,090252,104001,IMPC,0,2200,800,XL,D,YP,D,712124,695262,2026-04-28T10:42:58.89059045Z,37873355
20260428,090254,104668,IMPC,0,2200,4200,CC,D,YP,D,713879,695262,2026-04-28T10:42:59.007738369Z,37877900
20260428,090254,104669,IMPC,0,2200,800,CC,D,BK,F,713879,695462,2026-04-28T10:42:59.008328169Z,37877913
20260428,090256,105240,IMPC,0,2200,100,XL,D,BK,F,715215,695462,2026-04-28T10:42:59.139523229Z,37881744
20260428,090301,106590,IMPC,0,2190,600,XL,D,XL,D,664027,718878,2026-04-28T10:42:59.431257778Z,37891045
20260428,090314,110190,IMPC,0,2200,100,XL,D,BK,F,728269,695462,2026-04-28T10:43:00.192268438Z,37915582
20260428,090314,110208,IMPC,0,2190,500,XL,D,XL,D,664027,728309,2026-04-28T10:43:00.193742534Z,37915714
20260428,090323,112438,IMPC,0,2190,5500,XL,D,CC,D,664027,734179,2026-04-28T10:43:00.744172364Z,37930891
20260428,090323,112439,IMPC,0,2190,1000,XL,D,CC,D,664562,734179,2026-04-28T10:43:00.745980716Z,37930902
20260428,090323,112496,IMPC,0,2190,1900,XL,D,AK,F,664562,734348,2026-04-28T10:43:00.764602162Z,37931331
20260428,090323,112497,IMPC,0,2190,1800,YP,D,AK,F,664664,734348,2026-04-28T10:43:00.764654932Z,37931347
20260428,090323,112513,IMPC,0,2190,9100,YP,D,AK,F,664664,734393,2026-04-28T10:43:00.77181672Z,37931484
20260428,090323,112514,IMPC,0,2190,100,YP,D,AK,F,665985,734393,2026-04-28T10:43:00.771951612Z,37931497
20260428,090323,112515,IMPC,0,2190,2000,XL,D,AK,F,666304,734393,2026-04-28T10:43:00.772364347Z,37931506
20260428,090323,112516,IMPC,0,2190,200,YP,D,AK,F,667784,734393,2026-04-28T10:43:00.772514566Z,37931515
20260428,090323,112517,IMPC,0,2190,5000,DH,D,AK,F,670143,734393,2026-04-28T10:43:00.772669448Z,37931528
20260428,090323,112518,IMPC,0,2190,300,XL,D,AK,F,679038,734393,2026-04-28T10:43:00.77269852Z,37931537
20260428,090323,112519,IMPC,0,2190,300,XC,D,AK,F,691688,734393,2026-04-28T10:43:00.772733736Z,37931548
20260428,090323,112520,IMPC,0,2190,24100,XL,D,AK,F,698751,734393,2026-04-28T10:43:00.772761047Z,37931557
20260428,090323,112521,IMPC,0,2190,1400,XL,D,AK,F,705333,734393,2026-04-28T10:43:00.772796667Z,37931566
20260428,090323,112522,IMPC,0,2190,1000,XL,D,AK,F,715912,734393,2026-04-28T10:43:00.772829552Z,37931577
20260428,090323,112523,IMPC,0,2190,3000,LG,D,AK,F,716236,734393,2026-04-28T10:43:00.772950174Z,37931591
20260428,090323,112524,IMPC,0,2190,100,SQ,D,AK,F,726461,734393,2026-04-28T10:43:00.772975091Z,37931599
20260428,090323,112525,IMPC,0,2190,600,XL,D,AK,F,723084,734393,2026-04-28T10:43:00.773090331Z,37931609
20260428,090323,112526,IMPC,0,2190,4000,XL,D,AK,F,726391,734393,2026-04-28T10:43:00.773148088Z,37931627
20260428,090323,112527,IMPC,0,2190,100,XC,D,AK,F,734008,734393,2026-04-28T10:43:00.77317819Z,37931636
20260428,090346,119588,IMPC,0,2180,5400,CC,D,XL,D,654118,751214,2026-04-28T10:43:01.356407585Z,37949792
20260428,090346,119640,IMPC,0,2180,5600,CC,D,AK,F,654118,751363,2026-04-28T10:43:01.367378296Z,37950087
20260428,090347,119958,IMPC,0,2190,1100,ZP,F,XL,D,751677,735863,2026-04-28T10:43:01.416194811Z,37952398
20260428,090347,119959,IMPC,0,2190,2000,ZP,F,BK,F,751677,736004,2026-04-28T10:43:01.416212121Z,37952404
20260428,090347,119960,IMPC,0,2190,700,ZP,F,AK,F,751677,736056,2026-04-28T10:43:01.416973866Z,37952414
20260428,090347,120048,IMPC,0,2190,200,CC,D,AK,F,751968,736056,2026-04-28T10:43:01.434735073Z,37952965
20260428,090355,121849,IMPC,0,2190,2500,YP,D,AK,F,757169,736056,2026-04-28T10:43:01.876475473Z,37965210
20260428,090357,122480,IMPC,0,2180,200,CC,D,XL,D,654118,759075,2026-04-28T10:43:01.989328507Z,37969615
20260428,090359,123031,IMPC,0,2180,6000,CC,D,AT,D,654118,760269,2026-04-28T10:43:02.113798473Z,37973352
20260428,090404,124569,IMPC,0,2180,208700,CC,D,AK,F,654118,764053,2026-04-28T10:43:02.481508203Z,37983861
20260428,090404,124600,IMPC,0,2180,16400,CC,D,AK,F,654118,764105,2026-04-28T10:43:02.484908765Z,37984041
20260428,090404,124602,IMPC,0,2180,13700,CC,D,AK,F,654118,764108,2026-04-28T10:43:02.48503052Z,37984067
20260428,090404,124603,IMPC,0,2180,1000,XL,D,AK,F,691949,764108,2026-04-28T10:43:02.485095207Z,37984081
20260428,090404,124604,IMPC,0,2180,3600,GR,D,AK,F,700486,764108,2026-04-28T10:43:02.48591584Z,37984114
20260428,090404,124605,IMPC,0,2180,200,PD,D,AK,F,733486,764108,2026-04-28T10:43:02.485980109Z,37984121
20260428,090404,124606,IMPC,0,2180,100,XC,D,AK,F,742150,764108,2026-04-28T10:43:02.486010796Z,37984128
20260428,090404,124607,IMPC,0,2180,1500,BQ,D,AK,F,753549,764108,2026-04-28T10:43:02.486031868Z,37984133
20260428,090404,124608,IMPC,0,2180,300,XC,D,AK,F,756288,764108,2026-04-28T10:43:02.486074682Z,37984142
20260428,090404,124609,IMPC,0,2180,500,XC,D,AK,F,761644,764108,2026-04-28T10:43:02.486109714Z,37984150
20260428,090404,124627,IMPC,0,2170,100,XL,D,AK,F,628994,764155,2026-04-28T10:43:02.498992162Z,37984331
20260428,090404,124628,IMPC,0,2170,5000,BQ,D,AK,F,743529,764155,2026-04-28T10:43:02.499000966Z,37984334
20260428,090404,124629,IMPC,0,2170,4900,IF,D,AK,F,748006,764155,2026-04-28T10:43:02.499010044Z,37984337
20260428,090404,124639,IMPC,0,2170,100,IF,D,XL,D,748006,764196,2026-04-28T10:43:02.49975763Z,37984367
20260428,090404,124640,IMPC,0,2170,20000,GR,D,XL,D,757309,764196,2026-04-28T10:43:02.499770117Z,37984370
20260428,090404,124641,IMPC,0,2160,4900,YU,D,XL,D,611304,764196,2026-04-28T10:43:02.499782839Z,37984373
20260428,090405,124798,IMPC,0,2170,3800,ZP,F,YP,D,764394,764202,2026-04-28T10:43:02.537261371Z,37985436
20260428,090411,126828,IMPC,0,2170,500,XL,D,YP,D,769267,764202,2026-04-28T10:43:03.039853028Z,37999381
20260428,090412,127032,IMPC,0,2170,3900,ZP,F,YP,D,769790,764202,2026-04-28T10:43:03.046048216Z,38000717
20260428,090413,127184,IMPC,0,2170,500,YB,D,YP,D,770244,764202,2026-04-28T10:43:03.081671056Z,38001727
20260428,090431,132909,IMPC,0,2160,100,XL,D,XL,D,630355,783400,2026-04-28T10:43:03.341408073Z,38010770
20260428,090433,133664,IMPC,0,2170,1000,AT,D,AK,F,785298,767972,2026-04-28T10:43:03.504806941Z,38015895
20260428,090703,181921,IMPC,0,2140,1000,XL,D,LG,D,489325,892308,2026-04-28T10:43:04.528189435Z,38046426
20260428,090703,181922,IMPC,0,2140,2400,XL,D,LG,D,576345,892308,2026-04-28T10:43:04.528198636Z,38046429
20260428,090703,181923,IMPC,0,2140,5000,XL,D,LG,D,603375,892308,2026-04-28T10:43:04.528207762Z,38046432
20260428,090703,181924,IMPC,0,2140,2200,XL,D,LG,D,664543,892308,2026-04-28T10:43:04.528216857Z,38046435
20260428,090705,182556,IMPC,0,2140,800,XL,D,XL,D,664543,893708,2026-04-28T10:43:04.660697345Z,38050814
20260428,090713,185166,IMPC,0,2150,100,XL,D,AK,F,899060,889520,2026-04-28T10:43:05.281996411Z,38068732
20260428,090715,185762,IMPC,0,2150,3700,AK,F,AK,F,900671,889521,2026-04-28T10:43:05.384586835Z,38072735
20260428,090715,185763,IMPC,0,2150,3300,AK,F,AK,F,900671,889522,2026-04-28T10:43:05.384631848Z,38072748
20260428,090715,185764,IMPC,0,2150,5200,AK,F,BK,F,900671,889606,2026-04-28T10:43:05.385098205Z,38072767
20260428,090715,185765,IMPC,0,2150,12900,AK,F,KI,D,900671,890464,2026-04-28T10:43:05.385947291Z,38072776
20260428,090715,185766,IMPC,0,2150,3100,AK,F,AK,F,900671,891867,2026-04-28T10:43:05.385992402Z,38072791
20260428,090715,185767,IMPC,0,2150,4300,AK,F,AK,F,900671,891868,2026-04-28T10:43:05.387107832Z,38072801
20260428,090715,185768,IMPC,0,2150,300,AK,F,AK,F,900671,891901,2026-04-28T10:43:05.387137263Z,38072811
20260428,090715,185769,IMPC,0,2150,300,AK,F,AK,F,900671,891903,2026-04-28T10:43:05.387173399Z,38072824
20260428,090715,185770,IMPC,0,2150,300,AK,F,AK,F,900671,891946,2026-04-28T10:43:05.390940356Z,38072832
20260428,090715,185771,IMPC,0,2150,23500,AK,F,KI,D,900671,897760,2026-04-28T10:43:05.390962887Z,38072840
20260428,090715,185772,IMPC,0,2150,3300,AK,F,AK,F,900671,897905,2026-04-28T10:43:05.390993641Z,38072850
20260428,090715,185866,IMPC,0,2150,5800,AK,F,AK,F,900879,900807,2026-04-28T10:43:05.406334197Z,38073446
20260428,090822,204121,IMPC,0,2140,15100,XL,D,YP,D,664543,943475,2026-04-28T10:43:07.64409895Z,38137953
20260428,090822,204122,IMPC,0,2140,10000,CP,D,YP,D,739855,943475,2026-04-28T10:43:07.644152404Z,38137964
20260428,090822,204123,IMPC,0,2140,10200,XL,D,YP,D,786264,943475,2026-04-28T10:43:07.647287915Z,38137970
20260428,090822,204124,IMPC,0,2140,300,XL,D,YP,D,836517,943475,2026-04-28T10:43:07.647341109Z,38137978
20260428,090822,204125,IMPC,0,2140,500,XL,D,YP,D,837348,943475,2026-04-28T10:43:07.647377331Z,38137986
20260428,090822,204126,IMPC,0,2140,13900,YP,D,YP,D,845494,943475,2026-04-28T10:43:07.648310166Z,38137997
20260428,090823,204242,IMPC,0,2150,3700,ZP,F,KI,D,943840,908720,2026-04-28T10:43:07.668504817Z,38138671
20260428,090823,204314,IMPC,0,2140,1000,YP,D,AT,D,845494,944036,2026-04-28T10:43:07.683271788Z,38139187
20260428,090831,206444,IMPC,0,2140,5000,YP,D,PD,D,845494,948559,2026-04-28T10:43:08.198691368Z,38153708
20260428,090841,210263,IMPC,0,2140,2200,YP,D,XL,D,845494,955008,2026-04-28T10:43:09.082128069Z,38179799
20260428,090843,210635,IMPC,0,2140,4900,YP,D,CC,D,845494,955985,2026-04-28T10:43:09.150328805Z,38182335
20260428,090843,210636,IMPC,0,2140,100,XL,D,CC,D,849456,955985,2026-04-28T10:43:09.150343144Z,38182338
20260428,090843,210637,IMPC,0,2140,4800,YP,D,CC,D,901261,955985,2026-04-28T10:43:09.150357635Z,38182341
20260428,090846,211416,IMPC,0,2140,1200,YP,D,XC,D,901261,958258,2026-04-28T10:43:09.323785Z,38187677
20260428,090909,217413,IMPC,0,2140,1000,YB,D,XL,D,907679,971892,2026-04-28T10:43:09.628770517Z,38198490
20260428,090909,217414,IMPC,0,2140,2000,XL,D,XL,D,916208,971892,2026-04-28T10:43:09.628781533Z,38198493
20260428,090909,217415,IMPC,0,2140,2400,XC,D,XL,D,918066,971892,2026-04-28T10:43:09.628794228Z,38198496
20260428,090909,217416,IMPC,0,2140,1000,XL,D,XL,D,925278,971892,2026-04-28T10:43:09.628808397Z,38198499
20260428,090909,217417,IMPC,0,2140,100,NI,D,XL,D,929509,971892,2026-04-28T10:43:09.628827786Z,38198502
20260428,090909,217418,IMPC,0,2140,3800,ZP,F,XL,D,944306,971892,2026-04-28T10:43:09.628840074Z,38198505
20260428,090909,217419,IMPC,0,2140,200,XL,D,XL,D,947262,971892,2026-04-28T10:43:09.62885412Z,38198508
20260428,090909,217420,IMPC,0,2140,1000,XL,D,XL,D,960931,971892,2026-04-28T10:43:09.628865751Z,38198511
20260428,090909,217421,IMPC,0,2140,1000,YB,D,XL,D,969922,971892,2026-04-28T10:43:09.628877154Z,38198514
20260428,090910,217477,IMPC,0,2140,100,CC,D,XL,D,972072,971892,2026-04-28T10:43:09.641260516Z,38198973
20260428,090920,219896,IMPC,0,2130,500,KK,D,CC,D,27806,978306,2026-04-28T10:43:10.169946224Z,38215463
20260428,090920,219898,IMPC,0,2130,500,KK,D,PD,D,27806,978312,2026-04-28T10:43:10.170495274Z,38215486
20260428,090920,219899,IMPC,0,2130,600,XL,D,PD,D,77918,978312,2026-04-28T10:43:10.170530913Z,38215496
20260428,090920,219900,IMPC,0,2130,500,PD,D,PD,D,232567,978312,2026-04-28T10:43:10.170565302Z,38215506
20260428,090920,219901,IMPC,0,2130,100,PD,D,PD,D,304785,978312,2026-04-28T10:43:10.170624816Z,38215522
20260428,090920,219902,IMPC,0,2130,100,XL,D,PD,D,485230,978312,2026-04-28T10:43:10.170836179Z,38215540
20260428,090920,219903,IMPC,0,2130,200,PD,D,PD,D,486178,978312,2026-04-28T10:43:10.171388965Z,38215554
20260428,090920,219904,IMPC,0,2130,500,XL,D,PD,D,679272,978312,2026-04-28T10:43:10.171421965Z,38215566
20260428,090920,219905,IMPC,0,2130,500,CP,D,PD,D,719446,978312,2026-04-28T10:43:10.171429593Z,38215569
20260428,090920,219911,IMPC,0,2130,3600,CP,D,XL,D,719446,978333,2026-04-28T10:43:10.172224344Z,38215587
20260428,090920,219955,IMPC,0,2130,3600,CP,D,AK,F,719446,978482,2026-04-28T10:43:10.178250302Z,38215844
20260428,090920,220016,IMPC,0,2140,8500,AK,F,XL,D,978835,971892,2026-04-28T10:43:10.209994545Z,38216202
20260428,090920,220017,IMPC,0,2140,400,AK,F,AK,F,978835,972066,2026-04-28T10:43:10.210036122Z,38216213
20260428,090920,220018,IMPC,0,2140,1600,AK,F,AK,F,978835,972070,2026-04-28T10:43:10.210076321Z,38216223
20260428,090920,220019,IMPC,0,2140,6200,AK,F,AK,F,978835,972081,2026-04-28T10:43:10.210086485Z,38216226
20260428,090920,220020,IMPC,0,2140,3400,AK,F,AK,F,978835,972205,2026-04-28T10:43:10.210116953Z,38216235
20260428,090920,220021,IMPC,0,2140,2200,AK,F,AK,F,978835,972211,2026-04-28T10:43:10.210137043Z,38216241
20260428,090920,220022,IMPC,0,2140,4200,AK,F,BK,F,978835,972657,2026-04-28T10:43:10.210162286Z,38216248
20260428,090920,220023,IMPC,0,2140,400,AK,F,AK,F,978835,978457,2026-04-28T10:43:10.210195152Z,38216258
20260428,090920,220024,IMPC,0,2140,300,AK,F,AK,F,978835,978467,2026-04-28T10:43:10.210218942Z,38216265
20260428,090920,220025,IMPC,0,2140,4400,AK,F,AK,F,978835,978471,2026-04-28T10:43:10.215529002Z,38216277
20260428,090921,220049,IMPC,0,2140,6000,AK,F,AK,F,978939,978905,2026-04-28T10:43:10.240468526Z,38216525
20260428,090922,220359,IMPC,0,2150,1500,XC,D,KI,D,979528,908720,2026-04-28T10:43:10.390700826Z,38218682
20260428,090926,221344,IMPC,0,2130,2300,CP,D,XL,D,719446,981788,2026-04-28T10:43:10.534743062Z,38225336
20260428,090926,221345,IMPC,0,2130,1000,GR,D,XL,D,886222,981788,2026-04-28T10:43:10.536887361Z,38225345
20260428,090926,221346,IMPC,0,2130,2000,CC,D,XL,D,892718,981788,2026-04-28T10:43:10.536913953Z,38225354
20260428,090926,221347,IMPC,0,2130,200,XL,D,XL,D,949012,981788,2026-04-28T10:43:10.536953181Z,38225366
20260428,090926,221348,IMPC,0,2130,1200,XL,D,XL,D,952690,981788,2026-04-28T10:43:10.536998375Z,38225381
20260428,090926,221349,IMPC,0,2130,14600,MG,D,XL,D,978318,981788,2026-04-28T10:43:10.537034995Z,38225393
20260428,090937,224794,IMPC,0,2130,5400,MG,D,PD,D,978318,989021,2026-04-28T10:43:11.318945252Z,38249086
20260428,090937,224795,IMPC,0,2130,4600,AK,F,PD,D,978893,989021,2026-04-28T10:43:11.318956315Z,38249089
20260428,090938,224932,IMPC,0,2130,8400,AK,F,XL,D,978893,989303,2026-04-28T10:43:11.348491745Z,38250039
20260428,090939,225218,IMPC,0,2130,7700,AK,F,XL,D,978893,990121,2026-04-28T10:43:11.404690519Z,38251907
20260428,091011,234075,IMPC,0,2130,1000,ZP,F,LG,D,982048,1009105,2026-04-28T10:43:12.41302699Z,38282564
20260428,091019,236327,IMPC,0,2130,400,ZP,F,AT,D,982048,1014036,2026-04-28T10:43:12.958885435Z,38297940
20260428,091022,237140,IMPC,0,2130,500,ZP,F,PD,D,982048,1016143,2026-04-28T10:43:13.122897762Z,38303457
20260428,091022,237141,IMPC,0,2130,800,SQ,D,PD,D,985346,1016143,2026-04-28T10:43:13.122908078Z,38303460
20260428,091046,242865,IMPC,0,2140,300,AK,F,XL,D,1030519,1030479,2026-04-28T10:43:13.454907495Z,38312618
20260428,091052,244209,IMPC,0,2140,1200,YP,D,PD,D,1032993,1034272,2026-04-28T10:43:13.755931952Z,38321869
20260428,091052,244210,IMPC,0,2130,1300,SQ,D,PD,D,985346,1034272,2026-04-28T10:43:13.755947736Z,38321872
20260428,091052,244211,IMPC,0,2130,500,XL,D,PD,D,985667,1034272,2026-04-28T10:43:13.755959675Z,38321875
20260428,091052,244212,IMPC,0,2130,2000,XL,D,PD,D,987789,1034272,2026-04-28T10:43:13.755972761Z,38321878
20260428,091105,247030,IMPC,0,2130,1000,XL,D,XL,D,987789,1041991,2026-04-28T10:43:14.292437164Z,38341116
20260428,091106,247387,IMPC,0,2130,11600,XL,D,XL,D,987789,1043128,2026-04-28T10:43:14.380677173Z,38343446
20260428,091144,256108,IMPC,0,2140,100,XL,D,XL,D,1063558,1042312,2026-04-28T10:43:15.411770572Z,38372676
20260428,091145,256358,IMPC,0,2130,9600,XL,D,XL,D,987789,1064085,2026-04-28T10:43:15.43714366Z,38374378
20260428,091145,256359,IMPC,0,2130,100,PD,D,XL,D,1000761,1064085,2026-04-28T10:43:15.437161381Z,38374383
20260428,091145,256360,IMPC,0,2130,200,XL,D,XL,D,1006940,1064085,2026-04-28T10:43:15.437409566Z,38374394
20260428,091145,256361,IMPC,0,2130,500,YP,D,XL,D,1008622,1064085,2026-04-28T10:43:15.437469302Z,38374412
20260428,091145,256362,IMPC,0,2130,800,XL,D,XL,D,1011989,1064085,2026-04-28T10:43:15.444398303Z,38374424
20260428,091145,256363,IMPC,0,2130,2600,CC,D,XL,D,1021971,1064085,2026-04-28T10:43:15.444475831Z,38374436
20260428,091146,256550,IMPC,0,2130,200,CC,D,XL,D,1021971,1064633,2026-04-28T10:43:15.49771471Z,38375779
20260428,091149,257170,IMPC,0,2140,300,XC,D,XL,D,1066266,1042312,2026-04-28T10:43:15.574949771Z,38379929
20260428,091149,257171,IMPC,0,2140,3800,XC,D,AK,F,1066266,1043254,2026-04-28T10:43:15.574969726Z,38379932
20260428,091149,257172,IMPC,0,2140,1900,XC,D,AK,F,1066266,1043255,2026-04-28T10:43:15.574989283Z,38379935
20260428,091149,257173,IMPC,0,2140,300,XC,D,AK,F,1066266,1043269,2026-04-28T10:43:15.575005879Z,38379938
20260428,091149,257174,IMPC,0,2140,2200,XC,D,BK,F,1066266,1043971,2026-04-28T10:43:15.575022275Z,38379941
20260428,091149,257175,IMPC,0,2140,3200,XC,D,AK,F,1066266,1049985,2026-04-28T10:43:15.575038677Z,38379944
20260428,091149,257176,IMPC,0,2140,3400,XC,D,XL,D,1066266,1056772,2026-04-28T10:43:15.575052958Z,38379947
20260428,091149,257177,IMPC,0,2140,2600,XC,D,AK,F,1066266,1062438,2026-04-28T10:43:15.57506637Z,38379950
20260428,091156,258235,IMPC,0,2130,900,CC,D,NI,D,1021971,1070003,2026-04-28T10:43:15.770222178Z,38387127
20260428,091213,262329,IMPC,0,2140,300,AK,F,AK,F,1079929,1062438,2026-04-28T10:43:16.612720171Z,38414919
20260428,091213,262330,IMPC,0,2140,5200,AK,F,AK,F,1079929,1066338,2026-04-28T10:43:16.612772091Z,38414938
20260428,091213,262331,IMPC,0,2140,200,AK,F,AK,F,1079929,1070140,2026-04-28T10:43:16.612823732Z,38414954
20260428,091213,262332,IMPC,0,2140,2100,AK,F,BK,F,1079929,1071216,2026-04-28T10:43:16.612848624Z,38414963
20260428,091213,262333,IMPC,0,2140,3100,AK,F,AK,F,1079929,1076699,2026-04-28T10:43:16.612879002Z,38414973
20260428,091213,262372,IMPC,0,2140,3900,AK,F,AK,F,1080070,1080032,2026-04-28T10:43:16.619744952Z,38415166
20260428,091242,269505,IMPC,0,2140,9200,XL,D,AK,F,1096257,1095477,2026-04-28T10:43:17.221726622Z,38434145
20260428,091244,270384,IMPC,0,2130,6100,CC,D,AK,F,1021971,1097691,2026-04-28T10:43:17.506158215Z,38440230
20260428,091244,270385,IMPC,0,2130,10000,CP,D,AK,F,1033056,1097691,2026-04-28T10:43:17.507354067Z,38440245
20260428,091244,270386,IMPC,0,2130,3800,ZP,F,AK,F,1034547,1097691,2026-04-28T10:43:17.5073891Z,38440257
20260428,091244,270387,IMPC,0,2130,100,NI,D,AK,F,1036010,1097691,2026-04-28T10:43:17.516023798Z,38440273
20260428,091244,270388,IMPC,0,2130,200,XL,D,AK,F,1036881,1097691,2026-04-28T10:43:17.518896667Z,38440286
20260428,091244,270389,IMPC,0,2130,1500,XL,D,AK,F,1037411,1097691,2026-04-28T10:43:17.518944299Z,38440297
20260428,091244,270390,IMPC,0,2130,100,XL,D,AK,F,1041188,1097691,2026-04-28T10:43:17.521996465Z,38440311
20260428,091244,270391,IMPC,0,2130,600,XL,D,AK,F,1044596,1097691,2026-04-28T10:43:17.522071677Z,38440330
20260428,091244,270392,IMPC,0,2130,40100,XL,D,AK,F,1077754,1097691,2026-04-28T10:43:17.522389076Z,38440341
20260428,091244,270393,IMPC,0,2130,500,XL,D,AK,F,1091452,1097691,2026-04-28T10:43:17.522429787Z,38440355
20260428,091244,270394,IMPC,0,2130,200,XL,D,AK,F,1092496,1097691,2026-04-28T10:43:17.522530226Z,38440363
20260428,091254,272709,IMPC,0,2130,500,XL,D,AK,F,1103441,1103466,2026-04-28T10:43:17.991702083Z,38456057
20260428,091256,272993,IMPC,0,2120,200,KI,D,XL,D,18386,1104370,2026-04-28T10:43:18.042950872Z,38458038
20260428,091256,272994,IMPC,0,2120,800,XL,D,XL,D,78274,1104370,2026-04-28T10:43:18.043419825Z,38458050
20260428,091256,272995,IMPC,0,2120,500,PD,D,XL,D,232545,1104370,2026-04-28T10:43:18.04345453Z,38458060
20260428,091256,272996,IMPC,0,2120,300,XL,D,XL,D,270345,1104370,2026-04-28T10:43:18.043470084Z,38458064
20260428,091256,272997,IMPC,0,2120,900,XL,D,XL,D,389924,1104370,2026-04-28T10:43:18.043479782Z,38458067
20260428,091256,272998,IMPC,0,2120,4000,XL,D,XL,D,440333,1104370,2026-04-28T10:43:18.043489301Z,38458070
20260428,091256,272999,IMPC,0,2120,700,KK,D,XL,D,452345,1104370,2026-04-28T10:43:18.043498884Z,38458073
20260428,091256,273000,IMPC,0,2120,100,XL,D,XL,D,485271,1104370,2026-04-28T10:43:18.043751843Z,38458076
20260428,091256,273001,IMPC,0,2120,200,AZ,D,XL,D,518962,1104370,2026-04-28T10:43:18.043761926Z,38458079
20260428,091256,273002,IMPC,0,2120,5000,XC,D,XL,D,740395,1104370,2026-04-28T10:43:18.043771403Z,38458082
20260428,091256,273003,IMPC,0,2120,10000,CP,D,XL,D,784643,1104370,2026-04-28T10:43:18.04378021Z,38458085
20260428,091256,273009,IMPC,0,2120,500,SQ,D,XL,D,862736,1104391,2026-04-28T10:43:18.044587162Z,38458103
20260428,091256,273010,IMPC,0,2120,500,XL,D,XL,D,890673,1104391,2026-04-28T10:43:18.044597504Z,38458106
20260428,091256,273011,IMPC,0,2120,500,XL,D,XL,D,890673,1104392,2026-04-28T10:43:18.044607882Z,38458109
20260428,091256,273012,IMPC,0,2120,100,XL,D,XL,D,898462,1104393,2026-04-28T10:43:18.044619537Z,38458112
20260428,091256,273013,IMPC,0,2120,900,YP,D,XL,D,931898,1104393,2026-04-28T10:43:18.044629633Z,38458115
20260428,091256,273015,IMPC,0,2120,5700,YP,D,XL,D,931898,1104396,2026-04-28T10:43:18.044653197Z,38458121
20260428,091256,273016,IMPC,0,2120,2000,YP,D,XL,D,931898,1104397,2026-04-28T10:43:18.047815018Z,38458124
20260428,091256,273017,IMPC,0,2120,11400,YP,D,XL,D,931898,1104400,2026-04-28T10:43:18.047827562Z,38458127
20260428,091256,273018,IMPC,0,2120,600,XL,D,XL,D,938879,1104400,2026-04-28T10:43:18.047837794Z,38458130
20260428,091305,275627,IMPC,0,2120,3100,XL,D,XL,D,938879,1110054,2026-04-28T10:43:18.633447879Z,38475950
20260428,091345,283993,IMPC,0,2120,5000,XL,D,XL,D,1123370,1131336,2026-04-28T10:43:19.579740772Z,38503214
20260428,091345,283994,IMPC,0,2120,4200,AK,F,XL,D,1123417,1131336,2026-04-28T10:43:19.579762523Z,38503221
20260428,091356,286139,IMPC,0,2120,300,AK,F,YP,D,1123417,1136430,2026-04-28T10:43:20.058773916Z,38517906
20260428,091358,286668,IMPC,0,2120,1200,AK,F,XL,D,1123417,1137396,2026-04-28T10:43:20.158937336Z,38521497
20260428,091359,286976,IMPC,0,2130,100,XL,D,XL,D,1137965,1111840,2026-04-28T10:43:20.274078376Z,38523647
20260428,091402,287646,IMPC,0,2130,600,ZP,F,XL,D,1139620,1111840,2026-04-28T10:43:20.505860896Z,38528169
20260428,091402,287647,IMPC,0,2130,200,ZP,F,AK,F,1139620,1112770,2026-04-28T10:43:20.506451194Z,38528181
20260428,091402,287648,IMPC,0,2130,2900,ZP,F,AK,F,1139620,1115585,2026-04-28T10:43:20.506467279Z,38528185
20260428,091404,288165,IMPC,0,2120,2000,ZP,F,XL,D,1131487,1140538,2026-04-28T10:43:20.602081547Z,38531774
20260428,091404,288166,IMPC,0,2120,3800,ZP,F,XL,D,1131797,1140538,2026-04-28T10:43:20.602090112Z,38531777
20260428,091404,288167,IMPC,0,2120,200,SQ,D,XL,D,1133555,1140538,2026-04-28T10:43:20.602098664Z,38531780
20260428,091404,288168,IMPC,0,2120,300,NI,D,XL,D,1137307,1140538,2026-04-28T10:43:20.602106898Z,38531783
20260428,091404,288169,IMPC,0,2120,2000,XL,D,XL,D,1138178,1140538,2026-04-28T10:43:20.602115275Z,38531786
20260428,091404,288170,IMPC,0,2120,14200,AK,F,XL,D,1139330,1140538,2026-04-28T10:43:20.602124808Z,38531789
20260428,091434,295311,IMPC,0,2120,4100,XC,D,KI,D,1140061,1156384,2026-04-28T10:43:21.083638632Z,38550682
20260428,091434,295312,IMPC,0,2120,4700,AZ,D,KI,D,1145234,1156384,2026-04-28T10:43:21.083651074Z,38550685
20260428,091434,295313,IMPC,0,2120,12600,XL,D,KI,D,1152762,1156384,2026-04-28T10:43:21.083663594Z,38550688
20260428,091444,297968,IMPC,0,2130,100,XL,D,AK,F,1161695,1115585,2026-04-28T10:43:21.654245253Z,38568943
20260428,091446,298228,IMPC,0,2120,500,XL,D,XC,D,1152762,1162310,2026-04-28T10:43:21.697528656Z,38570618
20260428,091518,306175,IMPC,0,2130,9200,AK,F,AK,F,1180174,1115585,2026-04-28T10:43:22.594029651Z,38594933
20260428,091518,306176,IMPC,0,2130,5400,AK,F,AK,F,1180174,1122698,2026-04-28T10:43:22.594039111Z,38594936
20260428,091518,306177,IMPC,0,2130,200,AK,F,AK,F,1180174,1127389,2026-04-28T10:43:22.59404862Z,38594939
20260428,091518,306178,IMPC,0,2130,3300,AK,F,AK,F,1180174,1131416,2026-04-28T10:43:22.594058092Z,38594942
20260428,091518,306179,IMPC,0,2130,1500,AK,F,XL,D,1180174,1131711,2026-04-28T10:43:22.594067586Z,38594945
20260428,091518,306180,IMPC,0,2130,3300,AK,F,AK,F,1180174,1140672,2026-04-28T10:43:22.594077674Z,38594948
20260428,091518,306181,IMPC,0,2130,300,AK,F,XL,D,1180174,1141802,2026-04-28T10:43:22.594087137Z,38594951
20260428,091518,306182,IMPC,0,2130,10000,AK,F,XA,D,1180174,1151521,2026-04-28T10:43:22.594173542Z,38594954
20260428,091518,306183,IMPC,0,2130,3500,AK,F,AK,F,1180174,1152726,2026-04-28T10:43:22.594184546Z,38594957
20260428,091518,306184,IMPC,0,2130,1900,AK,F,BK,F,1180174,1154529,2026-04-28T10:43:22.594195097Z,38594960
20260428,091518,306185,IMPC,0,2130,3500,AK,F,AK,F,1180174,1161808,2026-04-28T10:43:22.594205112Z,38594963
20260428,091518,306186,IMPC,0,2130,21400,AK,F,KI,D,1180174,1163267,2026-04-28T10:43:22.59421474Z,38594966
20260428,091518,306187,IMPC,0,2130,300,AK,F,AK,F,1180174,1177056,2026-04-28T10:43:22.594225897Z,38594969
20260428,091518,306223,IMPC,0,2130,6400,AK,F,AK,F,1180270,1180240,2026-04-28T10:43:22.606441095Z,38595137
20260428,091524,307426,IMPC,0,2130,500,AK,F,XL,D,1183403,1183378,2026-04-28T10:43:22.854300717Z,38603339
20260428,091535,310379,IMPC,0,2130,1500,XL,D,AK,F,1184531,1190053,2026-04-28T10:43:23.552879957Z,38623651
20260428,091535,310380,IMPC,0,2130,3700,ZP,F,AK,F,1184851,1190053,2026-04-28T10:43:23.553252968Z,38623660
20260428,091535,310381,IMPC,0,2130,18000,AK,F,AK,F,1184914,1190053,2026-04-28T10:43:23.553305613Z,38623672
20260428,091535,310382,IMPC,0,2130,5000,BQ,D,AK,F,1186612,1190053,2026-04-28T10:43:23.55334748Z,38623682
20260428,091535,310383,IMPC,0,2130,3100,XL,D,AK,F,1187932,1190053,2026-04-28T10:43:23.553404218Z,38623695
20260428,091548,313350,IMPC,0,2130,2300,XL,D,AK,F,1197473,1197506,2026-04-28T10:43:24.275633698Z,38643976
20260428,091553,314372,IMPC,0,2130,3600,XL,D,AK,F,1200372,1200410,2026-04-28T10:43:24.453163654Z,38650871
20260428,091650,325042,IMPC,0,2120,4600,XL,D,AK,F,1152762,1229469,2026-04-28T10:43:25.86425331Z,38693828
20260428,091650,325043,IMPC,0,2120,15000,YP,D,AK,F,1154617,1229469,2026-04-28T10:43:25.864280734Z,38693835
20260428,091650,325044,IMPC,0,2120,1000,YU,D,AK,F,1155477,1229469,2026-04-28T10:43:25.864302572Z,38693841
20260428,091650,325045,IMPC,0,2120,1000,PD,D,AK,F,1169139,1229469,2026-04-28T10:43:25.864653622Z,38693849
20260428,091650,325046,IMPC,0,2120,1000,XL,D,AK,F,1169189,1229469,2026-04-28T10:43:25.866098995Z,38693871
20260428,091650,325047,IMPC,0,2120,9300,XL,D,AK,F,1174304,1229469,2026-04-28T10:43:25.866141545Z,38693882
20260428,091650,325048,IMPC,0,2120,3600,ZP,F,AK,F,1180434,1229469,2026-04-28T10:43:25.868831373Z,38693925
20260428,091650,325049,IMPC,0,2120,1200,XL,D,AK,F,1192335,1229469,2026-04-28T10:43:25.869082555Z,38693937
20260428,091650,325050,IMPC,0,2120,100,PD,D,AK,F,1200271,1229469,2026-04-28T10:43:25.869119356Z,38693946
20260428,091650,325051,IMPC,0,2120,100,XL,D,AK,F,1207663,1229469,2026-04-28T10:43:25.869156318Z,38693953
20260428,091650,325052,IMPC,0,2120,100,XL,D,AK,F,1212052,1229469,2026-04-28T10:43:25.869247468Z,38693977
20260428,091650,325053,IMPC,0,2120,400,XL,D,AK,F,1214321,1229469,2026-04-28T10:43:25.886793864Z,38694061
20260428,091650,325054,IMPC,0,2120,9400,XL,D,AK,F,1226705,1229469,2026-04-28T10:43:25.886826107Z,38694072
20260428,092006,371301,IMPC,0,2120,21000,AK,F,KI,D,1326568,1240576,2026-04-28T10:43:26.467804152Z,38710700
20260428,092006,371302,IMPC,0,2120,9900,AK,F,XL,D,1326568,1248094,2026-04-28T10:43:26.467812548Z,38710703
20260428,092006,371303,IMPC,0,2120,11600,AK,F,KI,D,1326568,1250768,2026-04-28T10:43:26.468110391Z,38710706
20260428,092006,371304,IMPC,0,2120,400,AK,F,XL,D,1326568,1264030,2026-04-28T10:43:26.468119136Z,38710709
20260428,092006,371305,IMPC,0,2120,500,AK,F,XL,D,1326568,1273967,2026-04-28T10:43:26.468135509Z,38710712
20260428,092006,371306,IMPC,0,2120,6400,AK,F,AK,F,1326568,1317587,2026-04-28T10:43:26.46814409Z,38710715
20260428,092006,371307,IMPC,0,2120,2100,AK,F,BK,F,1326568,1318575,2026-04-28T10:43:26.468152506Z,38710718
20260428,092007,371323,IMPC,0,2120,4300,AK,F,AK,F,1326694,1326651,2026-04-28T10:43:26.468604314Z,38710766
20260428,092111,382220,IMPC,0,2140,4100,AK,F,CC,D,1356306,1108508,2026-04-28T10:43:27.89184003Z,38755187
20260428,092111,382221,IMPC,0,2140,1000,AK,F,OD,D,1356306,1259000,2026-04-28T10:43:27.891852588Z,38755190
20260428,092111,382222,IMPC,0,2140,3100,AK,F,AK,F,1356306,1341861,2026-04-28T10:43:27.891865769Z,38755193
20260428,092111,382223,IMPC,0,2140,2300,AK,F,BK,F,1356306,1343621,2026-04-28T10:43:27.891878968Z,38755196
20260428,092111,382224,IMPC,0,2140,200,AK,F,AK,F,1356306,1355174,2026-04-28T10:43:27.891891639Z,38755199
20260428,092118,383626,IMPC,0,2140,100,CC,D,AK,F,1359596,1359623,2026-04-28T10:43:28.165236723Z,38764817
20260428,092119,383692,IMPC,0,2140,3600,ZP,F,AK,F,1359741,1359778,2026-04-28T10:43:28.173945965Z,38765291
20260428,092125,384890,IMPC,0,2150,2400,XL,D,KI,D,1362701,908720,2026-04-28T10:43:28.406856634Z,38773422
20260428,092157,390698,IMPC,0,2140,100,XL,D,XL,D,1376950,1375547,2026-04-28T10:43:28.837515043Z,38783272
20260428,092157,390699,IMPC,0,2140,100,XL,D,XL,D,1376950,1376696,2026-04-28T10:43:28.837564535Z,38783285
20260428,092157,390700,IMPC,0,2140,300,XL,D,AK,F,1376950,1376809,2026-04-28T10:43:28.837749304Z,38783299
20260428,092205,391964,IMPC,0,2140,200,XL,D,AK,F,1380592,1380622,2026-04-28T10:43:29.072437922Z,38791922
20260428,092317,404641,IMPC,0,2140,20000,EP,D,AK,F,1412909,1412943,2026-04-28T10:43:30.950494909Z,38848412
20260428,092322,405265,IMPC,0,2130,200,XL,D,XL,D,1344646,1414922,2026-04-28T10:43:31.072685157Z,38852842
20260428,092322,405266,IMPC,0,2130,2400,ZP,F,XL,D,1344760,1414922,2026-04-28T10:43:31.072727287Z,38852855
20260428,092327,405879,IMPC,0,2140,1000,XL,D,XL,D,1415395,1417055,2026-04-28T10:43:31.271392917Z,38857006
20260428,092334,406991,IMPC,0,2140,200,XL,D,CC,D,1415395,1420175,2026-04-28T10:43:31.502536727Z,38864506
20260428,092341,408242,IMPC,0,2140,100,XL,D,XL,D,1415395,1423343,2026-04-28T10:43:31.746916517Z,38873181
20260428,092442,418408,IMPC,0,2140,4500,XL,D,AK,F,1415395,1448059,2026-04-28T10:43:33.126676849Z,38912554
20260428,092449,419419,IMPC,0,2140,10700,XL,D,XL,D,1415395,1451132,2026-04-28T10:43:33.354689727Z,38919483
20260428,092449,419420,IMPC,0,2140,100,XL,D,XL,D,1417045,1451132,2026-04-28T10:43:33.355264461Z,38919493
20260428,092449,419421,IMPC,0,2140,3700,ZP,F,XL,D,1417328,1451132,2026-04-28T10:43:33.355307274Z,38919503
20260428,092449,419422,IMPC,0,2140,2500,YP,D,XL,D,1421445,1451132,2026-04-28T10:43:33.355355113Z,38919514
20260428,092449,419423,IMPC,0,2140,2500,PD,D,XL,D,1424893,1451132,2026-04-28T10:43:33.355391714Z,38919522
20260428,092449,419424,IMPC,0,2140,31200,XL,D,XL,D,1441092,1451132,2026-04-28T10:43:33.355647075Z,38919546
20260428,092449,419437,IMPC,0,2140,8200,XL,D,AK,F,1441092,1451159,2026-04-28T10:43:33.357764607Z,38919698
20260428,092449,419438,IMPC,0,2140,200,XL,D,AK,F,1443842,1451159,2026-04-28T10:43:33.35779063Z,38919704
20260428,092449,419439,IMPC,0,2140,400,XL,D,AK,F,1448781,1451159,2026-04-28T10:43:33.357903835Z,38919716
20260428,092500,421074,IMPC,0,2140,2100,XL,D,AK,F,1455702,1455740,2026-04-28T10:43:33.74451236Z,38930738
20260428,092502,421237,IMPC,0,2140,800,YP,D,AK,F,1456205,1456230,2026-04-28T10:43:33.783804647Z,38931934
20260428,092553,430208,IMPC,0,2140,500,XL,D,AK,F,1476952,1459307,2026-04-28T10:43:34.870169573Z,38963133
20260428,092605,432025,IMPC,0,2140,2100,XL,D,AK,F,1481665,1459307,2026-04-28T10:43:35.308709743Z,38975613
20260428,092651,442830,IMPC,0,2130,29400,SQ,D,AK,F,1383684,1500977,2026-04-28T10:43:36.796495871Z,39019587
20260428,092651,442831,IMPC,0,2130,1000,CP,D,AK,F,1395478,1500977,2026-04-28T10:43:36.796507392Z,39019591
20260428,092651,442832,IMPC,0,2130,100,XL,D,AK,F,1398930,1500977,2026-04-28T10:43:36.796515849Z,39019594
20260428,092651,442833,IMPC,0,2130,100,XL,D,AK,F,1406309,1500977,2026-04-28T10:43:36.796524189Z,39019597
20260428,092651,442834,IMPC,0,2130,20000,EP,D,AK,F,1407033,1500977,2026-04-28T10:43:36.796532332Z,39019600
20260428,092651,442835,IMPC,0,2130,2500,XL,D,AK,F,1420525,1500977,2026-04-28T10:43:36.796540533Z,39019603
20260428,092651,442836,IMPC,0,2130,200,NI,D,AK,F,1432058,1500977,2026-04-28T10:43:36.797007421Z,39019606
20260428,092651,442837,IMPC,0,2130,300,XL,D,AK,F,1435527,1500977,2026-04-28T10:43:36.797024541Z,39019609
20260428,092651,442838,IMPC,0,2130,3000,YP,D,AK,F,1447395,1500977,2026-04-28T10:43:36.797032964Z,39019612
20260428,092651,442839,IMPC,0,2130,100,XA,D,AK,F,1461025,1500977,2026-04-28T10:43:36.797041676Z,39019615
20260428,092651,442840,IMPC,0,2130,1000,XL,D,AK,F,1478231,1500977,2026-04-28T10:43:36.798168728Z,39019618
20260428,092651,442841,IMPC,0,2130,2500,XL,D,AK,F,1489712,1500977,2026-04-28T10:43:36.798177513Z,39019621
20260428,092651,442842,IMPC,0,2130,500,XL,D,AK,F,1499532,1500977,2026-04-28T10:43:36.798186212Z,39019624
20260428,092711,448205,IMPC,0,2130,600,XL,D,BK,F,1509951,1507029,2026-04-28T10:43:38.030089687Z,39056273
20260428,092750,456162,IMPC,0,2130,100,XL,D,BK,F,1527182,1507029,2026-04-28T10:43:38.910392912Z,39080657
20260428,092750,456183,IMPC,0,2120,5400,CC,F,AK,F,1337001,1527293,2026-04-28T10:43:38.912455231Z,39080720
20260428,092750,456187,IMPC,0,2120,300,CC,F,XL,D,1337001,1527304,2026-04-28T10:43:38.912723272Z,39080732
20260428,092756,457371,IMPC,0,2130,100,XL,D,BK,F,1529814,1507029,2026-04-28T10:43:39.18007373Z,39088895
20260428,092825,462124,IMPC,0,2120,600,CC,F,AK,F,1337001,1540832,2026-04-28T10:43:40.216187088Z,39121255
20260428,092825,462125,IMPC,0,2120,1800,XL,D,AK,F,1393296,1540832,2026-04-28T10:43:40.216197443Z,39121258
20260428,092825,462128,IMPC,0,2120,3500,XL,D,AK,F,1393296,1540839,2026-04-28T10:43:40.216227656Z,39121267
20260428,092835,463817,IMPC,0,2120,1900,XL,D,BK,F,1393296,1544963,2026-04-28T10:43:40.564406903Z,39132747
20260428,093052,485447,IMPC,0,2140,100,XL,D,CC,D,1598036,1501493,2026-04-28T10:43:43.584677523Z,39220876
20260428,093118,489039,IMPC,0,2130,100,XL,D,AK,F,1581431,1607717,2026-04-28T10:43:44.318892646Z,39245273
20260428,093118,489040,IMPC,0,2130,700,CC,F,AK,F,1581685,1607717,2026-04-28T10:43:44.318905095Z,39245276
20260428,093118,489041,IMPC,0,2130,2300,CC,F,AK,F,1581685,1607721,2026-04-28T10:43:44.318917537Z,39245279
20260428,093130,490826,IMPC,0,2140,100,XL,D,CC,D,1612042,1501493,2026-04-28T10:43:44.759453546Z,39257581
20260428,093214,498073,IMPC,0,2150,500,XL,D,KI,D,1630305,919304,2026-04-28T10:43:45.455307822Z,39277142
20260428,093219,498618,IMPC,0,2150,100,CP,D,KI,D,1632113,919304,2026-04-28T10:43:45.525007632Z,39280831
20260428,093222,499010,IMPC,0,2150,1500,XL,D,KI,D,1633346,919304,2026-04-28T10:43:45.622418538Z,39283463
20260428,093224,499307,IMPC,0,2150,600,XL,D,KI,D,1634365,919304,2026-04-28T10:43:45.655017295Z,39285529
20260428,093225,499383,IMPC,0,2150,500,XL,D,KI,D,1634594,919304,2026-04-28T10:43:45.671495666Z,39286046
20260428,093225,499389,IMPC,0,2150,2100,AK,F,KI,D,1634628,919304,2026-04-28T10:43:45.672200027Z,39286064
20260428,093225,499390,IMPC,0,2150,3800,AK,F,XL,D,1634628,1063914,2026-04-28T10:43:45.67221639Z,39286067
20260428,093225,499391,IMPC,0,2150,12900,AK,F,KI,D,1634628,1193078,2026-04-28T10:43:45.672231445Z,39286070
20260428,093225,499392,IMPC,0,2150,100,AK,F,PD,D,1634628,1288636,2026-04-28T10:43:45.672244027Z,39286073
20260428,093225,499393,IMPC,0,2150,300,AK,F,SQ,D,1634628,1363210,2026-04-28T10:43:45.672256531Z,39286076
20260428,093225,499394,IMPC,0,2150,7000,AK,F,XL,D,1634628,1446063,2026-04-28T10:43:45.672268984Z,39286079
20260428,093225,499395,IMPC,0,2150,3000,AK,F,CC,D,1634628,1480093,2026-04-28T10:43:45.672281284Z,39286082
20260428,093225,499396,IMPC,0,2150,10800,AK,F,XL,D,1634628,1537473,2026-04-28T10:43:45.67542123Z,39286085
20260428,093225,499397,IMPC,0,2150,2300,AK,F,KK,D,1634628,1593390,2026-04-28T10:43:45.675431552Z,39286088
20260428,093225,499398,IMPC,0,2150,5300,AK,F,AK,F,1634628,1617173,2026-04-28T10:43:45.675444956Z,39286092
20260428,093225,499399,IMPC,0,2150,2200,AK,F,BK,F,1634628,1617197,2026-04-28T10:43:45.675466449Z,39286098
20260428,093225,499400,IMPC,0,2150,3700,AK,F,AK,F,1634628,1627092,2026-04-28T10:43:45.675496212Z,39286107
20260428,093225,499401,IMPC,0,2150,200,AK,F,AK,F,1634628,1633451,2026-04-28T10:43:45.675911964Z,39286121
20260428,093225,499425,IMPC,0,2150,4200,AK,F,AK,F,1634694,1634675,2026-04-28T10:43:45.68239424Z,39286323
20260428,093234,500526,IMPC,0,2150,100,XL,D,XC,D,1635573,1638022,2026-04-28T10:43:45.905099636Z,39293842
20260428,093838,554323,IMPC,0,2170,600,XL,D,XL,D,1759335,1780821,2026-04-28T10:43:47.185813042Z,39331302
20260428,093838,554345,IMPC,0,2170,900,XL,D,AK,F,1759335,1780919,2026-04-28T10:43:47.193620692Z,39331501
20260428,093850,556000,IMPC,0,2170,13600,XL,D,AK,F,1759335,1785421,2026-04-28T10:43:47.495355914Z,39342727
20260428,093850,556001,IMPC,0,2170,3800,ZP,F,AK,F,1759565,1785421,2026-04-28T10:43:47.495400771Z,39342738
20260428,093850,556002,IMPC,0,2170,100,NI,D,AK,F,1768805,1785421,2026-04-28T10:43:47.496179564Z,39342747
20260428,093850,556003,IMPC,0,2170,1200,XL,D,AK,F,1781449,1785421,2026-04-28T10:43:47.496361128Z,39342759
20260428,093850,556004,IMPC,0,2170,700,XL,D,AK,F,1782861,1785421,2026-04-28T10:43:47.496374339Z,39342763
20260428,093901,558151,IMPC,0,2170,100,YB,D,XL,D,1790584,1787886,2026-04-28T10:43:48.044063344Z,39357588
20260428,093901,558152,IMPC,0,2170,200,YB,D,AK,F,1790584,1790233,2026-04-28T10:43:48.044075738Z,39357591
20260428,094012,567755,IMPC,0,2170,200,XL,D,AK,F,1819881,1790234,2026-04-28T10:43:49.169052186Z,39393013
20260428,094012,567756,IMPC,0,2170,1300,XL,D,AK,F,1819881,1790241,2026-04-28T10:43:49.169145992Z,39393022
20260428,094018,568477,IMPC,0,2170,100,XL,D,AK,F,1821805,1790241,2026-04-28T10:43:49.304275328Z,39397922
20260428,094024,569289,IMPC,0,2170,300,YP,D,AK,F,1823698,1790241,2026-04-28T10:43:49.535301023Z,39403415
20260428,094037,571607,IMPC,0,2170,1800,PD,D,AK,F,1829412,1790241,2026-04-28T10:43:50.013888293Z,39419370
20260428,094037,571608,IMPC,0,2170,1200,PD,D,AK,F,1829412,1790248,2026-04-28T10:43:50.013902668Z,39419374
20260428,094037,571612,IMPC,0,2170,3600,CC,F,AK,F,1829430,1790248,2026-04-28T10:43:50.021521465Z,39419417
20260428,094037,571613,IMPC,0,2170,2300,CC,F,BK,F,1829430,1790493,2026-04-28T10:43:50.021559099Z,39419429
20260428,094037,571614,IMPC,0,2170,500,CC,F,XL,D,1829430,1790819,2026-04-28T10:43:50.022732243Z,39419442
20260428,094037,571615,IMPC,0,2170,3800,CC,F,XL,D,1829430,1792498,2026-04-28T10:43:50.023434851Z,39419456
20260428,094037,571616,IMPC,0,2170,1000,CC,F,YU,D,1829430,1792574,2026-04-28T10:43:50.023494025Z,39419471
20260428,094037,571617,IMPC,0,2170,3300,CC,F,AK,F,1829430,1798745,2026-04-28T10:43:50.02352055Z,39419478
20260428,094037,571618,IMPC,0,2170,2000,CC,F,XC,D,1829430,1806493,2026-04-28T10:43:50.023563938Z,39419488
20260428,094037,571619,IMPC,0,2170,4000,CC,F,LG,D,1829430,1810308,2026-04-28T10:43:50.023770388Z,39419511
20260428,094037,571620,IMPC,0,2170,3600,CC,F,AK,F,1829430,1813919,2026-04-28T10:43:50.023992278Z,39419517
20260428,094037,571621,IMPC,0,2170,200,CC,F,AK,F,1829430,1823805,2026-04-28T10:43:50.024016081Z,39419523
20260428,094037,571622,IMPC,0,2170,3700,CC,F,AK,F,1829430,1828761,2026-04-28T10:43:50.024029202Z,39419526
20260428,094037,571633,IMPC,0,2170,4800,AK,F,AK,F,1829474,1829472,2026-04-28T10:43:50.024557365Z,39419559
20260428,094058,575029,IMPC,0,2170,5000,AK,F,XL,D,1833148,1837178,2026-04-28T10:43:50.732348437Z,39442805
20260428,094135,580418,IMPC,0,2180,10000,XL,D,YU,F,1851414,1675879,2026-04-28T10:43:50.98575265Z,39449427
20260428,094143,581604,IMPC,0,2180,900,XL,D,YU,F,1854170,1675879,2026-04-28T10:43:51.243923975Z,39457668
20260428,094144,581657,IMPC,0,2180,500,CC,D,YU,F,1854309,1675879,2026-04-28T10:43:51.252361538Z,39457904
20260428,094148,582256,IMPC,0,2180,14800,AK,F,YU,F,1855763,1675879,2026-04-28T10:43:51.357152174Z,39462051
20260428,094148,582257,IMPC,0,2180,2700,AK,F,AK,F,1855763,1682370,2026-04-28T10:43:51.357192312Z,39462062
20260428,094148,582258,IMPC,0,2180,100,AK,F,XL,D,1855763,1689251,2026-04-28T10:43:51.359262882Z,39462073
20260428,094148,582259,IMPC,0,2180,18800,AK,F,XL,D,1855763,1706385,2026-04-28T10:43:51.359287375Z,39462081
20260428,094148,582260,IMPC,0,2180,400,AK,F,XL,D,1855763,1708992,2026-04-28T10:43:51.359296351Z,39462084
20260428,094148,582261,IMPC,0,2180,13500,AK,F,KI,D,1855763,1715374,2026-04-28T10:43:51.359304982Z,39462087
20260428,094148,582262,IMPC,0,2180,1700,AK,F,GR,D,1855763,1715696,2026-04-28T10:43:51.359313307Z,39462090
20260428,094148,582263,IMPC,0,2180,9100,AK,F,KI,D,1855763,1737060,2026-04-28T10:43:51.359390455Z,39462103
20260428,094148,582264,IMPC,0,2180,3000,AK,F,NI,D,1855763,1746039,2026-04-28T10:43:51.35942444Z,39462111
20260428,094148,582265,IMPC,0,2180,1000,AK,F,YP,D,1855763,1760504,2026-04-28T10:43:51.359559335Z,39462119
20260428,094148,582266,IMPC,0,2180,2000,AK,F,BK,F,1855763,1770293,2026-04-28T10:43:51.359611056Z,39462131
20260428,094148,582267,IMPC,0,2180,4200,AK,F,XL,D,1855763,1792689,2026-04-28T10:43:51.359647378Z,39462139
20260428,094148,582268,IMPC,0,2180,3000,AK,F,XL,D,1855763,1797300,2026-04-28T10:43:51.36189438Z,39462147
20260428,094148,582269,IMPC,0,2180,1000,AK,F,OD,D,1855763,1821934,2026-04-28T10:43:51.361957223Z,39462159
20260428,094148,582270,IMPC,0,2180,3400,AK,F,AK,F,1855763,1833214,2026-04-28T10:43:51.364538307Z,39462171
20260428,094148,582271,IMPC,0,2180,4200,AK,F,YP,D,1855763,1844056,2026-04-28T10:43:51.364764772Z,39462181
20260428,094148,582272,IMPC,0,2180,3800,AK,F,AK,F,1855763,1848223,2026-04-28T10:43:51.364796066Z,39462187
20260428,094148,582273,IMPC,0,2180,200,AK,F,AK,F,1855763,1851496,2026-04-28T10:43:51.364864772Z,39462198
20260428,094148,582296,IMPC,0,2180,3300,AK,F,AK,F,1855860,1855827,2026-04-28T10:43:51.36792483Z,39462383
20260428,094153,582867,IMPC,0,2180,500,AK,F,YP,D,1857779,1857754,2026-04-28T10:43:51.645611301Z,39466257
20260428,094158,584077,IMPC,0,2180,28000,CC,F,XL,D,1859795,1859773,2026-04-28T10:43:51.834671115Z,39474580
20260428,094212,587361,IMPC,0,2190,300,YP,D,XA,D,1865530,769944,2026-04-28T10:43:52.587064181Z,39497177
20260428,094214,587606,IMPC,0,2180,1000,CC,D,AK,F,1865237,1866382,2026-04-28T10:43:52.629160162Z,39498910
20260428,094226,589094,IMPC,0,2180,10000,DR,D,AK,F,1869342,1870784,2026-04-28T10:43:52.904403117Z,39509056
20260428,094229,589515,IMPC,0,2180,200,XL,D,AK,F,1872121,1872148,2026-04-28T10:43:52.980027586Z,39512070
20260428,094332,596107,IMPC,0,2170,100,PD,D,XL,D,1833160,1892067,2026-04-28T10:43:53.50087239Z,39526957
20260428,094404,599427,IMPC,0,2180,100,CP,D,AK,F,1902238,1878272,2026-04-28T10:43:54.298947848Z,39549664
20260428,094404,599428,IMPC,0,2180,5500,CP,D,AK,F,1902238,1878279,2026-04-28T10:43:54.298973029Z,39549673
20260428,094404,599429,IMPC,0,2180,2300,CP,D,BK,F,1902238,1879094,2026-04-28T10:43:54.299001309Z,39549683
20260428,094404,599430,IMPC,0,2180,2000,CP,D,XL,D,1902238,1882726,2026-04-28T10:43:54.299022807Z,39549691
20260428,094404,599431,IMPC,0,2180,100,CP,D,AK,F,1902238,1886456,2026-04-28T10:43:54.299030875Z,39549694
20260428,094406,599699,IMPC,0,2180,3200,CP,D,AK,F,1902726,1886456,2026-04-28T10:43:54.335620361Z,39551437
20260428,094406,599700,IMPC,0,2180,2900,CP,D,PD,D,1902726,1890462,2026-04-28T10:43:54.33563004Z,39551440
20260428,094406,599701,IMPC,0,2180,1000,CP,D,PD,D,1902726,1898365,2026-04-28T10:43:54.335638434Z,39551443
20260428,094406,599702,IMPC,0,2180,2900,CP,D,AK,F,1902726,1898464,2026-04-28T10:43:54.33565752Z,39551450
20260428,094406,599710,IMPC,0,2180,800,CC,F,AK,F,1902739,1898464,2026-04-28T10:43:54.349218463Z,39551534
20260428,094406,599711,IMPC,0,2180,300,CC,F,AK,F,1902739,1902275,2026-04-28T10:43:54.350762119Z,39551569
20260428,094406,599712,IMPC,0,2180,2200,CC,F,BK,F,1902739,1902575,2026-04-28T10:43:54.350770028Z,39551572
20260428,094512,606806,IMPC,0,2190,200,PI,D,XA,D,1923116,769944,2026-04-28T10:43:54.959645759Z,39570325
20260428,094512,606807,IMPC,0,2190,100,PI,D,KK,D,1923116,795336,2026-04-28T10:43:54.959689724Z,39570340
20260428,094512,606808,IMPC,0,2190,1000,PI,D,YB,D,1923116,1002952,2026-04-28T10:43:54.959726421Z,39570353
20260428,094512,606809,IMPC,0,2190,10000,PI,D,CP,D,1923116,1025753,2026-04-28T10:43:54.959756519Z,39570364
20260428,094512,606810,IMPC,0,2190,12600,PI,D,YP,D,1923116,1244545,2026-04-28T10:43:54.962346561Z,39570374
20260428,094524,609210,IMPC,0,2180,1000,YP,D,XC,D,1904690,1928280,2026-04-28T10:43:55.492507025Z,39586863
20260428,094529,609615,IMPC,0,2190,500,XL,D,YP,D,1929580,1244545,2026-04-28T10:43:55.594597725Z,39589619
20260428,094545,613768,IMPC,0,2180,400,YP,D,AK,F,1904690,1935064,2026-04-28T10:43:56.516973922Z,39618495
20260428,094545,613769,IMPC,0,2180,1000,CC,D,AK,F,1907077,1935064,2026-04-28T10:43:56.516982233Z,39618498
20260428,094545,613770,IMPC,0,2180,300,YP,D,AK,F,1910207,1935064,2026-04-28T10:43:56.516990457Z,39618501
20260428,094545,613771,IMPC,0,2180,500,PD,D,AK,F,1911536,1935064,2026-04-28T10:43:56.516998777Z,39618504
20260428,094545,613772,IMPC,0,2180,300,XL,D,AK,F,1916398,1935064,2026-04-28T10:43:56.517215801Z,39618507
20260428,094545,613773,IMPC,0,2180,4500,PD,D,AK,F,1917449,1935064,2026-04-28T10:43:56.517225132Z,39618510
20260428,094545,613774,IMPC,0,2180,400,XL,D,AK,F,1919133,1935064,2026-04-28T10:43:56.517233939Z,39618513
20260428,094545,613775,IMPC,0,2180,2900,XL,D,AK,F,1920130,1935064,2026-04-28T10:43:56.517242559Z,39618516
20260428,094545,613776,IMPC,0,2180,3800,ZP,F,AK,F,1923318,1935064,2026-04-28T10:43:56.517263152Z,39618523
20260428,094545,613777,IMPC,0,2180,1000,XL,D,AK,F,1930531,1935064,2026-04-28T10:43:56.5172956Z,39618535
20260428,094549,614767,IMPC,0,2180,1000,NI,D,XL,D,1936578,1936383,2026-04-28T10:43:56.790828212Z,39625370
20260428,094633,620396,IMPC,0,2180,2300,CC,D,XL,D,1949896,1936383,2026-04-28T10:43:57.064766138Z,39634129
20260428,094644,621283,IMPC,0,2170,1400,PD,D,AK,F,1833160,1952750,2026-04-28T10:43:57.359957064Z,39640270
20260428,094644,621284,IMPC,0,2170,1000,CC,D,AK,F,1842367,1952750,2026-04-28T10:43:57.359977517Z,39640277
20260428,094644,621285,IMPC,0,2170,1100,XL,D,AK,F,1846164,1952750,2026-04-28T10:43:57.359985178Z,39640280
20260428,094644,621289,IMPC,0,2170,2200,XL,D,AK,F,1846164,1952758,2026-04-28T10:43:57.360017374Z,39640292
20260428,094644,621290,IMPC,0,2170,100,XL,D,AK,F,1850543,1952758,2026-04-28T10:43:57.360025241Z,39640295
20260428,094656,623138,IMPC,0,2170,9900,XL,D,XL,D,1850543,1956591,2026-04-28T10:43:57.712119192Z,39652987
20260428,094656,623139,IMPC,0,2170,200,XL,D,XL,D,1854288,1956591,2026-04-28T10:43:57.712129909Z,39652990
20260428,094656,623140,IMPC,0,2170,1600,XL,D,XL,D,1866728,1956591,2026-04-28T10:43:57.712140681Z,39652993
20260428,094656,623143,IMPC,0,2170,20100,XL,D,AK,F,1866728,1956613,2026-04-28T10:43:57.712172583Z,39653002
20260428,094656,623144,IMPC,0,2170,21600,XL,D,AK,F,1876504,1956613,2026-04-28T10:43:57.712183239Z,39653005
20260428,094656,623145,IMPC,0,2170,1000,CP,D,AK,F,1881028,1956613,2026-04-28T10:43:57.713427178Z,39653016
20260428,094656,623146,IMPC,0,2170,500,CC,D,AK,F,1889603,1956613,2026-04-28T10:43:57.720014688Z,39653031
20260428,094656,623147,IMPC,0,2170,1400,XC,D,AK,F,1894202,1956613,2026-04-28T10:43:57.720027001Z,39653034
20260428,094656,623148,IMPC,0,2170,900,YP,D,AK,F,1899274,1956613,2026-04-28T10:43:57.720048167Z,39653039
20260428,094656,623149,IMPC,0,2170,18900,XL,D,AK,F,1899986,1956613,2026-04-28T10:43:57.720093706Z,39653052
20260428,094656,623150,IMPC,0,2170,100,XC,D,AK,F,1901670,1956613,2026-04-28T10:43:57.720112731Z,39653059
20260428,094656,623151,IMPC,0,2170,1000,CC,D,AK,F,1902510,1956613,2026-04-28T10:43:57.7201314Z,39653065
20260428,094656,623152,IMPC,0,2170,59300,LG,D,AK,F,1918937,1956613,2026-04-28T10:43:57.720285426Z,39653081
20260428,094656,623153,IMPC,0,2170,6800,LG,D,HD,F,1918937,1956614,2026-04-28T10:43:57.720341884Z,39653096
20260428,094656,623162,IMPC,0,2170,1500,LG,D,AK,F,1918937,1956638,2026-04-28T10:43:57.723806587Z,39653191
20260428,094656,623163,IMPC,0,2170,100,XL,D,AK,F,1946456,1956638,2026-04-28T10:43:57.723821321Z,39653194
20260428,094702,624314,IMPC,0,2170,300,XC,D,XL,D,1958702,1958460,2026-04-28T10:43:57.961607123Z,39661122
20260428,094720,627018,IMPC,0,2160,900,XL,D,XL,D,1663984,1964465,2026-04-28T10:43:58.584147554Z,39679846
20260428,094720,627019,IMPC,0,2160,1200,XL,D,XL,D,1681806,1964465,2026-04-28T10:43:58.584586864Z,39679849
20260428,094720,627020,IMPC,0,2160,100,XL,D,XL,D,1688026,1964465,2026-04-28T10:43:58.584599983Z,39679852
20260428,094720,627021,IMPC,0,2160,100,XL,D,XL,D,1690385,1964465,2026-04-28T10:43:58.58461285Z,39679855
20260428,094808,635367,IMPC,0,2160,4100,CP,D,AK,F,1709764,1980723,2026-04-28T10:43:59.467495393Z,39707135
20260428,094824,637279,IMPC,0,2160,3600,CP,D,AK,F,1709764,1985604,2026-04-28T10:43:59.993890661Z,39720318
20260428,094846,640052,IMPC,0,2160,3200,CP,D,AK,F,1709764,1992393,2026-04-28T10:44:00.580640442Z,39739196
20260428,094852,640875,IMPC,0,2160,10000,CP,D,XL,D,1709764,1994088,2026-04-28T10:44:00.921030134Z,39744873
20260428,094949,648523,IMPC,0,2160,3600,CP,D,AK,F,1709764,2011252,2026-04-28T10:44:01.508208957Z,39766466
20260428,095019,652138,IMPC,0,2160,2100,CP,D,AK,F,1709764,2020009,2026-04-28T10:44:02.293691936Z,39791294
20260428,095019,652139,IMPC,0,2160,3300,CP,D,AK,F,1709764,2020010,2026-04-28T10:44:02.293709998Z,39791297
20260428,095029,653628,IMPC,0,2160,100,CP,D,XC,D,1709764,2022916,2026-04-28T10:44:02.621217054Z,39801644
20260428,095206,666453,IMPC,0,2160,100,CP,D,AK,F,1709764,2050670,2026-04-28T10:44:04.467565367Z,39858014
20260428,095206,666459,IMPC,0,2160,3500,CP,D,AK,F,1709764,2050679,2026-04-28T10:44:04.467659188Z,39858033
20260428,095221,668213,IMPC,0,2170,500,CC,D,PD,D,2054591,1970845,2026-04-28T10:44:04.890188026Z,39870041
20260428,095231,669643,IMPC,0,2160,3400,CP,D,AK,F,1709764,2057608,2026-04-28T10:44:05.196030531Z,39879783
20260428,095231,669645,IMPC,0,2160,300,CP,D,AK,F,1709764,2057612,2026-04-28T10:44:05.196144296Z,39879800
20260428,095331,677750,IMPC,0,2160,900,CP,D,XL,D,1709764,2073930,2026-04-28T10:44:06.010562031Z,39904869
20260428,100034,724033,IMPC,0,2180,500,ZP,F,XL,D,2162473,2178648,2026-04-28T10:44:06.525211598Z,39920828
20260428,100111,727297,IMPC,0,2180,3000,CC,F,ZP,D,2162833,2187319,2026-04-28T10:44:07.250521414Z,39943153
20260428,100111,727298,IMPC,0,2180,2000,XL,D,ZP,D,2168445,2187319,2026-04-28T10:44:07.250551449Z,39943164
20260428,100125,728605,IMPC,0,2180,1000,XL,D,XL,D,2168445,2190262,2026-04-28T10:44:07.487545288Z,39952027
20260428,100135,729392,IMPC,0,2180,34200,XL,D,PD,D,2168445,2192572,2026-04-28T10:44:07.659658897Z,39957332
20260428,100135,729396,IMPC,0,2180,10900,XL,D,AK,F,2168445,2192592,2026-04-28T10:44:07.659856668Z,39957364
20260428,100135,729397,IMPC,0,2180,7800,XL,D,AK,F,2184534,2192592,2026-04-28T10:44:07.659867452Z,39957367
20260428,100158,731287,IMPC,0,2180,1000,XL,D,AK,F,2198167,2198183,2026-04-28T10:44:08.096286902Z,39970323
20260428,100207,731880,IMPC,0,2180,1000,AK,F,YB,D,2200326,2200299,2026-04-28T10:44:08.198577027Z,39974439
20260428,100301,736849,IMPC,0,2180,200,AK,F,XA,D,2213968,2213956,2026-04-28T10:44:08.296337815Z,39978245
20260428,100334,740669,IMPC,0,2170,3400,YP,D,AK,F,2150041,2221795,2026-04-28T10:44:09.229240437Z,40004529
20260428,100334,740670,IMPC,0,2170,400,YP,D,AK,F,2150041,2221796,2026-04-28T10:44:09.229338452Z,40004535
20260428,100405,743821,IMPC,0,2170,2500,YP,D,AK,F,2150041,2229011,2026-04-28T10:44:09.922434599Z,40026117
20260428,100405,743823,IMPC,0,2170,1900,YP,D,AK,F,2150041,2229016,2026-04-28T10:44:09.922459959Z,40026123
20260428,100533,751219,IMPC,0,2170,2100,YP,D,AK,F,2150041,2249343,2026-04-28T10:44:10.659669944Z,40046490
20260428,100547,752492,IMPC,0,2170,3300,YP,D,AK,F,2150041,2252502,2026-04-28T10:44:10.91739277Z,40055134
20260428,100609,754484,IMPC,0,2170,600,YP,D,KK,D,2150041,2257450,2026-04-28T10:44:11.40831351Z,40068686
20260428,100609,754499,IMPC,0,2170,1500,YP,D,AK,F,2150041,2257497,2026-04-28T10:44:11.408813409Z,40068752
20260428,100619,755248,IMPC,0,2170,1000,YP,D,AK,F,2150041,2259815,2026-04-28T10:44:11.553198414Z,40073889
20260428,100619,755250,IMPC,0,2170,1900,YP,D,AK,F,2150041,2259818,2026-04-28T10:44:11.553216394Z,40073895
20260428,100646,757623,IMPC,0,2170,2300,YP,D,XL,D,2150041,2265774,2026-04-28T10:44:12.106554922Z,40089983
20260428,100646,757630,IMPC,0,2170,400,YP,D,AK,F,2150041,2265817,2026-04-28T10:44:12.106883954Z,40090004
20260428,100646,757631,IMPC,0,2170,3400,YP,D,AK,F,2150041,2265820,2026-04-28T10:44:12.106893015Z,40090007
20260428,100700,759051,IMPC,0,2170,2000,YP,D,BK,F,2150041,2268804,2026-04-28T10:44:12.423551925Z,40099707
20260428,100801,764864,IMPC,0,2170,3100,YP,D,AK,F,2150041,2282797,2026-04-28T10:44:12.770677172Z,40109270
20260428,100811,765763,IMPC,0,2170,1400,YP,D,XC,D,2150041,2285128,2026-04-28T10:44:12.938334932Z,40115425
20260428,100833,767696,IMPC,0,2160,2000,AK,F,AK,F,2127238,2289870,2026-04-28T10:44:13.415424547Z,40128497
20260428,100833,767697,IMPC,0,2160,100,AK,F,AK,F,2127238,2289871,2026-04-28T10:44:13.415452411Z,40128505
20260428,100833,767698,IMPC,0,2160,3700,AK,F,AK,F,2127238,2289880,2026-04-28T10:44:13.415478304Z,40128513
20260428,100908,770547,IMPC,0,2160,1000,AK,F,AK,F,2127238,2297545,2026-04-28T10:44:14.226699813Z,40148072
20260428,100908,770550,IMPC,0,2160,2300,AK,F,AK,F,2127238,2297549,2026-04-28T10:44:14.226741791Z,40148081
20260428,100920,771752,IMPC,0,2160,2200,AK,F,BK,F,2127238,2300154,2026-04-28T10:44:14.4584078Z,40156304
20260428,101011,777553,IMPC,0,2160,3700,AK,F,AK,F,2127238,2311313,2026-04-28T10:44:14.776747444Z,40165915
20260428,101014,777861,IMPC,0,2160,7900,AK,F,XL,D,2127238,2312079,2026-04-28T10:44:14.834146095Z,40167986
20260428,101014,777862,IMPC,0,2160,100,XL,D,XL,D,2132834,2312079,2026-04-28T10:44:14.83428177Z,40167998
20260428,101014,777863,IMPC,0,2160,2500,CC,D,XL,D,2161689,2312079,2026-04-28T10:44:14.834428604Z,40168015
20260428,101035,780502,IMPC,0,2160,500,CC,D,XL,D,2161689,2316805,2026-04-28T10:44:15.472743908Z,40185982
20260428,101043,781350,IMPC,0,2160,200,CC,D,XL,D,2161689,2318625,2026-04-28T10:44:15.660068047Z,40191756
20260428,101058,783086,IMPC,0,2160,3300,CC,D,AK,F,2161689,2322207,2026-04-28T10:44:16.011233522Z,40203394
20260428,101206,791277,IMPC,0,2160,2300,CC,D,BK,F,2161689,2340349,2026-04-28T10:44:16.870829673Z,40229267
20260428,101228,793141,IMPC,0,2160,300,CC,D,AK,F,2161689,2345112,2026-04-28T10:44:17.310620857Z,40241933
20260428,101228,793152,IMPC,0,2160,3400,CC,D,AK,F,2161689,2345118,2026-04-28T10:44:17.31858295Z,40242075
20260428,101303,796564,IMPC,0,2160,200,CC,D,AK,F,2161689,2352896,2026-04-28T10:44:18.084059054Z,40265222
20260428,101303,796569,IMPC,0,2160,3400,CC,D,AK,F,2161689,2352903,2026-04-28T10:44:18.084255136Z,40265278
20260428,101307,796918,IMPC,0,2160,500,CC,D,PD,D,2161689,2353772,2026-04-28T10:44:18.186945283Z,40267616
20260428,101508,810938,IMPC,0,2160,2300,CC,D,BK,F,2161689,2383368,2026-04-28T10:44:20.346836771Z,40333345
20260428,101509,810972,IMPC,0,2160,1100,CC,D,AK,F,2161689,2383444,2026-04-28T10:44:20.353408023Z,40333583
20260428,101509,810975,IMPC,0,2160,2400,CC,D,AK,F,2161689,2383449,2026-04-28T10:44:20.354643383Z,40333623
20260428,101513,811475,IMPC,0,2170,100,XL,D,XL,D,2384623,2286612,2026-04-28T10:44:20.466556558Z,40337002
20260428,101624,819187,IMPC,0,2160,200,CC,F,AK,F,2286846,2401144,2026-04-28T10:44:21.27863715Z,40359765
20260428,101624,819188,IMPC,0,2160,3700,ZP,F,AK,F,2286952,2401144,2026-04-28T10:44:21.278645269Z,40359768
20260428,101624,819189,IMPC,0,2160,2000,XL,D,AK,F,2296362,2401144,2026-04-28T10:44:21.278659275Z,40359773
20260428,101624,819190,IMPC,0,2160,400,XC,D,AK,F,2313305,2401144,2026-04-28T10:44:21.278756646Z,40359788
20260428,101624,819191,IMPC,0,2160,200,XL,D,AK,F,2340488,2401144,2026-04-28T10:44:21.278782636Z,40359797
20260428,101631,819954,IMPC,0,2160,4000,YP,D,AK,F,2388917,2402706,2026-04-28T10:44:21.414056246Z,40365043
20260428,101656,824563,IMPC,0,2150,3200,YP,D,AK,F,1637798,2408668,2026-04-28T10:44:22.458111864Z,40396960
20260428,101656,824564,IMPC,0,2150,1200,YP,D,AK,F,1637798,2408669,2026-04-28T10:44:22.458120891Z,40396963
20260428,101656,824565,IMPC,0,2150,3100,YP,D,AK,F,1637798,2408683,2026-04-28T10:44:22.458129839Z,40396966
20260428,101816,834102,IMPC,0,2150,1900,CC,D,BK,F,1654994,2427919,2026-04-28T10:44:23.73124099Z,40432314
20260428,101817,834123,IMPC,0,2150,2400,CC,D,AK,F,1654994,2427976,2026-04-28T10:44:23.745611233Z,40432504
20260428,101817,834124,IMPC,0,2150,500,XL,D,AK,F,1656244,2427976,2026-04-28T10:44:23.745646335Z,40432514
20260428,101817,834125,IMPC,0,2150,200,XL,D,AK,F,1690514,2427976,2026-04-28T10:44:23.745687745Z,40432526
20260428,101848,838214,IMPC,0,2150,300,XL,D,AK,F,1698270,2435186,2026-04-28T10:44:24.606014993Z,40460507
20260428,101848,838215,IMPC,0,2150,100,XL,D,AK,F,1699374,2435190,2026-04-28T10:44:24.606032257Z,40460513
20260428,101848,838216,IMPC,0,2150,2000,XL,D,AK,F,1701734,2435190,2026-04-28T10:44:24.60606585Z,40460524
20260428,101913,841595,IMPC,0,2150,2600,XL,D,AK,F,1701734,2441273,2026-04-28T10:44:25.367503231Z,40483689
20260428,101913,841596,IMPC,0,2150,500,YP,D,AK,F,1706838,2441273,2026-04-28T10:44:25.367526627Z,40483698
20260428,102727,891791,IMPC,0,2170,100,CC,F,AK,F,2484714,2550078,2026-04-28T10:44:25.810217573Z,40495381
20260428,102727,891797,IMPC,0,2170,3000,CC,F,AK,F,2484714,2550082,2026-04-28T10:44:25.81232071Z,40495414
20260428,102802,895921,IMPC,0,2170,400,CC,F,AK,F,2484714,2556931,2026-04-28T10:44:26.763763713Z,40523842
20260428,102802,895925,IMPC,0,2170,3300,CC,F,AK,F,2484714,2556951,2026-04-28T10:44:26.763798923Z,40523854
20260428,102839,899428,IMPC,0,2170,3100,CC,F,AK,F,2484714,2564209,2026-04-28T10:44:27.561962196Z,40547961
20260428,102839,899429,IMPC,0,2170,200,CC,F,AK,F,2484714,2564210,2026-04-28T10:44:27.561969978Z,40547964
20260428,102954,906217,IMPC,0,2170,3200,CC,F,AK,F,2484714,2579229,2026-04-28T10:44:28.211468771Z,40564725
20260428,102954,906218,IMPC,0,2170,100,CC,F,AK,F,2484714,2579230,2026-04-28T10:44:28.2114799Z,40564728
20260428,103029,908975,IMPC,0,2170,35100,CC,F,XL,D,2484714,2585729,2026-04-28T10:44:28.855079502Z,40583678
20260428,103029,908976,IMPC,0,2170,1300,ZP,F,XL,D,2484786,2585729,2026-04-28T10:44:28.855664129Z,40583690
20260428,103029,908979,IMPC,0,2170,2600,ZP,F,AK,F,2484786,2585739,2026-04-28T10:44:28.857109523Z,40583717
20260428,103029,908980,IMPC,0,2170,200,XL,D,AK,F,2496908,2585739,2026-04-28T10:44:28.857119254Z,40583720
20260428,103029,908981,IMPC,0,2170,100,XC,D,AK,F,2513459,2585739,2026-04-28T10:44:28.857145704Z,40583729
20260428,103029,908982,IMPC,0,2170,1900,XL,D,AK,F,2519067,2585739,2026-04-28T10:44:28.85718109Z,40583740
20260428,103029,908983,IMPC,0,2170,100,SQ,D,AK,F,2547992,2585739,2026-04-28T10:44:28.857211452Z,40583749
20260428,103029,908984,IMPC,0,2170,100,CP,D,AK,F,2562237,2585739,2026-04-28T10:44:28.858761773Z,40583759
20260428,103029,908985,IMPC,0,2170,4700,XL,D,AK,F,2582766,2585739,2026-04-28T10:44:28.858778782Z,40583764
20260428,103043,909687,IMPC,0,2160,3400,HD,F,AK,F,2484833,2588240,2026-04-28T10:44:28.997934953Z,40588628
20260428,103043,909688,IMPC,0,2160,2600,HD,F,AK,F,2484833,2588248,2026-04-28T10:44:28.998024121Z,40588638
20260428,103103,910849,IMPC,0,2170,3600,XL,D,AK,F,2591640,2585768,2026-04-28T10:44:29.394761132Z,40596592
20260428,103103,910850,IMPC,0,2170,500,XL,D,BK,F,2591640,2586121,2026-04-28T10:44:29.394769338Z,40596595
20260428,103219,917136,IMPC,0,2160,1500,HD,F,AK,F,2484833,2606247,2026-04-28T10:44:29.803955177Z,40609813
20260428,103219,917137,IMPC,0,2160,2100,HD,F,AK,F,2484833,2606250,2026-04-28T10:44:29.804607157Z,40609821
20260428,103259,920269,IMPC,0,2160,1500,HD,F,AK,F,2484833,2614609,2026-04-28T10:44:30.556041203Z,40631375
20260428,103300,920472,IMPC,0,2170,100,XL,D,BK,F,2614893,2586121,2026-04-28T10:44:30.596973983Z,40632655
20260428,103315,921700,IMPC,0,2160,1100,HD,F,AK,F,2484833,2617767,2026-04-28T10:44:30.903841557Z,40641072
20260428,103315,921701,IMPC,0,2160,200,XL,D,AK,F,2529145,2617767,2026-04-28T10:44:30.908661116Z,40641077
20260428,103315,921702,IMPC,0,2160,300,XL,D,AK,F,2529145,2617768,2026-04-28T10:44:30.90870006Z,40641086
20260428,103315,921703,IMPC,0,2160,900,XL,D,AK,F,2536091,2617768,2026-04-28T10:44:30.908731947Z,40641093
20260428,103315,921704,IMPC,0,2160,500,XL,D,AK,F,2567803,2617768,2026-04-28T10:44:30.910148566Z,40641101
20260428,103315,921705,IMPC,0,2160,100,CC,D,AK,F,2574242,2617768,2026-04-28T10:44:30.910197583Z,40641111
20260428,103315,921706,IMPC,0,2160,600,CC,F,AK,F,2589118,2617768,2026-04-28T10:44:30.910316158Z,40641134
20260428,103355,924680,IMPC,0,2160,1300,XL,D,AK,F,2610874,2625485,2026-04-28T10:44:31.596115856Z,40661598
20260428,103355,924681,IMPC,0,2160,1000,XL,D,AK,F,2610874,2625486,2026-04-28T10:44:31.596154997Z,40661610
20260428,103355,924682,IMPC,0,2160,100,YP,D,AK,F,2611515,2625486,2026-04-28T10:44:31.596188727Z,40661622
20260428,103355,924683,IMPC,0,2160,100,CC,F,AK,F,2621935,2625486,2026-04-28T10:44:31.596333786Z,40661632
20260428,103537,931535,IMPC,0,2160,500,CC,F,XL,D,2621935,2645258,2026-04-28T10:44:32.069591788Z,40678414
20260428,103548,932221,IMPC,0,2170,400,XL,D,BK,F,2647316,2586121,2026-04-28T10:44:32.289071565Z,40683044
20260428,103643,935544,IMPC,0,2160,3500,CC,F,AK,F,2621935,2656795,2026-04-28T10:44:32.992137454Z,40705714
20260428,103730,938707,IMPC,0,2160,3200,CC,F,AK,F,2621935,2665539,2026-04-28T10:44:33.793751811Z,40727396
20260428,103852,944034,IMPC,0,2160,3700,CC,F,AK,F,2621935,2680996,2026-04-28T10:44:34.023088914Z,40733829
20260428,104028,951165,IMPC,0,2170,1100,XL,D,BK,F,2698562,2586121,2026-04-28T10:44:35.689296494Z,40782795
20260428,104028,951166,IMPC,0,2170,100,XL,D,BK,F,2698562,2586501,2026-04-28T10:44:35.689323771Z,40782806
20260428,104028,951167,IMPC,0,2170,200,XL,D,AK,F,2698562,2588232,2026-04-28T10:44:35.689348611Z,40782816
20260428,104028,951168,IMPC,0,2170,200,XL,D,AK,F,2698562,2588234,2026-04-28T10:44:35.691076982Z,40782828
20260428,104028,951169,IMPC,0,2170,200,XL,D,AK,F,2698562,2588235,2026-04-28T10:44:35.691114278Z,40782842
20260428,104028,951170,IMPC,0,2170,600,XL,D,AK,F,2698562,2588241,2026-04-28T10:44:35.69290124Z,40782861
20260428,104028,951180,IMPC,0,2160,200,CC,F,AK,F,2621935,2698646,2026-04-28T10:44:35.700237015Z,40783001
20260428,104028,951181,IMPC,0,2160,3500,CC,F,AK,F,2621935,2698648,2026-04-28T10:44:35.700292094Z,40783013
20260428,104144,958193,IMPC,0,2170,1100,XL,D,AK,F,2712403,2704239,2026-04-28T10:44:36.270720157Z,40801446
20260428,104144,958194,IMPC,0,2170,600,XL,D,AK,F,2712403,2705790,2026-04-28T10:44:36.270728675Z,40801449
20260428,104144,958195,IMPC,0,2170,800,XL,D,AK,F,2712403,2705792,2026-04-28T10:44:36.270739889Z,40801452
20260428,104203,959564,IMPC,0,2170,100,CC,D,AK,F,2715877,2705792,2026-04-28T10:44:36.615957911Z,40810877
20260428,104356,967198,IMPC,0,2170,100,XL,D,AK,F,2736991,2722025,2026-04-28T10:44:38.263678388Z,40863418
20260428,104515,972503,IMPC,0,2160,11700,CC,F,KI,D,2621935,2750498,2026-04-28T10:44:38.452113646Z,40869971
20260428,104536,973929,IMPC,0,2160,8700,PD,D,XL,D,2627680,2754154,2026-04-28T10:44:38.825635541Z,40879813
20260428,104537,974007,IMPC,0,2160,1300,PD,D,AK,F,2627680,2754335,2026-04-28T10:44:38.842450458Z,40880315
20260428,104537,974008,IMPC,0,2160,600,XL,D,AK,F,2645786,2754335,2026-04-28T10:44:38.842487463Z,40880326
20260428,104538,974105,IMPC,0,2160,400,XL,D,XL,D,2645786,2754561,2026-04-28T10:44:38.867355465Z,40881050
20260428,104538,974106,IMPC,0,2160,3600,ZP,F,XL,D,2653811,2754561,2026-04-28T10:44:38.867386322Z,40881059
20260428,104538,974107,IMPC,0,2160,3800,ZP,F,XL,D,2653917,2754561,2026-04-28T10:44:38.867421333Z,40881071
20260428,104538,974108,IMPC,0,2160,200,XL,D,XL,D,2660907,2754561,2026-04-28T10:44:38.867922369Z,40881083
20260428,104538,974109,IMPC,0,2160,500,YP,D,XL,D,2663389,2754561,2026-04-28T10:44:38.868856467Z,40881092
20260428,104538,974110,IMPC,0,2160,300,XL,D,XL,D,2681422,2754561,2026-04-28T10:44:38.868886996Z,40881101
20260428,104538,974111,IMPC,0,2160,100,XL,D,XL,D,2717843,2754561,2026-04-28T10:44:38.868915686Z,40881110
20260428,104538,974112,IMPC,0,2160,100,CP,D,XL,D,2748994,2754561,2026-04-28T10:44:38.868959924Z,40881124
20260428,104538,974113,IMPC,0,2160,100,CP,D,XL,D,2749010,2754561,2026-04-28T10:44:38.86897919Z,40881130
20260428,104638,977678,IMPC,0,2160,100,XL,D,XL,D,2764945,2754561,2026-04-28T10:44:39.687323264Z,40905565
20260428,104640,977840,IMPC,0,2160,500,XL,D,XL,D,2765426,2754561,2026-04-28T10:44:39.724263566Z,40906700
20260428,104646,978105,IMPC,0,2150,2400,XL,D,XL,D,1758448,2766262,2026-04-28T10:44:39.780504171Z,40908391
20260428,104646,978106,IMPC,0,2150,1000,XL,D,XL,D,1767797,2766262,2026-04-28T10:44:39.781303807Z,40908401
20260428,104646,978107,IMPC,0,2150,500,XL,D,XL,D,1824751,2766262,2026-04-28T10:44:39.781358952Z,40908411
20260428,104646,978108,IMPC,0,2150,300,YP,D,XL,D,1829746,2766262,2026-04-28T10:44:39.781379914Z,40908414
20260428,104646,978109,IMPC,0,2150,500,CC,D,XL,D,1848305,2766262,2026-04-28T10:44:39.781393899Z,40908417
20260428,104646,978110,IMPC,0,2150,500,XL,D,XL,D,1852703,2766262,2026-04-28T10:44:39.781410091Z,40908420
20260428,104646,978111,IMPC,0,2150,500,XL,D,XL,D,1864137,2766262,2026-04-28T10:44:39.781427208Z,40908423
20260428,104646,978112,IMPC,0,2150,100,XC,D,XL,D,1883668,2766262,2026-04-28T10:44:39.781439368Z,40908426
20260428,104646,978113,IMPC,0,2150,1000,CC,D,XL,D,1905555,2766262,2026-04-28T10:44:39.781483227Z,40908435
20260428,104646,978114,IMPC,0,2150,500,XL,D,XL,D,1946960,2766262,2026-04-28T10:44:39.781603849Z,40908464
20260428,104646,978115,IMPC,0,2150,2000,XL,D,XL,D,2014212,2766262,2026-04-28T10:44:39.782304831Z,40908477
20260428,104646,978116,IMPC,0,2150,4500,XL,D,XL,D,2050830,2766262,2026-04-28T10:44:39.782345595Z,40908488
20260428,104901,986378,IMPC,0,2160,1000,XL,D,AK,F,2788351,2754584,2026-04-28T10:44:40.649314079Z,40935169
20260428,104908,986708,IMPC,0,2150,2100,XL,D,BK,F,2050830,2789374,2026-04-28T10:44:40.714808853Z,40937341
20260428,104928,987788,IMPC,0,2150,3100,XL,D,AK,F,2050830,2792250,2026-04-28T10:44:40.940659386Z,40944697
20260428,104928,987789,IMPC,0,2150,100,XL,D,AK,F,2050830,2792251,2026-04-28T10:44:40.940693491Z,40944703
20260428,104929,987848,IMPC,0,2160,13100,XL,D,AK,F,2792338,2754584,2026-04-28T10:44:40.954680945Z,40945104
20260428,104929,987849,IMPC,0,2160,1500,XL,D,BK,F,2792338,2754927,2026-04-28T10:44:40.954696658Z,40945109
20260428,105034,991025,IMPC,0,2150,1400,XL,D,AK,F,2050830,2802358,2026-04-28T10:44:41.622071808Z,40966902
20260428,105034,991026,IMPC,0,2150,2000,XL,D,AK,F,2125613,2802358,2026-04-28T10:44:41.622093826Z,40966905
20260428,105110,993715,IMPC,0,2160,500,PD,D,BK,F,2807718,2754927,2026-04-28T10:44:42.264770307Z,40985332
20260428,105110,993716,IMPC,0,2160,200,PD,D,AK,F,2807718,2756897,2026-04-28T10:44:42.264787987Z,40985337
20260428,105110,993717,IMPC,0,2160,1600,PD,D,AK,F,2807718,2802356,2026-04-28T10:44:42.264819959Z,40985347
20260428,105110,993718,IMPC,0,2160,200,PD,D,AK,F,2807718,2765008,2026-04-28T10:44:42.264854646Z,40985357
20260428,105110,993719,IMPC,0,2160,2500,PD,D,AK,F,2807718,2765010,2026-04-28T10:44:42.264891949Z,40985368
20260428,105111,993793,IMPC,0,2160,900,CC,F,AK,F,2807815,2765010,2026-04-28T10:44:42.274991588Z,40985849
20260428,105111,993794,IMPC,0,2160,3400,CC,F,AK,F,2807815,2777731,2026-04-28T10:44:42.275070517Z,40985859
20260428,105111,993795,IMPC,0,2160,900,CC,F,AK,F,2807815,2778175,2026-04-28T10:44:42.275152538Z,40985870
20260428,105111,993796,IMPC,0,2160,3300,CC,F,AK,F,2807815,2789417,2026-04-28T10:44:42.275212705Z,40985873
20260428,105111,993797,IMPC,0,2160,600,CC,F,AK,F,2807815,2793849,2026-04-28T10:44:42.275221958Z,40985876
20260428,105111,993798,IMPC,0,2160,3700,CC,F,AK,F,2807815,2799559,2026-04-28T10:44:42.275230103Z,40985879
20260428,105111,993799,IMPC,0,2160,6600,CC,F,XL,D,2807815,2800845,2026-04-28T10:44:42.275240626Z,40985882
20260428,105111,993800,IMPC,0,2160,1900,CC,F,BK,F,2807815,2807807,2026-04-28T10:44:42.275249269Z,40985885
20260428,105300,1003043,IMPC,0,2170,6000,CC,F,CP,D,2828181,2828169,2026-04-28T10:44:43.365612361Z,41019493
20260428,105941,1049073,IMPC,0,2190,2500,XL,D,KI,D,2918356,1724739,2026-04-28T10:44:43.941825368Z,41035674
20260428,105941,1049074,IMPC,0,2190,100,XL,D,PD,D,2918356,1726655,2026-04-28T10:44:43.941836755Z,41035677
20260428,105941,1049075,IMPC,0,2190,700,XL,D,XL,D,2918356,1934283,2026-04-28T10:44:43.94184555Z,41035680
20260428,105941,1049076,IMPC,0,2190,5500,XL,D,XL,D,2918356,1943279,2026-04-28T10:44:43.941854696Z,41035683
20260428,105941,1049077,IMPC,0,2190,3300,XL,D,XL,D,2918356,1956163,2026-04-28T10:44:43.941863257Z,41035686
20260428,110005,1050592,IMPC,0,2190,1700,XL,D,XL,D,2923706,1956163,2026-04-28T10:44:44.347810258Z,41046103
20260428,110005,1050593,IMPC,0,2190,7900,XL,D,XL,D,2923706,1987109,2026-04-28T10:44:44.347818418Z,41046106
20260428,110005,1050594,IMPC,0,2190,200,XL,D,KK,D,2923706,2047135,2026-04-28T10:44:44.347826514Z,41046109
20260428,110005,1050595,IMPC,0,2190,200,XL,D,XL,D,2923706,2243848,2026-04-28T10:44:44.347834679Z,41046112
20260428,110107,1058667,IMPC,0,2180,5300,XL,D,AK,F,2844908,2938169,2026-04-28T10:44:45.091944716Z,41071693
20260428,110107,1058668,IMPC,0,2180,3600,ZP,F,AK,F,2844975,2938169,2026-04-28T10:44:45.093376639Z,41071696
20260428,110107,1058669,IMPC,0,2180,1000,XL,D,AK,F,2847022,2938169,2026-04-28T10:44:45.093392411Z,41071699
20260428,110107,1058670,IMPC,0,2180,2000,AI,D,AK,F,2858332,2938169,2026-04-28T10:44:45.093408841Z,41071704
20260428,110107,1058671,IMPC,0,2180,1000,CC,D,AK,F,2869952,2938169,2026-04-28T10:44:45.093498931Z,41071717
20260428,110107,1058672,IMPC,0,2180,300,CC,D,AK,F,2879102,2938169,2026-04-28T10:44:45.093530559Z,41071728
20260428,110107,1058673,IMPC,0,2180,800,XL,D,AK,F,2883290,2938169,2026-04-28T10:44:45.095723299Z,41071805
20260428,110107,1058674,IMPC,0,2180,27200,BK,F,AK,F,2884335,2938169,2026-04-28T10:44:45.095854584Z,41071816
20260428,110107,1058675,IMPC,0,2180,500,YP,D,AK,F,2890683,2938169,2026-04-28T10:44:45.095925735Z,41071823
20260428,110107,1058676,IMPC,0,2180,400,SQ,D,AK,F,2892071,2938169,2026-04-28T10:44:45.095956672Z,41071834
20260428,110107,1058677,IMPC,0,2180,10000,XL,D,AK,F,2895270,2938169,2026-04-28T10:44:45.095988586Z,41071845
20260428,110107,1058678,IMPC,0,2180,10000,DR,D,AK,F,2898564,2938169,2026-04-28T10:44:45.096019965Z,41071856
20260428,110107,1058679,IMPC,0,2180,100,ZP,F,AK,F,2919555,2938169,2026-04-28T10:44:45.096045489Z,41071865
20260428,110107,1058680,IMPC,0,2180,3700,ZP,F,AK,F,2923835,2938169,2026-04-28T10:44:45.098481151Z,41071881
20260428,110107,1058681,IMPC,0,2180,100,ZP,F,AK,F,2928286,2938169,2026-04-28T10:44:45.098508044Z,41071890
20260428,110107,1058682,IMPC,0,2180,500,YP,D,AK,F,2928334,2938169,2026-04-28T10:44:45.098526891Z,41071896
20260428,110107,1058683,IMPC,0,2180,10000,PD,D,AK,F,2929729,2938169,2026-04-28T10:44:45.098792477Z,41071907
20260428,110123,1060405,IMPC,0,2180,2000,KK,D,CP,D,2941589,2938276,2026-04-28T10:44:45.449354986Z,41083684
20260428,110229,1063792,IMPC,0,2180,100,XL,D,CP,D,2953420,2938276,2026-04-28T10:44:46.191508609Z,41106926
20260428,110523,1072608,IMPC,0,2170,2300,XL,D,AK,F,2895914,2982553,2026-04-28T10:44:47.245597171Z,41137405
20260428,110523,1072609,IMPC,0,2170,1200,XL,D,AK,F,2895914,2982554,2026-04-28T10:44:47.245608127Z,41137408
20260428,110524,1072669,IMPC,0,2180,2100,CC,D,CP,D,2982760,2938276,2026-04-28T10:44:47.266355523Z,41137883
20260428,110524,1072670,IMPC,0,2180,2300,CC,D,BK,F,2982760,2938618,2026-04-28T10:44:47.266366607Z,41137886
20260428,110524,1072671,IMPC,0,2180,500,CC,D,AK,F,2982760,2940747,2026-04-28T10:44:47.266377839Z,41137889
20260428,110524,1072672,IMPC,0,2180,300,CC,D,AK,F,2982760,2940748,2026-04-28T10:44:47.266389277Z,41137892
20260428,110524,1072673,IMPC,0,2180,200,CC,D,AK,F,2982760,2940749,2026-04-28T10:44:47.266400313Z,41137895
20260428,110524,1072674,IMPC,0,2180,900,CC,D,AK,F,2982760,2982551,2026-04-28T10:44:47.266413658Z,41137898
20260428,110524,1072675,IMPC,0,2180,800,CC,D,AK,F,2982760,2940762,2026-04-28T10:44:47.266425217Z,41137901
20260428,110524,1072676,IMPC,0,2180,4400,CC,D,AK,F,2982760,2940767,2026-04-28T10:44:47.266436634Z,41137904
20260428,110524,1072677,IMPC,0,2180,9500,CC,D,YU,D,2982760,2944519,2026-04-28T10:44:47.266447732Z,41137907
20260428,110524,1072678,IMPC,0,2180,3500,CC,D,AK,F,2982760,2948948,2026-04-28T10:44:47.266458646Z,41137910
20260428,110524,1072679,IMPC,0,2180,500,CC,D,AK,F,2982760,2958333,2026-04-28T10:44:47.266469699Z,41137913
20260428,110524,1072680,IMPC,0,2180,12800,CC,D,YU,F,2982760,2959055,2026-04-28T10:44:47.26648095Z,41137916
20260428,110524,1072681,IMPC,0,2180,200,CC,D,OD,D,2982760,2960861,2026-04-28T10:44:47.266492721Z,41137919
20260428,110524,1072682,IMPC,0,2180,3700,CC,D,AK,F,2982760,2963212,2026-04-28T10:44:47.266504538Z,41137922
20260428,110524,1072683,IMPC,0,2180,200,CC,D,AK,F,2982760,2974493,2026-04-28T10:44:47.26651716Z,41137925
20260428,110524,1072684,IMPC,0,2180,3100,CC,D,AK,F,2982760,2976807,2026-04-28T10:44:47.266528771Z,41137928
20260428,110524,1072685,IMPC,0,2180,500,CC,D,AK,F,2982760,2982784,2026-04-28T10:44:47.266540605Z,41137931
20260428,110544,1073715,IMPC,0,2190,300,XL,D,XL,D,2986184,2872609,2026-04-28T10:44:47.520817571Z,41145046
20260428,110544,1073716,IMPC,0,2190,200,XL,D,XL,D,2986184,2887146,2026-04-28T10:44:47.5208498Z,41145058
20260428,110545,1073778,IMPC,0,2190,2300,CC,F,XL,D,2986388,2887146,2026-04-28T10:44:47.536806745Z,41145518
20260428,110545,1073779,IMPC,0,2190,900,CC,F,XL,D,2986388,2902177,2026-04-28T10:44:47.536861523Z,41145537
20260428,110545,1073780,IMPC,0,2190,2500,CC,F,YP,D,2986388,2919125,2026-04-28T10:44:47.536870285Z,41145540
20260428,110545,1073781,IMPC,0,2190,200,CC,F,XL,D,2986388,2923340,2026-04-28T10:44:47.537038384Z,41145557
20260428,110545,1073782,IMPC,0,2190,3100,CC,F,ZP,F,2986388,2929500,2026-04-28T10:44:47.537076073Z,41145570
20260428,110545,1073783,IMPC,0,2190,1000,CC,F,XL,D,2986388,2930170,2026-04-28T10:44:47.537105131Z,41145580
20260428,110545,1073784,IMPC,0,2190,2000,CC,F,XL,D,2986388,2931719,2026-04-28T10:44:47.537684778Z,41145591
20260428,110545,1073785,IMPC,0,2190,500,CC,F,CC,D,2986388,2937844,2026-04-28T10:44:47.5377281Z,41145602
20260428,110545,1073786,IMPC,0,2190,20000,CC,F,CP,D,2986388,2938156,2026-04-28T10:44:47.538342606Z,41145616
20260428,110545,1073787,IMPC,0,2190,20000,CC,F,CP,D,2986388,2938473,2026-04-28T10:44:47.538385311Z,41145631
20260428,110545,1073788,IMPC,0,2190,20000,CC,F,CP,D,2986388,2938588,2026-04-28T10:44:47.538424699Z,41145644
20260428,110545,1073789,IMPC,0,2190,2000,CC,F,YB,D,2986388,2969155,2026-04-28T10:44:47.538467136Z,41145659
20260428,110545,1073790,IMPC,0,2190,3600,CC,F,AK,F,2986388,2982785,2026-04-28T10:44:47.538496458Z,41145669
20260428,110545,1073791,IMPC,0,2190,1900,CC,F,BK,F,2986388,2982832,2026-04-28T10:44:47.538547148Z,41145686
20260428,110554,1074207,IMPC,0,2190,400,BQ,D,YB,D,2987698,2987856,2026-04-28T10:44:47.613065527Z,41148385
20260428,110554,1074208,IMPC,0,2190,1600,ZP,F,YB,D,2987776,2987856,2026-04-28T10:44:47.613073047Z,41148388
20260428,110603,1074781,IMPC,0,2190,2300,ZP,F,XL,D,2987776,2989685,2026-04-28T10:44:47.722859047Z,41152398
20260428,110603,1074782,IMPC,0,2190,200,ZP,F,XL,D,2987903,2989685,2026-04-28T10:44:47.722910266Z,41152410
20260428,110603,1074783,IMPC,0,2190,6900,BK,F,XL,D,2988053,2989685,2026-04-28T10:44:47.722940864Z,41152418
20260428,110603,1074784,IMPC,0,2190,9200,XL,D,XL,D,2989428,2989685,2026-04-28T10:44:47.722981815Z,41152429
20260428,110603,1074786,IMPC,0,2190,21400,AK,F,XL,D,2989690,2989685,2026-04-28T10:44:47.729039569Z,41152448
20260428,110612,1075219,IMPC,0,2200,500,XL,D,OD,D,2991142,697640,2026-04-28T10:44:47.952823526Z,41155335
20260428,111511,1111365,IMPC,0,2200,1200,XL,D,XL,D,3065480,3085289,2026-04-28T10:44:50.816245394Z,41343421
20260428,111511,1111366,IMPC,0,2200,7900,CC,F,XL,D,3077041,3085289,2026-04-28T10:44:50.816267086Z,41343424
20260428,111511,1111367,IMPC,0,2200,11900,CC,F,XL,D,3077954,3085289,2026-04-28T10:44:50.816290743Z,41343427
20260428,111511,1111368,IMPC,0,2200,100,ZP,F,XL,D,3080109,3085289,2026-04-28T10:44:50.81637088Z,41343438
20260428,111511,1111369,IMPC,0,2200,300,AG,D,XL,D,3081332,3085289,2026-04-28T10:44:50.816390101Z,41343441
20260428,111511,1111370,IMPC,0,2200,600,XL,D,XL,D,3081663,3085289,2026-04-28T10:44:50.816462193Z,41343450
20260428,111511,1111371,IMPC,0,2200,100,BQ,D,XL,D,3083096,3085289,2026-04-28T10:44:50.816515841Z,41343457
20260428,111511,1111373,IMPC,0,2200,17300,CC,F,XL,D,3085294,3085289,2026-04-28T10:44:50.832438447Z,41343467
20260428,111548,1113645,IMPC,0,2200,1500,XC,D,CC,D,3088954,3091635,2026-04-28T10:44:51.682824117Z,41359103
20260428,111548,1113646,IMPC,0,2200,3100,CC,F,CC,D,3089167,3091635,2026-04-28T10:44:51.682849218Z,41359106
20260428,111819,1122894,IMPC,0,2200,10000,LG,D,XL,D,3110990,3117300,2026-04-28T10:44:52.477749936Z,41422824
20260428,111819,1122895,IMPC,0,2200,33000,BK,F,XL,D,3111349,3117300,2026-04-28T10:44:52.47776574Z,41422827
20260428,111819,1122896,IMPC,0,2200,7900,CC,F,XL,D,3111362,3117300,2026-04-28T10:44:52.477781478Z,41422830
20260428,111819,1122897,IMPC,0,2200,3600,ZP,F,XL,D,3111416,3117300,2026-04-28T10:44:52.477798244Z,41422833
20260428,111819,1122898,IMPC,0,2200,1400,CC,F,XL,D,3111482,3117300,2026-04-28T10:44:52.477812706Z,41422836
20260428,111819,1122899,IMPC,0,2200,800,CC,F,XL,D,3111487,3117300,2026-04-28T10:44:52.477827485Z,41422839
20260428,111819,1122900,IMPC,0,2200,300,CC,F,XL,D,3115694,3117300,2026-04-28T10:44:52.47784316Z,41422842
20260428,111819,1122901,IMPC,0,2200,1000,AG,D,XL,D,3116429,3117300,2026-04-28T10:44:52.478380039Z,41422845
20260428,111819,1122902,IMPC,0,2200,2000,CC,F,XL,D,3117305,3117300,2026-04-28T10:44:52.478396601Z,41422848
20260428,111819,1122903,IMPC,0,2200,3500,CC,F,HD,F,3117305,3117301,2026-04-28T10:44:52.478414954Z,41422851
20260428,111916,1126538,IMPC,0,2210,1000,XL,D,IF,D,3126125,3075785,2026-04-28T10:44:52.619650244Z,41447767
20260428,112048,1132091,IMPC,0,2210,1000,CC,F,IF,D,3141791,3075785,2026-04-28T10:44:54.836089059Z,41486103
20260428,112823,1158625,IMPC,0,2210,100,XL,D,YP,D,3213891,3198895,2026-04-28T10:44:56.946695675Z,41668052
20260428,113550,1187755,IMPC,0,2210,300,CC,F,BK,F,3287884,3216134,2026-04-28T10:45:00.090725734Z,41868023
20260428,113748,1195030,IMPC,0,2210,100,CC,F,AK,F,3307565,3220591,2026-04-28T10:45:00.324743377Z,41917718
20260428,113748,1195031,IMPC,0,2210,200,CC,F,AK,F,3307565,3302276,2026-04-28T10:45:00.324829498Z,41917721
20260428,113801,1195788,IMPC,0,2200,10700,XL,D,XC,D,3169697,3309811,2026-04-28T10:45:00.51293376Z,41922909
20260428,113801,1195789,IMPC,0,2200,100,XL,D,XC,D,3188217,3309811,2026-04-28T10:45:00.512941709Z,41922912
20260428,113801,1195790,IMPC,0,2200,200,XL,D,XC,D,3194783,3309811,2026-04-28T10:45:00.512950004Z,41922915
20260428,113801,1195791,IMPC,0,2200,1600,CC,F,XC,D,3198960,3309811,2026-04-28T10:45:00.512958622Z,41922918
20260428,113801,1195792,IMPC,0,2200,1700,CC,F,XC,D,3199000,3309811,2026-04-28T10:45:00.512966229Z,41922921
20260428,113801,1195793,IMPC,0,2200,800,CC,F,XC,D,3264615,3309811,2026-04-28T10:45:00.513026158Z,41922924
20260428,113801,1195794,IMPC,0,2200,100,ZP,F,XC,D,3201215,3309811,2026-04-28T10:45:00.513034134Z,41922927
20260428,113801,1195795,IMPC,0,2200,2000,XC,D,XC,D,3203593,3309811,2026-04-28T10:45:00.513041941Z,41922930
20260428,113801,1195796,IMPC,0,2200,1000,XL,D,XC,D,3203802,3309811,2026-04-28T10:45:00.513049852Z,41922933
20260428,113801,1195797,IMPC,0,2200,4600,BK,F,XC,D,3205908,3309811,2026-04-28T10:45:00.513058701Z,41922936
20260428,114130,1208660,IMPC,0,2200,300,DH,D,AK,F,3210106,3344197,2026-04-28T10:45:01.963946869Z,42011046
20260428,114130,1208661,IMPC,0,2200,3300,CP,D,AK,F,3216584,3344197,2026-04-28T10:45:01.96396576Z,42011049
20260428,114510,1219875,IMPC,0,2200,3200,ZP,F,AK,F,3239263,3376670,2026-04-28T10:45:03.467328969Z,42087701
20260428,114613,1223124,IMPC,0,2210,100,ZP,F,KI,D,3385571,3228301,2026-04-28T10:45:03.733151181Z,42110079
20260428,114734,1227302,IMPC,0,2200,1300,YP,D,CC,D,3355131,3397060,2026-04-28T10:45:04.227740352Z,42138641
20260428,114734,1227303,IMPC,0,2200,100,AK,F,CC,D,3356466,3397060,2026-04-28T10:45:04.24578203Z,42138650
20260428,114734,1227304,IMPC,0,2200,100,YP,D,CC,D,3357891,3397060,2026-04-28T10:45:04.245908947Z,42138667
20260428,114734,1227305,IMPC,0,2200,11000,XL,D,CC,D,3362161,3397060,2026-04-28T10:45:04.246012954Z,42138681
20260428,114734,1227306,IMPC,0,2200,100,CC,F,CC,D,3362704,3397060,2026-04-28T10:45:04.246122365Z,42138694
20260428,114734,1227307,IMPC,0,2200,200,CC,F,CC,D,3365094,3397060,2026-04-28T10:45:04.246198669Z,42138706
20260428,114734,1227308,IMPC,0,2200,500,XL,D,CC,D,3365656,3397060,2026-04-28T10:45:04.246249217Z,42138714
20260428,114734,1227309,IMPC,0,2200,1000,YP,D,CC,D,3366320,3397060,2026-04-28T10:45:04.246319965Z,42138724
20260428,114734,1227310,IMPC,0,2200,200,CC,F,CC,D,3380186,3397060,2026-04-28T10:45:04.246407578Z,42138739
20260428,114734,1227311,IMPC,0,2200,100,CC,F,CC,D,3380291,3397060,2026-04-28T10:45:04.246442031Z,42138745
20260428,114734,1227312,IMPC,0,2200,100,XL,D,CC,D,3370601,3397060,2026-04-28T10:45:04.246503719Z,42138756
20260428,133004,1281549,IMPC,0,2220,2300,XL,D,YP,D,3537374,3515708,2026-04-28T10:45:10.508244491Z,42510507
20260428,133004,1281550,IMPC,0,2220,1000,XL,D,AK,F,3537374,3526262,2026-04-28T10:45:10.508259016Z,42510510
20260428,133005,1289305,IMPC,0,2220,500,XC,D,CC,F,3563193,3531300,2026-04-28T10:45:11.164798843Z,42563245
20260428,133005,1289307,IMPC,0,2220,1100,XC,D,CC,F,3563200,3531300,2026-04-28T10:45:11.164817595Z,42563251
20260428,133102,1300680,IMPC,0,2220,1700,XL,D,CC,F,3584170,3531300,2026-04-28T10:45:12.655850505Z,42641840
20260428,133102,1300681,IMPC,0,2220,3300,XL,D,XL,D,3584170,3539977,2026-04-28T10:45:12.655895096Z,42641849
20260428,133302,1311659,IMPC,0,2200,1700,KK,D,AK,F,3419859,3607311,2026-04-28T10:45:13.877339404Z,42717200
20260428,133302,1311660,IMPC,0,2200,2000,XL,D,AK,F,3420576,3607311,2026-04-28T10:45:13.877404259Z,42717216
20260428,133344,1314975,IMPC,0,2210,100,PD,D,AK,F,3615265,3605114,2026-04-28T10:45:15.520142805Z,42740020
20260428,133344,1314976,IMPC,0,2210,900,PD,D,BK,F,3615265,3605324,2026-04-28T10:45:15.520152709Z,42740023
20260428,133846,1343205,IMPC,0,2180,5000,CC,D,XL,D,2982760,3672929,2026-04-28T10:45:17.331452318Z,42934365
20260428,134028,1353852,IMPC,0,2190,200,XL,D,AK,F,3693220,3665759,2026-04-28T10:45:18.844741722Z,43007545
20260428,134028,1353853,IMPC,0,2190,1000,XL,D,KK,D,3693220,3665966,2026-04-28T10:45:18.84479285Z,43007556
20260428,134028,1353854,IMPC,0,2190,100,XL,D,XL,D,3693220,3666683,2026-04-28T10:45:18.844859135Z,43007570
20260428,134028,1353855,IMPC,0,2190,2100,XL,D,BK,F,3693220,3668898,2026-04-28T10:45:18.861416296Z,43007583
20260428,134028,1353856,IMPC,0,2190,1200,XL,D,AK,F,3693220,3672970,2026-04-28T10:45:18.861481471Z,43007593
20260428,134303,1368765,IMPC,0,2190,300,XL,D,AK,F,3723445,3685022,2026-04-28T10:45:20.331546588Z,43109680
20260428,135605,1441029,IMPC,0,2180,500,CC,D,YP,D,3880786,3868812,2026-04-28T10:45:29.800215704Z,43604047
20260428,140547,1490977,IMPC,0,2170,300,CC,F,CP,D,3954803,3998676,2026-04-28T10:45:34.462477519Z,43945650
20260428,140547,1490978,IMPC,0,2170,1900,CC,F,CP,D,3859745,3998676,2026-04-28T10:45:34.462511178Z,43945659
20260428,141059,1517900,IMPC,0,2170,600,BQ,D,AK,F,4042200,4061464,2026-04-28T10:45:37.957573164Z,44129881
20260428,141059,1517905,IMPC,0,2170,2800,BQ,D,AK,F,4042200,4061469,2026-04-28T10:45:37.957623019Z,44129896
20260428,141451,1542376,IMPC,0,2180,100,NI,D,YP,D,4111546,3868812,2026-04-28T10:45:40.246699847Z,44297775
20260428,142600,1592436,IMPC,0,2170,200,XL,D,XL,D,4088269,4227733,2026-04-28T10:45:45.972300657Z,44640007
20260428,143128,1619999,IMPC,0,2170,1900,XL,D,XL,D,4191189,4287777,2026-04-28T10:45:50.70265548Z,44828497
20260428,143128,1620000,IMPC,0,2170,500,XL,D,XL,D,4199023,4287777,2026-04-28T10:45:50.702666861Z,44828500
20260428,143414,1638295,IMPC,0,2160,800,XL,D,AK,F,4142064,4321373,2026-04-28T10:45:51.427511153Z,44953742
20260428,143414,1638296,IMPC,0,2160,1000,XL,D,AK,F,4159590,4321373,2026-04-28T10:45:51.427534761Z,44953749
20260428,143441,1641173,IMPC,0,2160,2300,XL,D,AK,F,4207486,4327138,2026-04-28T10:45:51.72568416Z,44973358
20260428,143441,1641174,IMPC,0,2160,1000,XL,D,AK,F,4207486,4327140,2026-04-28T10:45:51.725709791Z,44973365
20260428,144301,1684522,IMPC,0,2160,3200,XL,D,BK,F,4422679,4346051,2026-04-28T10:45:56.832924571Z,45270451
20260428,144301,1684523,IMPC,0,2160,3500,XL,D,BK,F,4422679,4346319,2026-04-28T10:45:56.833021448Z,45270461
20260428,144301,1684524,IMPC,0,2160,200,XL,D,AK,F,4422679,4348123,2026-04-28T10:45:56.833165028Z,45270472
20260428,144301,1684525,IMPC,0,2160,200,XL,D,AK,F,4422679,4348124,2026-04-28T10:45:56.8507978Z,45270487
20260428,144303,1684699,IMPC,0,2160,200,CC,F,AK,F,4423140,4348125,2026-04-28T10:45:56.9046992Z,45271681
20260428,144303,1684700,IMPC,0,2160,200,CC,F,AK,F,4423140,4348132,2026-04-28T10:45:56.904726891Z,45271684
20260428,144303,1684701,IMPC,0,2160,200,CC,F,AK,F,4423140,4348133,2026-04-28T10:45:56.904749789Z,45271687
20260428,144303,1684702,IMPC,0,2160,100,CC,F,AK,F,4423140,4348134,2026-04-28T10:45:56.904772811Z,45271690
20260428,144313,1685738,IMPC,0,2160,4200,AK,F,AK,F,4424991,4348145,2026-04-28T10:45:57.064702789Z,45278746
20260428,144313,1685739,IMPC,0,2160,14700,AK,F,KI,D,4424991,4349659,2026-04-28T10:45:57.065075574Z,45278759
20260428,144313,1685740,IMPC,0,2160,3200,AK,F,AK,F,4424991,4355790,2026-04-28T10:45:57.065096797Z,45278765
20260428,144316,1685935,IMPC,0,2170,1800,CC,F,HD,F,4425521,4296007,2026-04-28T10:45:57.120099929Z,45280004
20260428,144353,1688763,IMPC,0,2170,5000,XL,D,HD,F,4432174,4296007,2026-04-28T10:45:57.169898718Z,45299269
20260428,150234,1794319,IMPC,0,2160,3600,CC,F,AK,F,4542691,4648443,2026-04-28T10:46:09.342370793Z,46022862
20260428,151609,1861526,IMPC,0,2160,4500,CC,D,PD,D,4843227,4753020,2026-04-28T10:46:17.18797048Z,46481929
20260428,151609,1861527,IMPC,0,2160,4100,CC,D,BK,F,4843227,4753353,2026-04-28T10:46:17.187980796Z,46481932
20260428,151609,1861528,IMPC,0,2160,80600,CC,D,YU,F,4843227,4755173,2026-04-28T10:46:17.187991423Z,46481935
20260428,151609,1861529,IMPC,0,2160,3700,CC,D,AK,F,4843227,4761557,2026-04-28T10:46:17.188001729Z,46481938
20260428,151609,1861530,IMPC,0,2160,200,CC,D,AK,F,4843227,4764763,2026-04-28T10:46:17.188013041Z,46481941
20260428,151609,1861531,IMPC,0,2160,900,CC,D,AK,F,4843227,4764765,2026-04-28T10:46:17.188023188Z,46481944
20260428,151609,1861532,IMPC,0,2160,2100,CC,D,BK,F,4843227,4766269,2026-04-28T10:46:17.223086724Z,46481947
20260428,151609,1861533,IMPC,0,2160,14400,CC,D,KI,D,4843227,4772356,2026-04-28T10:46:17.223109636Z,46481950
20260428,151609,1861534,IMPC,0,2160,21400,CC,D,KI,D,4843227,4778605,2026-04-28T10:46:17.223143535Z,46481953
20260428,151609,1861535,IMPC,0,2160,3400,CC,D,AK,F,4843227,4778689,2026-04-28T10:46:17.223161961Z,46481956
20260428,151609,1861536,IMPC,0,2160,200,CC,D,AK,F,4843227,4782959,2026-04-28T10:46:17.223180201Z,46481959
20260428,151609,1861537,IMPC,0,2160,500,CC,D,AK,F,4843227,4788281,2026-04-28T10:46:17.223198476Z,46481962
20260428,151609,1861538,IMPC,0,2160,700,CC,D,XC,D,4843227,4800822,2026-04-28T10:46:17.223216584Z,46481965
20260428,151609,1861539,IMPC,0,2160,3200,CC,D,AK,F,4843227,4804693,2026-04-28T10:46:17.223234712Z,46481968
20260428,151609,1861540,IMPC,0,2160,3100,CC,D,AK,F,4843227,4822708,2026-04-28T10:46:17.223252832Z,46481971
20260428,151609,1861541,IMPC,0,2160,600,CC,D,AK,F,4843227,4826904,2026-04-28T10:46:17.223270934Z,46481974
20260428,151609,1861542,IMPC,0,2160,2100,CC,D,BK,F,4843227,4831429,2026-04-28T10:46:17.223289715Z,46481977
20260428,151609,1861543,IMPC,0,2160,3500,CC,D,AK,F,4843227,4840903,2026-04-28T10:46:17.223328239Z,46481980
20260428,151655,1864604,IMPC,0,2160,50000,CC,D,CP,D,4843227,4860193,2026-04-28T10:46:17.472931491Z,46502922
20260428,152543,1909681,IMPC,0,2160,900,XC,D,XC,D,4910696,5058949,2026-04-28T10:46:22.809800427Z,46811430
20260428,152627,1914208,IMPC,0,2160,1100,XL,D,BK,F,4949299,5076278,2026-04-28T10:46:23.317088754Z,46842615
20260428,152627,1914209,IMPC,0,2160,1200,XL,D,BK,F,4956629,5076278,2026-04-28T10:46:23.333179488Z,46842627
20260428,152738,1920106,IMPC,0,2160,800,XL,D,AK,F,4956629,5102945,2026-04-28T10:46:23.534973428Z,46882869
20260428,152738,1920107,IMPC,0,2160,700,XL,D,AK,F,4967210,5102945,2026-04-28T10:46:23.53498339Z,46882872
20260428,152848,1925874,IMPC,0,2160,3200,XL,D,AK,F,4967210,5128585,2026-04-28T10:46:24.996056357Z,46922279
20260428,153347,1952996,IMPC,0,2150,100,XL,D,XL,D,3863000,5241852,2026-04-28T10:46:27.762496873Z,47108066
20260428,153532,1963038,IMPC,0,2160,7300,XL,D,BK,F,5283296,5204941,2026-04-28T10:46:28.73909526Z,47176796
20260428,153532,1963039,IMPC,0,2160,100,XL,D,BK,F,5283296,5205514,2026-04-28T10:46:28.739118373Z,47176799
20260428,153532,1963040,IMPC,0,2160,4600,XL,D,XC,D,5283296,5208597,2026-04-28T10:46:28.739144766Z,47176802
20260428,153557,1964951,IMPC,0,2160,100,XL,D,XC,D,5292589,5208597,2026-04-28T10:46:29.505629755Z,47189901
20260428,153941,1986830,IMPC,0,2160,600,CC,F,KI,D,5379177,5229035,2026-04-28T10:46:31.600259487Z,47339985
20260428,154517,2031455,IMPC,0,2160,3000,CC,F,XC,D,5465776,5524560,2026-04-28T10:46:36.432302348Z,47645191
20260428,154517,2031456,IMPC,0,2160,5500,CC,F,XC,D,5465930,5524560,2026-04-28T10:46:36.432332283Z,47645199
20260428,154517,2031457,IMPC,0,2160,100,CC,F,XC,D,5466925,5524560,2026-04-28T10:46:36.432352158Z,47645204
20260428,154646,2044407,IMPC,0,2160,2000,XL,D,BK,F,5497244,5563670,2026-04-28T10:46:38.333808925Z,47734099
20260428,154854,2065586,IMPC,0,2170,100,ZP,F,KI,D,5624961,5162699,2026-04-28T10:46:40.338639345Z,47879853
20260428,154904,2068020,IMPC,0,2160,6300,XL,D,KI,D,5548136,5630719,2026-04-28T10:46:40.584452697Z,47896662
20260428,154904,2068021,IMPC,0,2160,2000,BK,F,KI,D,5551863,5630719,2026-04-28T10:46:40.584525752Z,47896671
20260428,154904,2068022,IMPC,0,2160,1800,CC,F,KI,D,5610723,5630719,2026-04-28T10:46:40.58468522Z,47896682
20260428,154904,2068023,IMPC,0,2160,1800,CC,F,KI,D,5611294,5630719,2026-04-28T10:46:40.584760392Z,47896692
20260428,154904,2068024,IMPC,0,2160,1600,CC,F,KI,D,5614635,5630719,2026-04-28T10:46:40.584826Z,47896701
20260428,154929,2074124,IMPC,0,2160,400,XL,D,BK,F,5557676,5642440,2026-04-28T10:46:41.995532985Z,47938680
20260428,085800,12259,IMPC,0,2150,1600,XL,D,XL,D,211079,218661,2026-04-28T10:47:25.669366679Z,48467836
20260428,085800,12260,IMPC,0,2150,700,AZ,D,XL,D,214020,218661,2026-04-28T10:47:25.669371616Z,48467837
20260428,085800,12261,IMPC,0,2150,9300,AZ,D,AK,F,214020,441780,2026-04-28T10:47:25.669376528Z,48467838
20260428,085800,12262,IMPC,0,2150,1000,XC,D,AK,F,222433,441780,2026-04-28T10:47:25.669381568Z,48467839
20260428,085800,12263,IMPC,0,2150,400,XL,D,AK,F,451706,441780,2026-04-28T10:47:25.669386553Z,48467840
20260428,085800,12264,IMPC,0,2150,1000,XL,D,AK,F,452766,441780,2026-04-28T10:47:25.669391543Z,48467841
20260428,085800,12265,IMPC,0,2150,1100,XL,D,AK,F,455917,441780,2026-04-28T10:47:25.669396566Z,48467842
20260428,085800,12266,IMPC,0,2150,5000,XL,D,AK,F,465215,441780,2026-04-28T10:47:25.669401533Z,48467843
20260428,085800,12267,IMPC,0,2150,2300,XL,D,AK,F,473472,441780,2026-04-28T10:47:25.669406549Z,48467844
20260428,085800,12268,IMPC,0,2150,200,XL,D,AK,F,473472,437688,2026-04-28T10:47:25.669411444Z,48467845
20260428,085800,12269,IMPC,0,2150,100,XL,D,AK,F,473472,438461,2026-04-28T10:47:25.669416404Z,48467846
20260428,085800,12270,IMPC,0,2150,1900,XL,D,BK,F,473472,5705,2026-04-28T10:47:25.669421301Z,48467847
20260428,085800,12271,IMPC,0,2150,500,XL,D,CC,D,473472,252290,2026-04-28T10:47:25.669426214Z,48467848
20260428,085800,12272,IMPC,0,2150,300,ZP,F,CC,D,475729,252290,2026-04-28T10:47:25.669431114Z,48467849
20260428,085800,12273,IMPC,0,2150,900,ZP,F,CC,D,486841,252290,2026-04-28T10:47:25.669436026Z,48467850
20260428,085800,12274,IMPC,0,2150,1800,ZP,F,CC,D,492680,252290,2026-04-28T10:47:25.669440945Z,48467851
20260428,085800,12275,IMPC,0,2150,1800,ZP,F,KI,D,492680,484602,2026-04-28T10:47:25.669446082Z,48467852
20260428,085800,12276,IMPC,0,2150,3800,CC,F,KI,D,506913,484602,2026-04-28T10:47:25.669451043Z,48467853
20260428,085800,12277,IMPC,0,2150,100,XL,D,KI,D,218142,484602,2026-04-28T10:47:25.669455933Z,48467854
20260428,085800,12278,IMPC,0,2150,200,XL,D,KI,D,221344,484602,2026-04-28T10:47:25.669460883Z,48467855
20260428,085800,12279,IMPC,0,2150,300,XL,D,KI,D,41028,484602,2026-04-28T10:47:25.669465807Z,48467856
20260428,085800,12280,IMPC,0,2150,300,XL,D,KI,D,140190,484602,2026-04-28T10:47:25.669470713Z,48467857
20260428,085800,12281,IMPC,0,2150,1000,XL,D,KI,D,170798,484602,2026-04-28T10:47:25.669475652Z,48467858
20260428,085800,12282,IMPC,0,2150,1000,EP,D,KI,D,474085,484602,2026-04-28T10:47:25.669480566Z,48467859
20260428,085800,12283,IMPC,0,2150,50000,YJ,D,KI,D,1396,484602,2026-04-28T10:47:25.669486191Z,48467860
20260428,085800,12284,IMPC,0,2150,3300,XL,D,KI,D,42579,484602,2026-04-28T10:47:25.66949132Z,48467861
20260428,085800,12285,IMPC,0,2150,200,XL,D,KI,D,77029,484602,2026-04-28T10:47:25.669496248Z,48467862
20260428,085800,12286,IMPC,0,2150,300,XC,D,KI,D,259504,484602,2026-04-28T10:47:25.669501155Z,48467863
20260428,085800,12287,IMPC,0,2150,500,XL,D,KI,D,399896,484602,2026-04-28T10:47:25.669506064Z,48467864
20260428,085800,12288,IMPC,0,2150,100,XC,D,KI,D,456144,484602,2026-04-28T10:47:25.669510967Z,48467865
20260428,085800,12289,IMPC,0,2150,100,XL,D,KI,D,458562,484602,2026-04-28T10:47:25.669516191Z,48467866
20260428,085800,12290,IMPC,0,2150,12000,XL,D,KI,D,461262,484602,2026-04-28T10:47:25.669522101Z,48467867
20260428,085800,12291,IMPC,0,2150,100,XC,D,KI,D,470414,484602,2026-04-28T10:47:25.669527009Z,48467868
20260428,085800,12292,IMPC,0,2150,50000,XL,D,KI,D,473413,484602,2026-04-28T10:47:25.669532293Z,48467869
20260428,085800,12293,IMPC,0,2150,200,YP,D,KI,D,477116,484602,2026-04-28T10:47:25.669537351Z,48467870
20260428,085800,12294,IMPC,0,2150,2200,LG,D,KI,D,479981,484602,2026-04-28T10:47:25.669542453Z,48467871
20260428,085800,12295,IMPC,0,2150,200,LG,D,XL,D,479981,191764,2026-04-28T10:47:25.669547552Z,48467872
20260428,085800,12296,IMPC,0,2150,1000,LG,D,XC,D,479981,276993,2026-04-28T10:47:25.669552613Z,48467873
20260428,085800,12297,IMPC,0,2150,300,LG,D,XC,D,479981,331426,2026-04-28T10:47:25.669568834Z,48467874
20260428,085800,12298,IMPC,0,2150,100,LG,D,KK,D,479981,443426,2026-04-28T10:47:25.669576986Z,48467875
20260428,085800,12299,IMPC,0,2150,1200,LG,D,XC,D,479981,458940,2026-04-28T10:47:25.669582016Z,48467876
20260428,085800,12300,IMPC,0,2150,400,XL,D,XC,D,490780,458940,2026-04-28T10:47:25.669586913Z,48467877
20260428,090001,31645,IMPC,0,2140,5000,KK,D,KI,D,16690,512738,2026-04-28T10:47:26.257057685Z,48487224
20260428,090001,31646,IMPC,0,2140,400,XL,D,KI,D,76827,512738,2026-04-28T10:47:26.263681678Z,48487225
20260428,090001,31647,IMPC,0,2140,500,SQ,D,KI,D,83220,512738,2026-04-28T10:47:26.263695115Z,48487226
20260428,090001,31648,IMPC,0,2140,100,YP,D,KI,D,125044,512738,2026-04-28T10:47:26.263699386Z,48487227
20260428,090001,31649,IMPC,0,2140,1800,XL,D,KI,D,133715,512738,2026-04-28T10:47:26.263703212Z,48487228
20260428,090001,31650,IMPC,0,2140,1800,XL,D,KI,D,135979,512738,2026-04-28T10:47:26.263707163Z,48487229
20260428,090001,31651,IMPC,0,2140,600,XL,D,KI,D,158829,512738,2026-04-28T10:47:26.263710955Z,48487230
20260428,090001,31652,IMPC,0,2140,1600,CC,D,KI,D,183151,512738,2026-04-28T10:47:26.263714896Z,48487231
20260428,090001,31653,IMPC,0,2140,1000,XL,D,KI,D,206227,512738,2026-04-28T10:47:26.263718865Z,48487232
20260428,090001,31654,IMPC,0,2140,1400,XL,D,KI,D,210412,512738,2026-04-28T10:47:26.263722617Z,48487233
20260428,090001,31655,IMPC,0,2140,500,AZ,D,KI,D,211750,512738,2026-04-28T10:47:26.263726252Z,48487234
20260428,090001,31656,IMPC,0,2140,8800,XL,D,KI,D,219430,512738,2026-04-28T10:47:26.263730397Z,48487235
20260428,090002,37977,IMPC,0,2170,3600,XL,D,CP,D,534271,443396,2026-04-28T10:47:26.362289139Z,48493557
20260428,090017,51923,IMPC,0,2160,4600,XL,D,AK,F,563550,581630,2026-04-28T10:47:26.682278509Z,48507505
20260428,090017,51924,IMPC,0,2160,2500,XL,D,AK,F,572493,581630,2026-04-28T10:47:26.682282202Z,48507506
20260428,090127,79419,IMPC,0,2190,6500,NI,D,MG,D,642644,644050,2026-04-28T10:47:27.550519781Z,48535004
20260428,090325,113167,IMPC,0,2180,500,XL,D,AK,F,628055,735907,2026-04-28T10:47:27.710940524Z,48568755
20260428,090325,113168,IMPC,0,2180,600,YP,D,AK,F,634844,735907,2026-04-28T10:47:27.710943211Z,48568756
20260428,090325,113169,IMPC,0,2180,6800,XL,D,AK,F,652974,735907,2026-04-28T10:47:27.710946006Z,48568757
20260428,090325,113170,IMPC,0,2180,25300,CC,D,AK,F,654118,735907,2026-04-28T10:47:27.710948792Z,48568758
20260428,090359,123031,IMPC,0,2180,6000,CC,D,AT,D,654118,760269,2026-04-28T10:47:27.866969468Z,48578621
20260428,090411,126828,IMPC,0,2170,500,XL,D,YP,D,769267,764202,2026-04-28T10:47:28.050621784Z,48582420
20260428,090412,126910,IMPC,0,2160,4600,YU,D,AK,F,611304,769512,2026-04-28T10:47:28.052235117Z,48582502
20260428,090412,126911,IMPC,0,2160,800,XL,D,AK,F,619049,769512,2026-04-28T10:47:28.052242344Z,48582503
20260428,090412,126913,IMPC,0,2160,1200,XL,D,AK,F,619049,769533,2026-04-28T10:47:28.052256958Z,48582505
20260428,090412,126914,IMPC,0,2160,800,XL,D,AK,F,621539,769533,2026-04-28T10:47:28.052264263Z,48582506
20260428,090412,126915,IMPC,0,2160,2700,XL,D,AK,F,630355,769533,2026-04-28T10:47:28.052271951Z,48582507
20260428,090412,127032,IMPC,0,2170,3900,ZP,F,YP,D,769790,764202,2026-04-28T10:47:28.104109556Z,48582624
20260428,090447,137445,IMPC,0,2170,100,XL,D,AK,F,795178,767972,2026-04-28T10:47:28.860225595Z,48593037
20260428,090457,139664,IMPC,0,2160,3400,XL,D,AK,F,630355,801762,2026-04-28T10:47:28.895755791Z,48595256
20260428,090457,139665,IMPC,0,2160,300,XL,D,AK,F,632077,801762,2026-04-28T10:47:28.895758459Z,48595257
20260428,090534,149330,IMPC,0,2160,3600,XL,D,AK,F,632077,827448,2026-04-28T10:47:28.985234225Z,48604923
20260428,090643,175156,IMPC,0,2160,1800,ZP,F,AK,F,878195,873490,2026-04-28T10:47:29.195914623Z,48630754
20260428,090643,175157,IMPC,0,2160,2100,ZP,F,AK,F,878195,873593,2026-04-28T10:47:29.195920783Z,48630755
20260428,090651,178430,IMPC,0,2150,500,XL,D,XL,D,642998,884437,2026-04-28T10:47:29.249769209Z,48634028
20260428,090726,188800,IMPC,0,2140,1000,XL,D,XL,D,664543,908443,2026-04-28T10:47:29.410994999Z,48644398
20260428,090822,204121,IMPC,0,2140,15100,XL,D,YP,D,664543,943475,2026-04-28T10:47:29.659719734Z,48659719
20260428,090822,204122,IMPC,0,2140,10000,CP,D,YP,D,739855,943475,2026-04-28T10:47:29.659727044Z,48659720
20260428,090822,204123,IMPC,0,2140,10200,XL,D,YP,D,786264,943475,2026-04-28T10:47:29.659735288Z,48659721
20260428,090822,204124,IMPC,0,2140,300,XL,D,YP,D,836517,943475,2026-04-28T10:47:29.659740761Z,48659722
20260428,090822,204125,IMPC,0,2140,500,XL,D,YP,D,837348,943475,2026-04-28T10:47:29.659745687Z,48659723
20260428,090822,204126,IMPC,0,2140,13900,YP,D,YP,D,845494,943475,2026-04-28T10:47:29.659750732Z,48659724
20260428,091326,279440,IMPC,0,2120,100,NI,D,DH,D,1121110,1116033,2026-04-28T10:47:31.605060441Z,48735050
20260428,091358,286668,IMPC,0,2120,1200,AK,F,XL,D,1123417,1137396,2026-04-28T10:47:32.044806337Z,48742280
20260428,091408,289104,IMPC,0,2120,10000,AK,F,MU,D,1139330,1142993,2026-04-28T10:47:32.098903883Z,48744716
20260428,091422,292771,IMPC,0,2120,8700,AK,F,XA,D,1139330,1150520,2026-04-28T10:47:33.134554281Z,48748398
20260428,091422,292772,IMPC,0,2120,1300,XL,D,XA,D,1139468,1150520,2026-04-28T10:47:33.134567572Z,48748399
20260428,091535,310379,IMPC,0,2130,1500,XL,D,AK,F,1184531,1190053,2026-04-28T10:47:33.577246579Z,48766007
20260428,091535,310380,IMPC,0,2130,3700,ZP,F,AK,F,1184851,1190053,2026-04-28T10:47:33.577256194Z,48766008
20260428,091535,310381,IMPC,0,2130,18000,AK,F,AK,F,1184914,1190053,2026-04-28T10:47:33.577263835Z,48766009
20260428,091535,310382,IMPC,0,2130,5000,BQ,D,AK,F,1186612,1190053,2026-04-28T10:47:33.577271259Z,48766010
20260428,091535,310383,IMPC,0,2130,3100,XL,D,AK,F,1187932,1190053,2026-04-28T10:47:33.577279709Z,48766011
20260428,091702,329502,IMPC,0,2120,500,XL,D,XC,D,1236260,1230004,2026-04-28T10:47:34.009391162Z,48785133
20260428,091903,357878,IMPC,0,2100,1200,ZP,F,PD,D,1290958,1295437,2026-04-28T10:47:34.09867175Z,48813512
20260428,091920,362173,IMPC,0,2100,500,XL,D,XL,D,1300071,1303458,2026-04-28T10:47:34.242070268Z,48817807
20260428,091920,362174,IMPC,0,2100,2800,CC,D,XL,D,1301080,1303458,2026-04-28T10:47:34.242078961Z,48817808
20260428,091920,362175,IMPC,0,2100,100,XL,D,XL,D,1301196,1303458,2026-04-28T10:47:34.242087711Z,48817809
20260428,091920,362176,IMPC,0,2100,600,XL,D,XL,D,1303310,1303458,2026-04-28T10:47:34.242097645Z,48817810
20260428,091950,367768,IMPC,0,2110,300,AK,F,AK,F,1317504,1261099,2026-04-28T10:47:34.420294153Z,48823403
20260428,091950,367769,IMPC,0,2110,6100,AK,F,AK,F,1317504,1261104,2026-04-28T10:47:34.420298465Z,48823404
20260428,091950,367770,IMPC,0,2110,3300,AK,F,AK,F,1317504,1261618,2026-04-28T10:47:34.420302337Z,48823405
20260428,091950,367771,IMPC,0,2110,3400,AK,F,AK,F,1317504,1268588,2026-04-28T10:47:34.420306741Z,48823406
20260428,091950,367772,IMPC,0,2110,200,AK,F,AK,F,1317504,1288673,2026-04-28T10:47:34.42031038Z,48823407
20260428,091950,367773,IMPC,0,2110,100,AK,F,XL,D,1317504,1293169,2026-04-28T10:47:34.420314185Z,48823408
20260428,091950,367774,IMPC,0,2110,5000,AK,F,XA,D,1317504,1293658,2026-04-28T10:47:34.420319511Z,48823409
20260428,091950,367775,IMPC,0,2110,3600,AK,F,AK,F,1317504,1296921,2026-04-28T10:47:34.420323702Z,48823410
20260428,092404,412389,IMPC,0,2140,3600,XL,D,XL,D,1415395,1433005,2026-04-28T10:47:35.722964379Z,48868035
20260428,092405,412485,IMPC,0,2150,8000,CC,D,KI,D,1433311,919304,2026-04-28T10:47:35.739696947Z,48868131
20260428,092527,425677,IMPC,0,2140,1000,AZ,D,XL,D,1466940,1459161,2026-04-28T10:47:35.758368161Z,48881325
20260428,092709,447968,IMPC,0,2130,500,XL,D,AK,F,1509344,1506127,2026-04-28T10:47:35.95294164Z,48903618
20260428,092709,447988,IMPC,0,2120,3300,CC,F,AK,F,1337001,1509412,2026-04-28T10:47:35.953081544Z,48903638
20260428,092709,447989,IMPC,0,2120,100,CC,F,AK,F,1337001,1509413,2026-04-28T10:47:35.953084517Z,48903639
20260428,092842,465311,IMPC,0,2130,5600,AK,F,BK,F,1547582,1507029,2026-04-28T10:47:36.377262832Z,48920973
20260428,092842,465312,IMPC,0,2130,200,AK,F,AK,F,1547582,1509468,2026-04-28T10:47:36.377268932Z,48920974
20260428,092842,465313,IMPC,0,2130,100,AK,F,AK,F,1547582,1509469,2026-04-28T10:47:36.377275033Z,48920975
20260428,092842,465314,IMPC,0,2130,100,AK,F,AK,F,1547582,1509470,2026-04-28T10:47:36.377281045Z,48920976
20260428,092842,465315,IMPC,0,2130,200,AK,F,AK,F,1547582,1509476,2026-04-28T10:47:36.3772894Z,48920977
20260428,092842,465316,IMPC,0,2130,400,AK,F,AK,F,1547582,1509477,2026-04-28T10:47:36.377295501Z,48920978
20260428,092842,465317,IMPC,0,2130,3200,AK,F,AK,F,1547582,1509479,2026-04-28T10:47:36.377301954Z,48920979
20260428,092842,465318,IMPC,0,2130,3000,AK,F,AK,F,1547582,1509480,2026-04-28T10:47:36.377308103Z,48920980
20260428,092842,465319,IMPC,0,2130,3300,AK,F,AK,F,1547582,1509481,2026-04-28T10:47:36.377314248Z,48920981
20260428,092842,465320,IMPC,0,2130,3800,AK,F,AK,F,1547582,1509482,2026-04-28T10:47:36.3773207Z,48920982
20260428,092842,465321,IMPC,0,2130,200,AK,F,AK,F,1547582,1515984,2026-04-28T10:47:36.377326809Z,48920983
20260428,092842,465322,IMPC,0,2130,200,AK,F,AK,F,1547582,1527292,2026-04-28T10:47:36.377332962Z,48920984
20260428,092842,465323,IMPC,0,2130,3800,AK,F,AK,F,1547582,1536618,2026-04-28T10:47:36.377339085Z,48920985
20260428,092842,465353,IMPC,0,2130,7100,CC,F,AK,F,1547658,1547634,2026-04-28T10:47:36.37753323Z,48921015
20260428,093139,492288,IMPC,0,2130,500,CC,F,AK,F,1581685,1616086,2026-04-28T10:47:36.819424057Z,48947953
20260428,093139,492289,IMPC,0,2130,3700,ZP,F,AK,F,1586071,1616086,2026-04-28T10:47:36.819426928Z,48947954
20260428,093538,527157,IMPC,0,2180,100,EP,D,YU,F,1712386,1675879,2026-04-28T10:47:37.598017311Z,48982826
20260428,093652,538765,IMPC,0,2170,100,KK,D,OD,D,1741824,1739296,2026-04-28T10:47:37.991388898Z,48994437
20260428,093819,549636,IMPC,0,2170,3100,XL,D,AK,F,1759335,1773537,2026-04-28T10:47:38.18617107Z,49005308
20260428,093838,554323,IMPC,0,2170,600,XL,D,XL,D,1759335,1780821,2026-04-28T10:47:38.222037947Z,49009995
20260428,093838,554345,IMPC,0,2170,900,XL,D,AK,F,1759335,1780919,2026-04-28T10:47:38.225180298Z,49010017
20260428,094012,567755,IMPC,0,2170,200,XL,D,AK,F,1819881,1790234,2026-04-28T10:47:38.936592623Z,49023440
20260428,094012,567756,IMPC,0,2170,1300,XL,D,AK,F,1819881,1790241,2026-04-28T10:47:38.936600305Z,49023441
20260428,094024,569289,IMPC,0,2170,300,YP,D,AK,F,1823698,1790241,2026-04-28T10:47:39.335828343Z,49024975
20260428,094852,640875,IMPC,0,2160,10000,CP,D,XL,D,1709764,1994088,2026-04-28T10:47:40.860024451Z,49096584
20260428,095221,668213,IMPC,0,2170,500,CC,D,PD,D,2054591,1970845,2026-04-28T10:47:40.913207999Z,49123924
20260428,095619,701465,IMPC,0,2160,2000,CC,F,BK,F,2108558,2118299,2026-04-28T10:47:41.515916416Z,49157180
20260428,095621,701645,IMPC,0,2170,4700,XL,D,YU,F,2118754,1995751,2026-04-28T10:47:41.533186689Z,49157360
20260428,095845,714818,IMPC,0,2180,500,XL,D,XL,D,2153001,1936383,2026-04-28T10:47:42.067331185Z,49170538
20260428,100100,726322,IMPC,0,2180,800,ZP,F,YB,D,2162473,2184774,2026-04-28T10:47:42.387218058Z,49182043
20260428,100100,726323,IMPC,0,2180,200,CC,F,YB,D,2162833,2184774,2026-04-28T10:47:42.387222941Z,49182044
20260428,100207,731880,IMPC,0,2180,1000,AK,F,YB,D,2200326,2200299,2026-04-28T10:47:42.600318411Z,49187601
20260428,100243,735242,IMPC,0,2180,2500,AK,F,XL,D,2209301,2209282,2026-04-28T10:47:42.725169649Z,49190963
20260428,100259,736562,IMPC,0,2180,2000,AK,F,XL,D,2213230,2213214,2026-04-28T10:47:42.796233894Z,49192283
20260428,100700,759051,IMPC,0,2170,2000,YP,D,BK,F,2150041,2268804,2026-04-28T10:47:43.082268121Z,49214775
20260428,100741,763187,IMPC,0,2170,3000,YP,D,AK,F,2150041,2278228,2026-04-28T10:47:43.222249721Z,49218911
20260428,101426,805674,IMPC,0,2160,2300,CC,D,AK,F,2161689,2372801,2026-04-28T10:47:44.213934138Z,49261408
20260428,101426,805677,IMPC,0,2160,1500,CC,D,AK,F,2161689,2372809,2026-04-28T10:47:44.21394898Z,49261411
20260428,101547,814999,IMPC,0,2160,1800,CC,F,AK,F,2286846,2392546,2026-04-28T10:47:44.496173601Z,49270733
20260428,102131,857848,IMPC,0,2150,1100,XL,D,PD,D,1724925,2473652,2026-04-28T10:47:45.188346776Z,49313589
20260428,102131,857849,IMPC,0,2150,100,XL,D,PD,D,1725503,2473652,2026-04-28T10:47:45.188361307Z,49313590
20260428,102131,857850,IMPC,0,2150,400,XC,D,PD,D,1738078,2473652,2026-04-28T10:47:45.188365105Z,49313591
20260428,102715,890806,IMPC,0,2180,100,XC,D,HD,F,2547870,2293378,2026-04-28T10:47:45.67058226Z,49346549
20260428,102716,890840,IMPC,0,2170,4200,CC,F,XL,D,2484714,2547988,2026-04-28T10:47:45.684313425Z,49346583
20260428,103029,908975,IMPC,0,2170,35100,CC,F,XL,D,2484714,2585729,2026-04-28T10:47:47.617731844Z,49364733
20260428,103029,908976,IMPC,0,2170,1300,ZP,F,XL,D,2484786,2585729,2026-04-28T10:47:47.617736042Z,49364734
20260428,103029,908979,IMPC,0,2170,2600,ZP,F,AK,F,2484786,2585739,2026-04-28T10:47:47.617748569Z,49364737
20260428,103029,908980,IMPC,0,2170,200,XL,D,AK,F,2496908,2585739,2026-04-28T10:47:47.617753084Z,49364738
20260428,103029,908981,IMPC,0,2170,100,XC,D,AK,F,2513459,2585739,2026-04-28T10:47:47.617757071Z,49364739
20260428,103029,908982,IMPC,0,2170,1900,XL,D,AK,F,2519067,2585739,2026-04-28T10:47:47.617761196Z,49364740
20260428,103029,908983,IMPC,0,2170,100,SQ,D,AK,F,2547992,2585739,2026-04-28T10:47:47.617765325Z,49364741
20260428,103029,908984,IMPC,0,2170,100,CP,D,AK,F,2562237,2585739,2026-04-28T10:47:47.635637993Z,49364742
20260428,103029,908985,IMPC,0,2170,4700,XL,D,AK,F,2582766,2585739,2026-04-28T10:47:47.635668743Z,49364743
20260428,103852,944034,IMPC,0,2160,3700,CC,F,AK,F,2621935,2680996,2026-04-28T10:47:47.865759084Z,49399797
20260428,105431,1013021,IMPC,0,2180,100,XL,D,XL,D,2844908,2847469,2026-04-28T10:47:48.557062862Z,49468788
20260428,105755,1039865,IMPC,0,2180,100,XL,D,KK,D,2844908,2894658,2026-04-28T10:47:49.903860952Z,49495643
20260428,110258,1065167,IMPC,0,2170,2100,XL,D,BK,F,2895914,2958322,2026-04-28T10:47:50.100207003Z,49520946
20260428,111548,1113645,IMPC,0,2200,1500,XC,D,CC,D,3088954,3091635,2026-04-28T10:47:50.167418227Z,49569434
20260428,111548,1113646,IMPC,0,2200,3100,CC,F,CC,D,3089167,3091635,2026-04-28T10:47:50.191753131Z,49569435
20260428,111827,1123481,IMPC,0,2200,30000,CC,F,XL,D,3118400,3118385,2026-04-28T10:47:51.130236489Z,49579271
20260428,113523,1185602,IMPC,0,2210,500,XL,D,BK,F,3283505,3216134,2026-04-28T10:47:52.492810101Z,49641408
20260428,113639,1190855,IMPC,0,2200,8100,XL,D,XL,D,3169697,3296031,2026-04-28T10:47:52.705176193Z,49646661
20260428,113912,1199950,IMPC,0,2200,900,BK,F,AK,F,3205908,3321284,2026-04-28T10:47:52.74071405Z,49655761
20260428,113912,1199953,IMPC,0,2200,2600,BK,F,AK,F,3205908,3321290,2026-04-28T10:47:52.740737419Z,49655764
20260428,114010,1203448,IMPC,0,2200,4700,BK,F,CC,D,3205908,3331303,2026-04-28T10:47:52.918505342Z,49659263
20260428,114010,1203449,IMPC,0,2200,100,CC,F,CC,D,3205938,3331303,2026-04-28T10:47:52.918512679Z,49659264
20260428,114010,1203450,IMPC,0,2200,200,CC,F,CC,D,3206574,3331303,2026-04-28T10:47:52.918520119Z,49659265
20260428,114011,1203511,IMPC,0,2210,300,CC,F,KI,D,3331430,3228301,2026-04-28T10:47:52.918973464Z,49659326
20260428,114306,1214069,IMPC,0,2200,2200,CP,D,BK,F,3216584,3359215,2026-04-28T10:47:54.627754174Z,49669886
20260428,115031,1235985,IMPC,0,2200,3700,CC,F,AK,F,3403075,3420558,2026-04-28T10:47:55.243318082Z,49691808
20260428,133432,1319794,IMPC,0,2210,1000,XL,D,BK,F,3624079,3605324,2026-04-28T10:47:56.233897267Z,49775653
20260428,133751,1338356,IMPC,0,2190,8200,CP,D,AK,F,3000646,3662525,2026-04-28T10:47:56.500112213Z,49794215
20260428,133751,1338357,IMPC,0,2190,100,XL,D,AK,F,3007742,3662525,2026-04-28T10:47:56.500116891Z,49794216
20260428,133751,1338358,IMPC,0,2190,200,XL,D,AK,F,3015640,3662525,2026-04-28T10:47:56.500121412Z,49794217
20260428,133751,1338359,IMPC,0,2190,100,XL,D,AK,F,3021722,3662525,2026-04-28T10:47:56.500126256Z,49794218
20260428,133751,1338360,IMPC,0,2190,1000,XL,D,AK,F,3050363,3662525,2026-04-28T10:47:56.50013077Z,49794219
20260428,133751,1338361,IMPC,0,2190,1500,XL,D,AK,F,3065916,3662525,2026-04-28T10:47:56.5001353Z,49794220
20260428,133751,1338362,IMPC,0,2190,2000,XL,D,AK,F,3078023,3662525,2026-04-28T10:47:56.500139742Z,49794221
20260428,133751,1338363,IMPC,0,2190,300,AG,D,AK,F,3082750,3662525,2026-04-28T10:47:56.500144219Z,49794222
20260428,133846,1343199,IMPC,0,2180,100,CC,D,XL,D,2982760,3672907,2026-04-28T10:47:56.587600707Z,49799058
20260428,133944,1349471,IMPC,0,2180,2800,CC,D,XL,D,2982760,3684736,2026-04-28T10:47:57.366656155Z,49805331
20260428,133945,1349615,IMPC,0,2190,200,XL,D,AK,F,3685003,3665748,2026-04-28T10:47:57.783964655Z,49805475
20260428,133945,1349616,IMPC,0,2190,4200,XL,D,AK,F,3685003,3665752,2026-04-28T10:47:57.783974448Z,49805476
20260428,133945,1349617,IMPC,0,2190,300,XL,D,AK,F,3685003,3665754,2026-04-28T10:47:57.783984349Z,49805477
20260428,133945,1349618,IMPC,0,2190,500,XL,D,AK,F,3685003,3665756,2026-04-28T10:47:57.783994112Z,49805478
20260428,133945,1349619,IMPC,0,2190,800,XL,D,AK,F,3685003,3665757,2026-04-28T10:47:57.784003749Z,49805479
20260428,133945,1349620,IMPC,0,2190,4000,XL,D,AK,F,3685003,3665759,2026-04-28T10:47:57.784013295Z,49805480
20260428,140202,1470319,IMPC,0,2180,600,XL,D,YP,D,3953612,3868812,2026-04-28T10:48:00.067295983Z,49926192
20260428,140215,1471437,IMPC,0,2170,100,XL,D,XL,D,3804796,3956311,2026-04-28T10:48:00.103055971Z,49927310
20260428,140215,1471449,IMPC,0,2170,300,XL,D,AK,F,3804796,3956361,2026-04-28T10:48:00.103137726Z,49927322
20260428,140215,1471450,IMPC,0,2170,100,XL,D,AK,F,3805864,3956361,2026-04-28T10:48:00.103144038Z,49927323
20260428,140215,1471451,IMPC,0,2170,200,XL,D,AK,F,3807634,3956361,2026-04-28T10:48:00.103150382Z,49927324
20260428,140215,1471452,IMPC,0,2170,2000,XL,D,AK,F,3819037,3956361,2026-04-28T10:48:00.103156823Z,49927325
20260428,140215,1471453,IMPC,0,2170,1000,YP,D,AK,F,3820770,3956361,2026-04-28T10:48:00.103163257Z,49927326
20260428,140242,1474823,IMPC,0,2170,1800,PD,D,YP,D,3834117,3961735,2026-04-28T10:48:00.174970598Z,49930699
20260428,140318,1478359,IMPC,0,2170,3400,PD,D,AK,F,3834117,3968910,2026-04-28T10:48:00.244763872Z,49934236
20260428,141853,1562064,IMPC,0,2180,11500,XC,D,YP,D,4157275,3868812,2026-04-28T10:48:00.88373365Z,50017974
20260428,142043,1568594,IMPC,0,2170,3500,CC,F,AK,F,4079770,4174819,2026-04-28T10:48:01.044164825Z,50024505
20260428,142150,1572290,IMPC,0,2180,200,CC,F,YP,D,4184793,3868812,2026-04-28T10:48:01.152586501Z,50028201
20260428,142150,1572291,IMPC,0,2180,100,XL,D,YP,D,4184797,3868812,2026-04-28T10:48:01.15259918Z,50028202
20260428,143138,1620670,IMPC,0,2170,3700,XL,D,AK,F,4199023,4289652,2026-04-28T10:48:01.8646555Z,50076593
20260428,143304,1630029,IMPC,0,2160,300,YP,D,XC,D,3805032,4305779,2026-04-28T10:48:01.972800525Z,50085954
20260428,143304,1630050,IMPC,0,2160,1400,YP,D,AK,F,3805032,4305838,2026-04-28T10:48:01.973409552Z,50085975
20260428,143304,1630051,IMPC,0,2160,300,YP,D,AK,F,3805050,4305838,2026-04-28T10:48:01.973412327Z,50085976
20260428,143304,1630052,IMPC,0,2160,600,XL,D,AK,F,3853653,4305838,2026-04-28T10:48:01.973415004Z,50085977
20260428,143304,1630053,IMPC,0,2160,1000,XL,D,AK,F,3861368,4305838,2026-04-28T10:48:01.973417724Z,50085978
20260428,144237,1682522,IMPC,0,2150,1100,XA,D,OD,D,3650136,4418308,2026-04-28T10:48:04.024898338Z,50138468
20260428,144237,1682523,IMPC,0,2150,100,XL,D,OD,D,3660706,4418308,2026-04-28T10:48:04.024902497Z,50138469
20260428,144237,1682524,IMPC,0,2150,1500,YB,D,OD,D,3690077,4418308,2026-04-28T10:48:04.024905997Z,50138470
20260428,144237,1682525,IMPC,0,2150,400,XL,D,OD,D,3736647,4418308,2026-04-28T10:48:04.024921071Z,50138471
20260428,144237,1682526,IMPC,0,2150,1900,YP,D,OD,D,3741662,4418308,2026-04-28T10:48:04.024924544Z,50138472
20260428,144242,1682958,IMPC,0,2150,3200,YP,D,AK,F,3741662,4419418,2026-04-28T10:48:04.061211779Z,50138904
20260428,144701,1705669,IMPC,0,2170,5000,XL,D,KI,D,4468815,4300566,2026-04-28T10:48:04.193571221Z,50161624
20260428,144701,1705681,IMPC,0,2170,500,CC,F,KI,D,4468864,4300566,2026-04-28T10:48:04.193604779Z,50161636
20260428,144701,1705745,IMPC,0,2170,400,CC,F,KI,D,4468978,4300566,2026-04-28T10:48:04.203380902Z,50161700
20260428,144703,1705927,IMPC,0,2170,100,XL,D,KI,D,4469283,4300566,2026-04-28T10:48:04.206181087Z,50161882
20260428,145354,1742902,IMPC,0,2160,600,XL,D,AK,F,4445801,4545509,2026-04-28T10:48:06.211528024Z,50198884
20260428,145354,1742903,IMPC,0,2160,3000,XL,D,AK,F,4449401,4545509,2026-04-28T10:48:06.21153174Z,50198885
20260428,145803,1771186,IMPC,0,2160,100,XL,D,XL,D,4472316,4595083,2026-04-28T10:48:06.653093393Z,50227180
20260428,145909,1777143,IMPC,0,2170,500,XL,D,KI,D,4607895,4303833,2026-04-28T10:48:07.208707394Z,50233137
20260428,150455,1808298,IMPC,0,2170,500,XL,D,KI,D,4675995,4303833,2026-04-28T10:48:07.666914225Z,50264300
20260428,150627,1815431,IMPC,0,2160,700,XL,D,AK,F,4596168,4694067,2026-04-28T10:48:08.164004579Z,50271434
20260428,150627,1815432,IMPC,0,2160,100,XL,D,AK,F,4606436,4694067,2026-04-28T10:48:08.164016587Z,50271435
20260428,150627,1815433,IMPC,0,2160,2500,XL,D,AK,F,4612847,4694067,2026-04-28T10:48:08.164027729Z,50271436
20260428,150847,1826873,IMPC,0,2160,3700,XL,D,ZP,F,4652734,4719007,2026-04-28T10:48:08.499160219Z,50282880
20260428,154051,1999132,IMPC,0,2160,4600,XL,D,KI,D,5410944,5229035,2026-04-28T10:48:12.825850962Z,50455199
20260428,154051,1999133,IMPC,0,2160,8600,XL,D,KI,D,5410944,5230116,2026-04-28T10:48:12.825859284Z,50455200
20260428,154051,1999134,IMPC,0,2160,3900,XL,D,ZP,F,5410944,5230206,2026-04-28T10:48:12.825862608Z,50455201
20260428,154051,1999135,IMPC,0,2160,2200,XL,D,BK,F,5410944,5231202,2026-04-28T10:48:12.825865828Z,50455202
20260428,154051,1999136,IMPC,0,2160,700,XL,D,KK,D,5410944,5234663,2026-04-28T10:48:12.825869007Z,50455203
20260428,154358,2022304,IMPC,0,2170,1700,XL,D,XL,D,5490135,4663099,2026-04-28T10:48:13.203274832Z,50478376
20260428,154358,2022305,IMPC,0,2170,800,XL,D,BK,F,5490135,4706306,2026-04-28T10:48:13.203277543Z,50478377
20260428,154358,2022306,IMPC,0,2170,10300,XL,D,KI,D,5490135,4726792,2026-04-28T10:48:13.203280267Z,50478378
20260428,154359,2022386,IMPC,0,2160,100,ZP,F,ZP,F,5462311,5490301,2026-04-28T10:48:13.309548187Z,50478458
20260428,154359,2022387,IMPC,0,2160,200,ZP,F,ZP,F,5462524,5490301,2026-04-28T10:48:13.309555857Z,50478459
20260428,154359,2022388,IMPC,0,2160,3300,CP,D,ZP,F,5465128,5490301,2026-04-28T10:48:13.309563215Z,50478460
20260428,154431,2025914,IMPC,0,2160,800,CP,D,PD,D,5465128,5504012,2026-04-28T10:48:13.665517751Z,50481986
20260428,154728,2049658,IMPC,0,2160,2200,XC,D,BK,F,5518676,5582043,2026-04-28T10:48:13.96630928Z,50505731
20260428,154836,2062195,IMPC,0,2160,2900,XC,D,CP,D,5518676,5615525,2026-04-28T10:48:14.196397811Z,50518269
20260428,154836,2062196,IMPC,0,2160,1000,XL,D,CP,D,5518687,5615525,2026-04-28T10:48:14.196402466Z,50518270
20260428,154836,2062197,IMPC,0,2160,400,CC,F,CP,D,5537219,5615525,2026-04-28T10:48:14.196407029Z,50518271
20260428,154836,2062198,IMPC,0,2160,400,CC,F,CP,D,5536062,5615525,2026-04-28T10:48:14.196411888Z,50518272
20260428,154836,2062199,IMPC,0,2160,300,CC,F,CP,D,5536249,5615525,2026-04-28T10:48:14.19695767Z,50518273
20260428,154836,2062200,IMPC,0,2160,100,XL,D,CP,D,5520643,5615525,2026-04-28T10:48:14.196962412Z,50518274
20260428,154836,2062201,IMPC,0,2160,500,XL,D,CP,D,5528845,5615525,2026-04-28T10:48:14.19696581Z,50518275
20260428,154836,2062202,IMPC,0,2160,100,ZP,F,CP,D,5533480,5615525,2026-04-28T10:48:14.196968749Z,50518276
20260428,154836,2062203,IMPC,0,2160,4300,XL,D,CP,D,5548136,5615525,2026-04-28T10:48:14.19697167Z,50518277
20260428,154905,2068214,IMPC,0,2160,200,CC,F,BK,F,5614635,5631380,2026-04-28T10:48:14.373145253Z,50524290
20260428,154929,2074124,IMPC,0,2160,400,XL,D,BK,F,5557676,5642440,2026-04-28T10:48:14.549741882Z,50530202
20260428,085800,12259,IMPC,0,2150,1600,XL,D,XL,D,211079,218661,2026-04-28T17:02:14.423089934Z,54564607
20260428,085800,12260,IMPC,0,2150,700,AZ,D,XL,D,214020,218661,2026-04-28T17:02:14.423093099Z,54564608
20260428,085800,12261,IMPC,0,2150,9300,AZ,D,AK,F,214020,441780,2026-04-28T17:02:14.423096243Z,54564609
20260428,085800,12262,IMPC,0,2150,1000,XC,D,AK,F,222433,441780,2026-04-28T17:02:14.423099399Z,54564610
20260428,085800,12263,IMPC,0,2150,400,XL,D,AK,F,451706,441780,2026-04-28T17:02:14.423102641Z,54564611
20260428,085800,12264,IMPC,0,2150,1000,XL,D,AK,F,452766,441780,2026-04-28T17:02:14.423107763Z,54564612
20260428,085800,12265,IMPC,0,2150,1100,XL,D,AK,F,455917,441780,2026-04-28T17:02:14.423110943Z,54564613
20260428,085800,12266,IMPC,0,2150,5000,XL,D,AK,F,465215,441780,2026-04-28T17:02:14.423114218Z,54564614
20260428,085800,12267,IMPC,0,2150,2300,XL,D,AK,F,473472,441780,2026-04-28T17:02:14.423117369Z,54564615
20260428,085800,12268,IMPC,0,2150,200,XL,D,AK,F,473472,437688,2026-04-28T17:02:14.423120516Z,54564616
20260428,085800,12269,IMPC,0,2150,100,XL,D,AK,F,473472,438461,2026-04-28T17:02:14.423123689Z,54564617
20260428,085800,12270,IMPC,0,2150,1900,XL,D,BK,F,473472,5705,2026-04-28T17:02:14.423126832Z,54564618
20260428,085800,12271,IMPC,0,2150,500,XL,D,CC,D,473472,252290,2026-04-28T17:02:14.423130096Z,54564619
20260428,085800,12272,IMPC,0,2150,300,ZP,F,CC,D,475729,252290,2026-04-28T17:02:14.423133351Z,54564620
20260428,085800,12273,IMPC,0,2150,900,ZP,F,CC,D,486841,252290,2026-04-28T17:02:14.423136601Z,54564621
20260428,085800,12274,IMPC,0,2150,1800,ZP,F,CC,D,492680,252290,2026-04-28T17:02:14.423139743Z,54564622
20260428,085800,12275,IMPC,0,2150,1800,ZP,F,KI,D,492680,484602,2026-04-28T17:02:14.423142919Z,54564623
20260428,085800,12276,IMPC,0,2150,3800,CC,F,KI,D,506913,484602,2026-04-28T17:02:14.423146208Z,54564624
20260428,085800,12277,IMPC,0,2150,100,XL,D,KI,D,218142,484602,2026-04-28T17:02:14.423149489Z,54564625
20260428,085800,12278,IMPC,0,2150,200,XL,D,KI,D,221344,484602,2026-04-28T17:02:14.423823612Z,54564626
20260428,085800,12279,IMPC,0,2150,300,XL,D,KI,D,41028,484602,2026-04-28T17:02:14.423829677Z,54564627
20260428,085800,12280,IMPC,0,2150,300,XL,D,KI,D,140190,484602,2026-04-28T17:02:14.423834977Z,54564628
20260428,085800,12281,IMPC,0,2150,1000,XL,D,KI,D,170798,484602,2026-04-28T17:02:14.423840188Z,54564629
20260428,085800,12282,IMPC,0,2150,1000,EP,D,KI,D,474085,484602,2026-04-28T17:02:14.423845275Z,54564630
20260428,085800,12283,IMPC,0,2150,50000,YJ,D,KI,D,1396,484602,2026-04-28T17:02:14.423850389Z,54564631
20260428,085800,12284,IMPC,0,2150,3300,XL,D,KI,D,42579,484602,2026-04-28T17:02:14.423855298Z,54564632
20260428,085800,12285,IMPC,0,2150,200,XL,D,KI,D,77029,484602,2026-04-28T17:02:14.423860134Z,54564633
20260428,085800,12286,IMPC,0,2150,300,XC,D,KI,D,259504,484602,2026-04-28T17:02:14.423865335Z,54564634
20260428,085800,12287,IMPC,0,2150,500,XL,D,KI,D,399896,484602,2026-04-28T17:02:14.423870464Z,54564635
20260428,085800,12288,IMPC,0,2150,100,XC,D,KI,D,456144,484602,2026-04-28T17:02:14.423874716Z,54564636
20260428,085800,12289,IMPC,0,2150,100,XL,D,KI,D,458562,484602,2026-04-28T17:02:14.423879284Z,54564637
20260428,085800,12290,IMPC,0,2150,12000,XL,D,KI,D,461262,484602,2026-04-28T17:02:14.423884705Z,54564638
20260428,085800,12291,IMPC,0,2150,100,XC,D,KI,D,470414,484602,2026-04-28T17:02:14.42389007Z,54564639
20260428,085800,12292,IMPC,0,2150,50000,XL,D,KI,D,473413,484602,2026-04-28T17:02:14.42389549Z,54564640
20260428,085800,12293,IMPC,0,2150,200,YP,D,KI,D,477116,484602,2026-04-28T17:02:14.423899713Z,54564641
20260428,085800,12294,IMPC,0,2150,2200,LG,D,KI,D,479981,484602,2026-04-28T17:02:14.423904191Z,54564642
20260428,085800,12295,IMPC,0,2150,200,LG,D,XL,D,479981,191764,2026-04-28T17:02:14.423908676Z,54564643
20260428,085800,12296,IMPC,0,2150,1000,LG,D,XC,D,479981,276993,2026-04-28T17:02:14.423913162Z,54564644
20260428,085800,12297,IMPC,0,2150,300,LG,D,XC,D,479981,331426,2026-04-28T17:02:14.423917334Z,54564645
20260428,085800,12298,IMPC,0,2150,100,LG,D,KK,D,479981,443426,2026-04-28T17:02:14.423924173Z,54564646
20260428,085800,12299,IMPC,0,2150,1200,LG,D,XC,D,479981,458940,2026-04-28T17:02:14.42392841Z,54564647
20260428,085800,12300,IMPC,0,2150,400,XL,D,XC,D,490780,458940,2026-04-28T17:02:14.423932581Z,54564648
20260428,090001,31543,IMPC,0,2150,7500,MG,D,XC,D,511963,458940,2026-04-28T17:02:14.925412488Z,54583892
20260428,090001,31544,IMPC,0,2150,2500,MG,D,KI,D,511963,511178,2026-04-28T17:02:14.925414983Z,54583893
20260428,090001,31645,IMPC,0,2140,5000,KK,D,KI,D,16690,512738,2026-04-28T17:02:14.929584637Z,54583994
20260428,090001,31646,IMPC,0,2140,400,XL,D,KI,D,76827,512738,2026-04-28T17:02:14.929587568Z,54583995
20260428,090001,31647,IMPC,0,2140,500,SQ,D,KI,D,83220,512738,2026-04-28T17:02:14.929609368Z,54583996
20260428,090001,31648,IMPC,0,2140,100,YP,D,KI,D,125044,512738,2026-04-28T17:02:14.929638518Z,54583997
20260428,090001,31649,IMPC,0,2140,1800,XL,D,KI,D,133715,512738,2026-04-28T17:02:14.92964165Z,54583998
20260428,090001,31650,IMPC,0,2140,1800,XL,D,KI,D,135979,512738,2026-04-28T17:02:14.929644554Z,54583999
20260428,090001,31651,IMPC,0,2140,600,XL,D,KI,D,158829,512738,2026-04-28T17:02:14.929672263Z,54584000
20260428,090001,31652,IMPC,0,2140,1600,CC,D,KI,D,183151,512738,2026-04-28T17:02:14.929677744Z,54584001
20260428,090001,31653,IMPC,0,2140,1000,XL,D,KI,D,206227,512738,2026-04-28T17:02:14.929682632Z,54584002
20260428,090001,31654,IMPC,0,2140,1400,XL,D,KI,D,210412,512738,2026-04-28T17:02:14.929686843Z,54584003
20260428,090001,31655,IMPC,0,2140,500,AZ,D,KI,D,211750,512738,2026-04-28T17:02:14.92969115Z,54584004
20260428,090001,31656,IMPC,0,2140,8800,XL,D,KI,D,219430,512738,2026-04-28T17:02:14.929722565Z,54584005
20260428,090001,31703,IMPC,0,2140,5200,XL,D,KI,D,219430,513133,2026-04-28T17:02:14.930247262Z,54584052
20260428,090001,31704,IMPC,0,2140,6400,CC,D,KI,D,353806,513133,2026-04-28T17:02:14.93025006Z,54584053
20260428,090001,31708,IMPC,0,2140,8600,CC,D,KI,D,353806,513173,2026-04-28T17:02:14.930292944Z,54584057
20260428,090001,31709,IMPC,0,2140,500,XL,D,KI,D,427147,513173,2026-04-28T17:02:14.930308289Z,54584058
20260428,090001,31710,IMPC,0,2140,1000,YB,D,KI,D,443448,513173,2026-04-28T17:02:14.930311082Z,54584059
20260428,090001,31711,IMPC,0,2140,2000,XL,D,KI,D,445801,513173,2026-04-28T17:02:14.930325677Z,54584060
20260428,090001,31712,IMPC,0,2140,500,XL,D,KI,D,447681,513173,2026-04-28T17:02:14.930328554Z,54584061
20260428,090001,31713,IMPC,0,2140,100,XC,D,KI,D,455140,513173,2026-04-28T17:02:14.930331687Z,54584062
20260428,090001,31714,IMPC,0,2140,1000,OD,D,KI,D,473144,513173,2026-04-28T17:02:14.930358235Z,54584063
20260428,090001,31715,IMPC,0,2140,7700,SQ,D,KI,D,482636,513173,2026-04-28T17:02:14.930361775Z,54584064
20260428,090001,31723,IMPC,0,2140,1100,SQ,D,KI,D,482636,513210,2026-04-28T17:02:14.930431312Z,54584072
20260428,090001,31724,IMPC,0,2140,10000,SQ,D,KI,D,483321,513210,2026-04-28T17:02:14.930451234Z,54584073
20260428,090001,31725,IMPC,0,2140,1800,YP,D,KI,D,486091,513210,2026-04-28T17:02:14.930454445Z,54584074
20260428,090001,31788,IMPC,0,2150,11000,CP,D,KI,D,513563,511178,2026-04-28T17:02:14.931984662Z,54584137
20260428,090001,31789,IMPC,0,2150,9000,CP,D,KI,D,513563,512498,2026-04-28T17:02:14.932007632Z,54584138
20260428,090001,31798,IMPC,0,2150,1800,CP,D,KI,D,513622,512498,2026-04-28T17:02:14.932114874Z,54584147
20260428,090001,32065,IMPC,0,2150,1900,CP,D,BK,F,513622,514623,2026-04-28T17:02:14.946925464Z,54584414
20260428,090003,38426,IMPC,0,2170,3700,ZP,F,CP,D,537632,443396,2026-04-28T17:02:15.079648001Z,54590776
20260428,090003,38427,IMPC,0,2170,200,ZP,F,BK,F,537632,517905,2026-04-28T17:02:15.079652921Z,54590777
20260428,090118,76708,IMPC,0,2200,2000,XL,D,YP,D,637075,29974,2026-04-28T17:02:15.2971346Z,54599072
20260428,090118,76727,IMPC,0,2190,1000,YB,D,PD,D,633408,637126,2026-04-28T17:02:15.297793745Z,54599091
20260428,090125,78955,IMPC,0,2200,10500,CC,D,YP,D,642627,29974,2026-04-28T17:02:15.383355263Z,54601321
20260428,090125,78956,IMPC,0,2200,400,CC,D,XL,D,642627,220571,2026-04-28T17:02:15.383358232Z,54601322
20260428,090125,78957,IMPC,0,2200,4000,CC,D,XC,D,642627,338242,2026-04-28T17:02:15.383361276Z,54601323
20260428,090125,78958,IMPC,0,2200,2300,CC,D,XL,D,642627,453392,2026-04-28T17:02:15.3833643Z,54601324
20260428,090125,78959,IMPC,0,2200,2500,CC,D,XL,D,642627,478005,2026-04-28T17:02:15.383367242Z,54601325
20260428,090125,78960,IMPC,0,2200,300,CC,D,KI,D,642627,507318,2026-04-28T17:02:15.383370384Z,54601326
20260428,090125,79078,IMPC,0,2190,9000,YB,D,XL,D,633408,643081,2026-04-28T17:02:15.383767868Z,54601444
20260428,090125,79079,IMPC,0,2190,1000,XL,D,XL,D,636016,643081,2026-04-28T17:02:15.383771134Z,54601445
20260428,090125,79080,IMPC,0,2190,200,CC,D,XL,D,639928,643081,2026-04-28T17:02:15.383774269Z,54601446
20260428,090125,79081,IMPC,0,2190,3500,NI,D,XL,D,642644,643081,2026-04-28T17:02:15.383777556Z,54601447
20260428,090125,79176,IMPC,0,2200,3900,ZP,F,KI,D,643186,507318,2026-04-28T17:02:15.384100047Z,54601542
20260428,090127,79419,IMPC,0,2190,6500,NI,D,MG,D,642644,644050,2026-04-28T17:02:15.384979304Z,54601785
20260428,090128,79855,IMPC,0,2190,1000,XL,D,MG,D,645236,644050,2026-04-28T17:02:15.386264696Z,54602221
20260428,090128,79965,IMPC,0,2190,300,XL,D,MG,D,645578,644050,2026-04-28T17:02:15.38658137Z,54602331
20260428,090132,81230,IMPC,0,2190,1200,XL,D,MG,D,650182,644050,2026-04-28T17:02:15.435420043Z,54603597
20260428,090138,82714,IMPC,0,2190,1000,AK,F,MG,D,654157,644050,2026-04-28T17:02:15.474131235Z,54605081
20260428,090138,82715,IMPC,0,2190,200,AK,F,AK,F,654157,645454,2026-04-28T17:02:15.474208638Z,54605082
20260428,090138,82716,IMPC,0,2190,200,AK,F,AK,F,654157,645455,2026-04-28T17:02:15.47430501Z,54605083
20260428,090138,82717,IMPC,0,2190,3400,AK,F,AK,F,654157,645456,2026-04-28T17:02:15.474423164Z,54605084
20260428,090138,82718,IMPC,0,2190,4400,AK,F,AK,F,654157,645496,2026-04-28T17:02:15.474426817Z,54605085
20260428,090146,85458,IMPC,0,2190,1000,XL,D,XL,D,659239,661416,2026-04-28T17:02:15.576307458Z,54607827
20260428,090147,85807,IMPC,0,2190,100,XL,D,AK,F,659239,662314,2026-04-28T17:02:15.579767447Z,54608176
20260428,090151,87065,IMPC,0,2190,500,XL,D,XL,D,664027,665524,2026-04-28T17:02:15.613316103Z,54609434
20260428,090157,88684,IMPC,0,2190,400,XL,D,XL,D,664027,670293,2026-04-28T17:02:15.681016525Z,54611053
20260428,090157,88725,IMPC,0,2200,100,XL,D,KI,D,670473,507318,2026-04-28T17:02:15.682741434Z,54611094
20260428,090158,88808,IMPC,0,2200,1000,XL,D,KI,D,670746,507318,2026-04-28T17:02:15.688060694Z,54611177
20260428,090200,89339,IMPC,0,2200,5500,XL,D,KI,D,672531,507318,2026-04-28T17:02:15.739105407Z,54611708
20260428,090200,89340,IMPC,0,2200,5200,XL,D,KI,D,672531,512458,2026-04-28T17:02:15.739109082Z,54611709
20260428,090206,91532,IMPC,0,2200,8300,KK,D,KI,D,677916,512458,2026-04-28T17:02:15.780878473Z,54613901
20260428,090206,91533,IMPC,0,2200,6700,KK,D,XL,D,677916,531181,2026-04-28T17:02:15.780882261Z,54613902
20260428,090209,92291,IMPC,0,2200,2100,XL,D,XL,D,680082,531181,2026-04-28T17:02:15.801367102Z,54614661
20260428,090209,92292,IMPC,0,2200,1400,XL,D,XL,D,680082,563568,2026-04-28T17:02:15.801370262Z,54614662
20260428,090209,92293,IMPC,0,2200,1000,XL,D,OD,D,680082,631761,2026-04-28T17:02:15.801373547Z,54614663
20260428,090209,92294,IMPC,0,2200,1200,XL,D,XL,D,680082,637120,2026-04-28T17:02:15.801376809Z,54614664
20260428,090209,92295,IMPC,0,2200,700,XL,D,XL,D,680082,638386,2026-04-28T17:02:15.801379972Z,54614665
20260428,090209,92296,IMPC,0,2200,4800,XL,D,AK,F,680082,638513,2026-04-28T17:02:15.801383179Z,54614666
20260428,090209,92297,IMPC,0,2200,500,XL,D,CC,D,680082,651541,2026-04-28T17:02:15.801386438Z,54614667
20260428,090209,92298,IMPC,0,2200,6200,XL,D,AK,F,680082,654286,2026-04-28T17:02:15.801389663Z,54614668
20260428,090209,92299,IMPC,0,2200,8800,XL,D,XL,D,680082,656406,2026-04-28T17:02:15.801392877Z,54614669
20260428,090209,92300,IMPC,0,2200,2000,XL,D,BK,F,680082,656942,2026-04-28T17:02:15.801396187Z,54614670
20260428,090209,92301,IMPC,0,2200,7600,XL,D,KI,D,680082,659289,2026-04-28T17:02:15.801399341Z,54614671
20260428,090209,92302,IMPC,0,2200,3100,XL,D,AK,F,680082,661601,2026-04-28T17:02:15.801493971Z,54614672
20260428,090209,92303,IMPC,0,2200,300,XL,D,AK,F,680082,665703,2026-04-28T17:02:15.801497674Z,54614673
20260428,090209,92304,IMPC,0,2200,5000,XL,D,CC,D,680082,670077,2026-04-28T17:02:15.801501454Z,54614674
20260428,090209,92305,IMPC,0,2200,28200,XL,D,CC,F,680082,670397,2026-04-28T17:02:15.801505151Z,54614675
20260428,090210,92724,IMPC,0,2200,5000,XL,D,CC,F,681231,670397,2026-04-28T17:02:15.816992768Z,54615094
20260428,090212,93276,IMPC,0,2200,500,XL,D,CC,F,682871,670397,2026-04-28T17:02:15.839513284Z,54615646
20260428,090212,93277,IMPC,0,2200,3100,XL,D,AK,F,682871,672737,2026-04-28T17:02:15.839519581Z,54615647
20260428,090213,93414,IMPC,0,2200,600,KK,D,AK,F,683447,672737,2026-04-28T17:02:15.840991118Z,54615784
20260428,090213,93415,IMPC,0,2200,100,KK,D,BK,F,683447,674091,2026-04-28T17:02:15.840994473Z,54615785
20260428,090213,93416,IMPC,0,2200,4300,KK,D,AK,F,683447,680183,2026-04-28T17:02:15.840997705Z,54615786
20260428,090221,95456,IMPC,0,2200,600,XL,D,AK,F,689630,680183,2026-04-28T17:02:15.884980677Z,54617828
20260428,090221,95457,IMPC,0,2200,1700,XL,D,AK,F,689630,680960,2026-04-28T17:02:15.884984571Z,54617829
20260428,090247,102712,IMPC,0,2200,200,LG,D,KK,D,708458,684249,2026-04-28T17:02:16.11704979Z,54625087
20260428,090247,102713,IMPC,0,2200,2700,LG,D,AK,F,708458,684348,2026-04-28T17:02:16.117053005Z,54625088
20260428,090247,102714,IMPC,0,2200,3600,LG,D,AK,F,708458,689735,2026-04-28T17:02:16.117056184Z,54625089
20260428,090247,102715,IMPC,0,2200,900,LG,D,XL,D,708458,692997,2026-04-28T17:02:16.117059337Z,54625090
20260428,090247,102716,IMPC,0,2200,3200,LG,D,YP,D,708458,695262,2026-04-28T17:02:16.11706248Z,54625091
20260428,090252,104001,IMPC,0,2200,800,XL,D,YP,D,712124,695262,2026-04-28T17:02:16.121970949Z,54626376
20260428,090254,104668,IMPC,0,2200,4200,CC,D,YP,D,713879,695262,2026-04-28T17:02:16.150435274Z,54627043
20260428,090254,104669,IMPC,0,2200,800,CC,D,BK,F,713879,695462,2026-04-28T17:02:16.150521854Z,54627044
20260428,090314,110190,IMPC,0,2200,100,XL,D,BK,F,728269,695462,2026-04-28T17:02:16.204928309Z,54632567
20260428,090314,110208,IMPC,0,2190,500,XL,D,XL,D,664027,728309,2026-04-28T17:02:16.205333908Z,54632585
20260428,090323,112438,IMPC,0,2190,5500,XL,D,CC,D,664027,734179,2026-04-28T17:02:16.244145386Z,54634815
20260428,090323,112439,IMPC,0,2190,1000,XL,D,CC,D,664562,734179,2026-04-28T17:02:16.244148724Z,54634816
20260428,090323,112496,IMPC,0,2190,1900,XL,D,AK,F,664562,734348,2026-04-28T17:02:16.245049567Z,54634873
20260428,090323,112497,IMPC,0,2190,1800,YP,D,AK,F,664664,734348,2026-04-28T17:02:16.245052858Z,54634874
20260428,090323,112513,IMPC,0,2190,9100,YP,D,AK,F,664664,734393,2026-04-28T17:02:16.245153826Z,54634890
20260428,090323,112514,IMPC,0,2190,100,YP,D,AK,F,665985,734393,2026-04-28T17:02:16.245177763Z,54634891
20260428,090323,112515,IMPC,0,2190,2000,XL,D,AK,F,666304,734393,2026-04-28T17:02:16.245181259Z,54634892
20260428,090323,112516,IMPC,0,2190,200,YP,D,AK,F,667784,734393,2026-04-28T17:02:16.245184745Z,54634893
20260428,090323,112517,IMPC,0,2190,5000,DH,D,AK,F,670143,734393,2026-04-28T17:02:16.245188081Z,54634894
20260428,090323,112518,IMPC,0,2190,300,XL,D,AK,F,679038,734393,2026-04-28T17:02:16.245191559Z,54634895
20260428,090323,112519,IMPC,0,2190,300,XC,D,AK,F,691688,734393,2026-04-28T17:02:16.245224748Z,54634896
20260428,090323,112520,IMPC,0,2190,24100,XL,D,AK,F,698751,734393,2026-04-28T17:02:16.245228386Z,54634897
20260428,090323,112521,IMPC,0,2190,1400,XL,D,AK,F,705333,734393,2026-04-28T17:02:16.245329898Z,54634898
20260428,090323,112522,IMPC,0,2190,1000,XL,D,AK,F,715912,734393,2026-04-28T17:02:16.245334572Z,54634899
20260428,090323,112523,IMPC,0,2190,3000,LG,D,AK,F,716236,734393,2026-04-28T17:02:16.24533788Z,54634900
20260428,090323,112524,IMPC,0,2190,100,SQ,D,AK,F,726461,734393,2026-04-28T17:02:16.245341304Z,54634901
20260428,090323,112525,IMPC,0,2190,600,XL,D,AK,F,723084,734393,2026-04-28T17:02:16.245344559Z,54634902
20260428,090323,112526,IMPC,0,2190,4000,XL,D,AK,F,726391,734393,2026-04-28T17:02:16.245347916Z,54634903
20260428,090323,112527,IMPC,0,2190,100,XC,D,AK,F,734008,734393,2026-04-28T17:02:16.245351245Z,54634904
20260428,090325,113167,IMPC,0,2180,500,XL,D,AK,F,628055,735907,2026-04-28T17:02:16.273901553Z,54635544
20260428,090325,113168,IMPC,0,2180,600,YP,D,AK,F,634844,735907,2026-04-28T17:02:16.273908449Z,54635545
20260428,090325,113169,IMPC,0,2180,6800,XL,D,AK,F,652974,735907,2026-04-28T17:02:16.27403711Z,54635546
20260428,090325,113170,IMPC,0,2180,25300,CC,D,AK,F,654118,735907,2026-04-28T17:02:16.274042011Z,54635547
20260428,090336,116973,IMPC,0,2180,200,CC,D,YP,D,654118,743920,2026-04-28T17:02:16.402547577Z,54639351
20260428,090336,117054,IMPC,0,2180,5100,CC,D,AK,F,654118,744140,2026-04-28T17:02:16.407109915Z,54639432
20260428,090346,119588,IMPC,0,2180,5400,CC,D,XL,D,654118,751214,2026-04-28T17:02:16.540753467Z,54641968
20260428,090346,119640,IMPC,0,2180,5600,CC,D,AK,F,654118,751363,2026-04-28T17:02:16.543833982Z,54642020
20260428,090347,119958,IMPC,0,2190,1100,ZP,F,XL,D,751677,735863,2026-04-28T17:02:16.55722781Z,54642338
20260428,090347,119959,IMPC,0,2190,2000,ZP,F,BK,F,751677,736004,2026-04-28T17:02:16.557251747Z,54642339
20260428,090347,119960,IMPC,0,2190,700,ZP,F,AK,F,751677,736056,2026-04-28T17:02:16.557293028Z,54642340
20260428,090347,120048,IMPC,0,2190,200,CC,D,AK,F,751968,736056,2026-04-28T17:02:16.561291955Z,54642428
20260428,090404,124639,IMPC,0,2170,100,IF,D,XL,D,748006,764196,2026-04-28T17:02:16.630940505Z,54647020
20260428,090404,124640,IMPC,0,2170,20000,GR,D,XL,D,757309,764196,2026-04-28T17:02:16.630944211Z,54647021
20260428,090404,124641,IMPC,0,2160,4900,YU,D,XL,D,611304,764196,2026-04-28T17:02:16.630947841Z,54647022
20260428,090405,124798,IMPC,0,2170,3800,ZP,F,YP,D,764394,764202,2026-04-28T17:02:16.640135446Z,54647179
20260428,090411,126828,IMPC,0,2170,500,XL,D,YP,D,769267,764202,2026-04-28T17:02:16.694254159Z,54649209
20260428,090412,126910,IMPC,0,2160,4600,YU,D,AK,F,611304,769512,2026-04-28T17:02:16.699366333Z,54649291
20260428,090412,126911,IMPC,0,2160,800,XL,D,AK,F,619049,769512,2026-04-28T17:02:16.699370653Z,54649292
20260428,090412,126913,IMPC,0,2160,1200,XL,D,AK,F,619049,769533,2026-04-28T17:02:16.699381473Z,54649294
20260428,090412,126914,IMPC,0,2160,800,XL,D,AK,F,621539,769533,2026-04-28T17:02:16.69938572Z,54649295
20260428,090412,126915,IMPC,0,2160,2700,XL,D,AK,F,630355,769533,2026-04-28T17:02:16.699482764Z,54649296
20260428,090418,128979,IMPC,0,2170,100,XL,D,YP,D,774310,764202,2026-04-28T17:02:16.746618401Z,54651361
20260428,090419,129087,IMPC,0,2170,18800,XL,D,YP,D,774585,764202,2026-04-28T17:02:16.752411563Z,54651469
20260428,090419,129088,IMPC,0,2170,2000,XL,D,BK,F,774585,764231,2026-04-28T17:02:16.752491315Z,54651470
20260428,090419,129089,IMPC,0,2170,3800,XL,D,AK,F,774585,764570,2026-04-28T17:02:16.752593661Z,54651471
20260428,090419,129090,IMPC,0,2170,1000,XL,D,AK,F,774585,764574,2026-04-28T17:02:16.752699866Z,54651472
20260428,090419,129091,IMPC,0,2170,3600,XL,D,AK,F,774585,764576,2026-04-28T17:02:16.752725755Z,54651473
20260428,090419,129092,IMPC,0,2170,3000,XL,D,AK,F,774585,764580,2026-04-28T17:02:16.752827805Z,54651474
20260428,090419,129093,IMPC,0,2170,1700,XL,D,AK,F,774585,764582,2026-04-28T17:02:16.752890305Z,54651475
20260428,090419,129094,IMPC,0,2170,3700,XL,D,AK,F,774585,764583,2026-04-28T17:02:16.753001012Z,54651476
20260428,090419,129095,IMPC,0,2170,12400,XL,D,AK,F,774585,767972,2026-04-28T17:02:16.753104962Z,54651477
20260428,090431,132909,IMPC,0,2160,100,XL,D,XL,D,630355,783400,2026-04-28T17:02:16.858659614Z,54655294
20260428,090447,137445,IMPC,0,2170,100,XL,D,AK,F,795178,767972,2026-04-28T17:02:16.955139265Z,54659831
20260428,090635,172616,IMPC,0,2160,2000,XL,D,GR,D,632077,872615,2026-04-28T17:02:17.115617367Z,54665006
20260428,090636,172827,IMPC,0,2160,9200,XL,D,XL,D,632077,873242,2026-04-28T17:02:17.119908824Z,54665217
20260428,090636,172832,IMPC,0,2160,3200,XL,D,AK,F,632077,873270,2026-04-28T17:02:17.119940915Z,54665222
20260428,090636,172833,IMPC,0,2160,4800,XL,D,AK,F,632077,873272,2026-04-28T17:02:17.119945354Z,54665223
20260428,090636,172834,IMPC,0,2160,700,XL,D,AK,F,649037,873272,2026-04-28T17:02:17.119949823Z,54665224
20260428,090636,172835,IMPC,0,2160,10000,CP,D,AK,F,678752,873272,2026-04-28T17:02:17.119954217Z,54665225
20260428,090636,172836,IMPC,0,2160,1000,XL,D,AK,F,710415,873272,2026-04-28T17:02:17.119958706Z,54665226
20260428,090636,172837,IMPC,0,2160,25000,PD,D,AK,F,718081,873272,2026-04-28T17:02:17.119963319Z,54665227
20260428,090636,172838,IMPC,0,2160,200,CC,D,AK,F,772025,873272,2026-04-28T17:02:17.119967703Z,54665228
20260428,090636,172839,IMPC,0,2160,14000,CC,D,AK,F,785361,873272,2026-04-28T17:02:17.120083871Z,54665229
20260428,090636,172851,IMPC,0,2160,6000,CC,D,AK,F,785361,873310,2026-04-28T17:02:17.120241408Z,54665241
20260428,090636,172852,IMPC,0,2160,5000,XL,D,AK,F,787125,873310,2026-04-28T17:02:17.120246006Z,54665242
20260428,090636,172853,IMPC,0,2160,57700,CC,D,AK,F,830367,873310,2026-04-28T17:02:17.120676849Z,54665243
20260428,090636,172857,IMPC,0,2160,32300,CC,D,BK,F,830367,873319,2026-04-28T17:02:17.120694977Z,54665247
20260428,090636,172858,IMPC,0,2160,5000,CP,D,BK,F,832969,873319,2026-04-28T17:02:17.120699374Z,54665248
20260428,090636,172859,IMPC,0,2160,20000,YP,D,BK,F,842572,873319,2026-04-28T17:02:17.120703873Z,54665249
20260428,090636,172860,IMPC,0,2160,10000,HP,D,BK,F,852899,873319,2026-04-28T17:02:17.12070801Z,54665250
20260428,090636,172861,IMPC,0,2160,15000,YP,D,BK,F,856777,873319,2026-04-28T17:02:17.120712528Z,54665251
20260428,090636,172862,IMPC,0,2160,1000,YB,D,BK,F,857876,873319,2026-04-28T17:02:17.120716667Z,54665252
20260428,090636,172863,IMPC,0,2160,100,XC,D,BK,F,858775,873319,2026-04-28T17:02:17.12078224Z,54665253
20260428,090636,172864,IMPC,0,2160,100,XC,D,BK,F,863445,873319,2026-04-28T17:02:17.120786987Z,54665254
20260428,090636,172970,IMPC,0,2160,3700,ZP,F,BK,F,873663,873319,2026-04-28T17:02:17.123171218Z,54665360
20260428,090639,174159,IMPC,0,2150,8000,CP,D,DX,D,513622,875899,2026-04-28T17:02:17.179893644Z,54666549
20260428,090640,174220,IMPC,0,2150,8300,CP,D,CP,D,513622,876064,2026-04-28T17:02:17.182115345Z,54666610
20260428,090640,174221,IMPC,0,2150,20000,CP,D,CP,D,513685,876064,2026-04-28T17:02:17.18211841Z,54666611
20260428,090640,174222,IMPC,0,2150,5000,AZ,D,CP,D,518886,876064,2026-04-28T17:02:17.182122269Z,54666612
20260428,090640,174223,IMPC,0,2150,5000,SQ,D,CP,D,520350,876064,2026-04-28T17:02:17.182125636Z,54666613
20260428,090640,174224,IMPC,0,2150,2500,XL,D,CP,D,522350,876064,2026-04-28T17:02:17.182128391Z,54666614
20260428,090640,174225,IMPC,0,2150,10000,XL,D,CP,D,528811,876064,2026-04-28T17:02:17.182181887Z,54666615
20260428,090640,174226,IMPC,0,2150,200,PD,D,CP,D,530153,876064,2026-04-28T17:02:17.182184921Z,54666616
20260428,090640,174227,IMPC,0,2150,100,XL,D,CP,D,530573,876064,2026-04-28T17:02:17.182188206Z,54666617
20260428,090640,174228,IMPC,0,2150,1900,XL,D,CP,D,532700,876064,2026-04-28T17:02:17.182191203Z,54666618
20260428,090640,174229,IMPC,0,2150,25000,XL,D,CP,D,533737,876064,2026-04-28T17:02:17.182212238Z,54666619
20260428,090640,174230,IMPC,0,2150,23300,XL,D,CP,D,534108,876064,2026-04-28T17:02:17.182215191Z,54666620
20260428,090640,174231,IMPC,0,2150,6000,XL,D,CP,D,542682,876064,2026-04-28T17:02:17.182242576Z,54666621
20260428,090640,174232,IMPC,0,2150,2800,XL,D,CP,D,545269,876064,2026-04-28T17:02:17.182247344Z,54666622
20260428,090640,174233,IMPC,0,2150,16900,YP,D,CP,D,551909,876064,2026-04-28T17:02:17.182250482Z,54666623
20260428,090640,174264,IMPC,0,2150,60400,YP,D,AK,F,551909,876107,2026-04-28T17:02:17.182678781Z,54666654
20260428,090640,174271,IMPC,0,2150,22700,YP,D,AK,F,551909,876137,2026-04-28T17:02:17.182772246Z,54666661
20260428,090640,174272,IMPC,0,2150,13600,CP,D,AK,F,555882,876137,2026-04-28T17:02:17.183027221Z,54666662
20260428,090640,174279,IMPC,0,2150,200,CP,D,AK,F,555882,876189,2026-04-28T17:02:17.183798595Z,54666669
20260428,090640,174282,IMPC,0,2150,6200,CP,D,AK,F,555882,876226,2026-04-28T17:02:17.185003921Z,54666672
20260428,090640,174283,IMPC,0,2150,7200,CP,D,AK,F,555900,876226,2026-04-28T17:02:17.185007226Z,54666673
20260428,090645,176206,IMPC,0,2150,400,CP,D,XL,D,555900,880113,2026-04-28T17:02:17.234331557Z,54668596
20260428,090655,179357,IMPC,0,2150,1100,XL,D,AK,F,642998,886863,2026-04-28T17:02:17.305977378Z,54671747
20260428,090655,179358,IMPC,0,2150,300,XC,D,AK,F,650133,886863,2026-04-28T17:02:17.306121963Z,54671748
20260428,090655,179359,IMPC,0,2150,2400,XL,D,AK,F,655343,886863,2026-04-28T17:02:17.306125956Z,54671749
20260428,090655,179360,IMPC,0,2150,10000,PD,D,AK,F,686398,886863,2026-04-28T17:02:17.306458525Z,54671750
20260428,090655,179361,IMPC,0,2150,200,AZ,D,AK,F,698036,886863,2026-04-28T17:02:17.306462156Z,54671751
20260428,090655,179362,IMPC,0,2150,10000,CP,D,AK,F,782214,886863,2026-04-28T17:02:17.306465759Z,54671752
20260428,090655,179363,IMPC,0,2150,1000,EP,D,AK,F,799285,886863,2026-04-28T17:02:17.306469744Z,54671753
20260428,090655,179364,IMPC,0,2150,1000,YP,D,AK,F,800370,886863,2026-04-28T17:02:17.306490114Z,54671754
20260428,090655,179365,IMPC,0,2150,100,XC,D,AK,F,804487,886863,2026-04-28T17:02:17.306494771Z,54671755
20260428,090655,179366,IMPC,0,2150,700,XL,D,AK,F,823837,886863,2026-04-28T17:02:17.306498242Z,54671756
20260428,090655,179367,IMPC,0,2150,25000,XL,D,AK,F,825587,886863,2026-04-28T17:02:17.30689472Z,54671757
20260428,090655,179368,IMPC,0,2150,1000,XL,D,AK,F,862101,886863,2026-04-28T17:02:17.306914551Z,54671758
20260428,090655,179369,IMPC,0,2150,2500,XL,D,AK,F,886450,886863,2026-04-28T17:02:17.306925663Z,54671759
20260428,090702,181550,IMPC,0,2150,400,KK,D,CC,D,891752,889150,2026-04-28T17:02:17.330530691Z,54673940
20260428,090702,181551,IMPC,0,2150,3200,KK,D,AK,F,891752,889312,2026-04-28T17:02:17.330533926Z,54673941
20260428,090702,181552,IMPC,0,2150,1400,KK,D,AK,F,891752,889520,2026-04-28T17:02:17.330537131Z,54673942
20260428,090703,181921,IMPC,0,2140,1000,XL,D,LG,D,489325,892308,2026-04-28T17:02:17.336617169Z,54674311
20260428,090703,181922,IMPC,0,2140,2400,XL,D,LG,D,576345,892308,2026-04-28T17:02:17.33662096Z,54674312
20260428,090703,181923,IMPC,0,2140,5000,XL,D,LG,D,603375,892308,2026-04-28T17:02:17.336624555Z,54674313
20260428,090703,181924,IMPC,0,2140,2200,XL,D,LG,D,664543,892308,2026-04-28T17:02:17.336628093Z,54674314
20260428,090705,182556,IMPC,0,2140,800,XL,D,XL,D,664543,893708,2026-04-28T17:02:17.367398487Z,54674946
20260428,090713,185166,IMPC,0,2150,100,XL,D,AK,F,899060,889520,2026-04-28T17:02:17.42801432Z,54677557
20260428,090715,185762,IMPC,0,2150,3700,AK,F,AK,F,900671,889521,2026-04-28T17:02:17.452450541Z,54678153
20260428,090715,185763,IMPC,0,2150,3300,AK,F,AK,F,900671,889522,2026-04-28T17:02:17.452454715Z,54678154
20260428,090715,185764,IMPC,0,2150,5200,AK,F,BK,F,900671,889606,2026-04-28T17:02:17.45245898Z,54678155
20260428,090715,185765,IMPC,0,2150,12900,AK,F,KI,D,900671,890464,2026-04-28T17:02:17.452463164Z,54678156
20260428,090715,185766,IMPC,0,2150,3100,AK,F,AK,F,900671,891867,2026-04-28T17:02:17.452467313Z,54678157
20260428,090715,185767,IMPC,0,2150,4300,AK,F,AK,F,900671,891868,2026-04-28T17:02:17.452471453Z,54678158
20260428,090715,185768,IMPC,0,2150,300,AK,F,AK,F,900671,891901,2026-04-28T17:02:17.452475608Z,54678159
20260428,090715,185769,IMPC,0,2150,300,AK,F,AK,F,900671,891903,2026-04-28T17:02:17.452479986Z,54678160
20260428,090715,185770,IMPC,0,2150,300,AK,F,AK,F,900671,891946,2026-04-28T17:02:17.452484195Z,54678161
20260428,090715,185771,IMPC,0,2150,23500,AK,F,KI,D,900671,897760,2026-04-28T17:02:17.452488456Z,54678162
20260428,090715,185772,IMPC,0,2150,3300,AK,F,AK,F,900671,897905,2026-04-28T17:02:17.452492719Z,54678163
20260428,090715,185866,IMPC,0,2150,5800,AK,F,AK,F,900879,900807,2026-04-28T17:02:17.452912558Z,54678257
20260428,090726,188800,IMPC,0,2140,1000,XL,D,XL,D,664543,908443,2026-04-28T17:02:17.530331007Z,54681191
20260428,090731,189751,IMPC,0,2140,5000,XL,D,XC,D,664543,911670,2026-04-28T17:02:17.607878219Z,54682142
20260428,090822,204121,IMPC,0,2140,15100,XL,D,YP,D,664543,943475,2026-04-28T17:02:17.997210023Z,54696519
20260428,090822,204122,IMPC,0,2140,10000,CP,D,YP,D,739855,943475,2026-04-28T17:02:17.997213978Z,54696520
20260428,090822,204123,IMPC,0,2140,10200,XL,D,YP,D,786264,943475,2026-04-28T17:02:17.997217521Z,54696521
20260428,090822,204124,IMPC,0,2140,300,XL,D,YP,D,836517,943475,2026-04-28T17:02:17.997221488Z,54696522
20260428,090822,204125,IMPC,0,2140,500,XL,D,YP,D,837348,943475,2026-04-28T17:02:17.997225073Z,54696523
20260428,090822,204126,IMPC,0,2140,13900,YP,D,YP,D,845494,943475,2026-04-28T17:02:17.997228982Z,54696524
20260428,090823,204242,IMPC,0,2150,3700,ZP,F,KI,D,943840,908720,2026-04-28T17:02:18.000304308Z,54696640
20260428,090823,204314,IMPC,0,2140,1000,YP,D,AT,D,845494,944036,2026-04-28T17:02:18.004619442Z,54696712
20260428,090846,211416,IMPC,0,2140,1200,YP,D,XC,D,901261,958258,2026-04-28T17:02:18.100887979Z,54703818
20260428,090853,212989,IMPC,0,2140,700,YP,D,YP,D,901261,961894,2026-04-28T17:02:18.116784442Z,54705391
20260428,090904,215785,IMPC,0,2140,100,YP,D,XL,D,901261,968593,2026-04-28T17:02:18.258250879Z,54708188
20260428,090904,215819,IMPC,0,2140,3200,YP,D,AK,F,901261,968755,2026-04-28T17:02:18.259875445Z,54708222
20260428,090909,217413,IMPC,0,2140,1000,YB,D,XL,D,907679,971892,2026-04-28T17:02:18.27588051Z,54709816
20260428,090909,217414,IMPC,0,2140,2000,XL,D,XL,D,916208,971892,2026-04-28T17:02:18.275883059Z,54709817
20260428,090909,217415,IMPC,0,2140,2400,XC,D,XL,D,918066,971892,2026-04-28T17:02:18.275885544Z,54709818
20260428,090909,217416,IMPC,0,2140,1000,XL,D,XL,D,925278,971892,2026-04-28T17:02:18.275888042Z,54709819
20260428,090909,217417,IMPC,0,2140,100,NI,D,XL,D,929509,971892,2026-04-28T17:02:18.275890538Z,54709820
20260428,090909,217418,IMPC,0,2140,3800,ZP,F,XL,D,944306,971892,2026-04-28T17:02:18.275893054Z,54709821
20260428,090909,217419,IMPC,0,2140,200,XL,D,XL,D,947262,971892,2026-04-28T17:02:18.275896534Z,54709822
20260428,090909,217420,IMPC,0,2140,1000,XL,D,XL,D,960931,971892,2026-04-28T17:02:18.275899043Z,54709823
20260428,090909,217421,IMPC,0,2140,1000,YB,D,XL,D,969922,971892,2026-04-28T17:02:18.275901576Z,54709824
20260428,090910,217477,IMPC,0,2140,100,CC,D,XL,D,972072,971892,2026-04-28T17:02:18.276056087Z,54709880
20260428,090920,219896,IMPC,0,2130,500,KK,D,CC,D,27806,978306,2026-04-28T17:02:18.363511035Z,54712299
20260428,090920,219898,IMPC,0,2130,500,KK,D,PD,D,27806,978312,2026-04-28T17:02:18.363518431Z,54712301
20260428,090920,219899,IMPC,0,2130,600,XL,D,PD,D,77918,978312,2026-04-28T17:02:18.363521321Z,54712302
20260428,090920,219900,IMPC,0,2130,500,PD,D,PD,D,232567,978312,2026-04-28T17:02:18.363524187Z,54712303
20260428,090920,219901,IMPC,0,2130,100,PD,D,PD,D,304785,978312,2026-04-28T17:02:18.363527061Z,54712304
20260428,090920,219902,IMPC,0,2130,100,XL,D,PD,D,485230,978312,2026-04-28T17:02:18.363529962Z,54712305
20260428,090920,219903,IMPC,0,2130,200,PD,D,PD,D,486178,978312,2026-04-28T17:02:18.363532693Z,54712306
20260428,090920,219904,IMPC,0,2130,500,XL,D,PD,D,679272,978312,2026-04-28T17:02:18.363535587Z,54712307
20260428,090920,219905,IMPC,0,2130,500,CP,D,PD,D,719446,978312,2026-04-28T17:02:18.363538281Z,54712308
20260428,090920,219911,IMPC,0,2130,3600,CP,D,XL,D,719446,978333,2026-04-28T17:02:18.363554449Z,54712314
20260428,090920,219955,IMPC,0,2130,3600,CP,D,AK,F,719446,978482,2026-04-28T17:02:18.363674794Z,54712358
20260428,090926,221344,IMPC,0,2130,2300,CP,D,XL,D,719446,981788,2026-04-28T17:02:18.389746578Z,54713747
20260428,090926,221345,IMPC,0,2130,1000,GR,D,XL,D,886222,981788,2026-04-28T17:02:18.38979279Z,54713748
20260428,090926,221346,IMPC,0,2130,2000,CC,D,XL,D,892718,981788,2026-04-28T17:02:18.389798145Z,54713749
20260428,090926,221347,IMPC,0,2130,200,XL,D,XL,D,949012,981788,2026-04-28T17:02:18.389836883Z,54713750
20260428,090926,221348,IMPC,0,2130,1200,XL,D,XL,D,952690,981788,2026-04-28T17:02:18.390011932Z,54713751
20260428,090926,221349,IMPC,0,2130,14600,MG,D,XL,D,978318,981788,2026-04-28T17:02:18.390128642Z,54713752
20260428,090937,224794,IMPC,0,2130,5400,MG,D,PD,D,978318,989021,2026-04-28T17:02:18.451694647Z,54717197
20260428,090937,224795,IMPC,0,2130,4600,AK,F,PD,D,978893,989021,2026-04-28T17:02:18.45169691Z,54717198
20260428,090938,224932,IMPC,0,2130,8400,AK,F,XL,D,978893,989303,2026-04-28T17:02:18.455397521Z,54717335
20260428,090939,225218,IMPC,0,2130,7700,AK,F,XL,D,978893,990121,2026-04-28T17:02:18.459516775Z,54717621
20260428,090953,229040,IMPC,0,2130,500,ZP,F,XL,D,982048,998335,2026-04-28T17:02:18.514958661Z,54721449
20260428,090955,229504,IMPC,0,2130,1200,ZP,F,XL,D,982048,999487,2026-04-28T17:02:18.523228501Z,54721913
20260428,091011,234075,IMPC,0,2130,1000,ZP,F,LG,D,982048,1009105,2026-04-28T17:02:18.64962911Z,54726492
20260428,091019,236327,IMPC,0,2130,400,ZP,F,AT,D,982048,1014036,2026-04-28T17:02:18.720888553Z,54728745
20260428,091022,237140,IMPC,0,2130,500,ZP,F,PD,D,982048,1016143,2026-04-28T17:02:18.753864498Z,54729560
20260428,091022,237141,IMPC,0,2130,800,SQ,D,PD,D,985346,1016143,2026-04-28T17:02:18.75387219Z,54729561
20260428,091034,239767,IMPC,0,2130,2900,SQ,D,XL,D,985346,1023277,2026-04-28T17:02:18.837187316Z,54732188
20260428,091040,241442,IMPC,0,2140,1000,AK,F,XL,D,1026920,990859,2026-04-28T17:02:18.889682564Z,54733866
20260428,091040,241443,IMPC,0,2140,2300,AK,F,BK,F,1026920,993882,2026-04-28T17:02:18.889685065Z,54733867
20260428,091040,241444,IMPC,0,2140,50000,AK,F,YP,D,1026920,994236,2026-04-28T17:02:18.889687627Z,54733868
20260428,091040,241445,IMPC,0,2140,2000,AK,F,XL,D,1026920,995790,2026-04-28T17:02:18.889690173Z,54733869
20260428,091040,241446,IMPC,0,2140,200,AK,F,AK,F,1026920,998464,2026-04-28T17:02:18.889692714Z,54733870
20260428,091040,241447,IMPC,0,2140,3500,AK,F,AK,F,1026920,998465,2026-04-28T17:02:18.889695269Z,54733871
20260428,091040,241448,IMPC,0,2140,3700,AK,F,AK,F,1026920,998504,2026-04-28T17:02:18.88969795Z,54733872
20260428,091040,241449,IMPC,0,2140,3800,AK,F,AK,F,1026920,1006602,2026-04-28T17:02:18.889700493Z,54733873
20260428,091040,241450,IMPC,0,2140,200,AK,F,AK,F,1026920,1009284,2026-04-28T17:02:18.889703035Z,54733874
20260428,091040,241451,IMPC,0,2140,3200,AK,F,AK,F,1026920,1023430,2026-04-28T17:02:18.889705589Z,54733875
20260428,091040,241575,IMPC,0,2140,5800,AK,F,AK,F,1027115,1027063,2026-04-28T17:02:18.890159116Z,54733999
20260428,091042,241918,IMPC,0,2140,4000,AK,F,XL,D,1028157,1028120,2026-04-28T17:02:18.891171838Z,54734342
20260428,091046,242865,IMPC,0,2140,300,AK,F,XL,D,1030519,1030479,2026-04-28T17:02:18.913380272Z,54735289
20260428,091052,244209,IMPC,0,2140,1200,YP,D,PD,D,1032993,1034272,2026-04-28T17:02:18.964447784Z,54736633
20260428,091052,244210,IMPC,0,2130,1300,SQ,D,PD,D,985346,1034272,2026-04-28T17:02:18.964486786Z,54736634
20260428,091052,244211,IMPC,0,2130,500,XL,D,PD,D,985667,1034272,2026-04-28T17:02:18.964489857Z,54736635
20260428,091052,244212,IMPC,0,2130,2000,XL,D,PD,D,987789,1034272,2026-04-28T17:02:18.964521343Z,54736636
20260428,091105,247030,IMPC,0,2130,1000,XL,D,XL,D,987789,1041991,2026-04-28T17:02:19.00996117Z,54739454
20260428,091106,247387,IMPC,0,2130,11600,XL,D,XL,D,987789,1043128,2026-04-28T17:02:19.020109492Z,54739811
20260428,091132,253725,IMPC,0,2140,100,YP,D,XL,D,1056998,1042312,2026-04-28T17:02:19.305852224Z,54746150
20260428,091144,256108,IMPC,0,2140,100,XL,D,XL,D,1063558,1042312,2026-04-28T17:02:19.356165342Z,54748533
20260428,091401,287502,IMPC,0,2120,19700,AK,F,XL,D,1123417,1139306,2026-04-28T17:02:19.361514455Z,54749935
20260428,091401,287503,IMPC,0,2120,700,XL,D,XL,D,1123768,1139306,2026-04-28T17:02:19.361516986Z,54749936
20260428,091401,287504,IMPC,0,2120,1700,CC,D,XL,D,1127276,1139306,2026-04-28T17:02:19.361519471Z,54749937
20260428,091401,287505,IMPC,0,2120,100,XL,D,XL,D,1129656,1139306,2026-04-28T17:02:19.361521971Z,54749938
20260428,091401,287506,IMPC,0,2120,1900,ZP,F,XL,D,1131487,1139306,2026-04-28T17:02:19.361524467Z,54749939
20260428,091402,287646,IMPC,0,2130,600,ZP,F,XL,D,1139620,1111840,2026-04-28T17:02:19.366643104Z,54750079
20260428,091402,287647,IMPC,0,2130,200,ZP,F,AK,F,1139620,1112770,2026-04-28T17:02:19.366648905Z,54750080
20260428,091402,287648,IMPC,0,2130,2900,ZP,F,AK,F,1139620,1115585,2026-04-28T17:02:19.366653804Z,54750081
20260428,091404,288165,IMPC,0,2120,2000,ZP,F,XL,D,1131487,1140538,2026-04-28T17:02:19.388479681Z,54750599
20260428,091404,288166,IMPC,0,2120,3800,ZP,F,XL,D,1131797,1140538,2026-04-28T17:02:19.38863921Z,54750600
20260428,091404,288167,IMPC,0,2120,200,SQ,D,XL,D,1133555,1140538,2026-04-28T17:02:19.388713839Z,54750601
20260428,091404,288168,IMPC,0,2120,300,NI,D,XL,D,1137307,1140538,2026-04-28T17:02:19.388717558Z,54750602
20260428,091404,288169,IMPC,0,2120,2000,XL,D,XL,D,1138178,1140538,2026-04-28T17:02:19.388845277Z,54750603
20260428,091404,288170,IMPC,0,2120,14200,AK,F,XL,D,1139330,1140538,2026-04-28T17:02:19.388984614Z,54750604
20260428,091422,292771,IMPC,0,2120,8700,AK,F,XA,D,1139330,1150520,2026-04-28T17:02:19.504914192Z,54755206
20260428,091422,292772,IMPC,0,2120,1300,XL,D,XA,D,1139468,1150520,2026-04-28T17:02:19.504916873Z,54755207
20260428,091424,293332,IMPC,0,2120,3700,XL,D,XL,D,1139468,1151403,2026-04-28T17:02:19.518233782Z,54755767
20260428,091424,293333,IMPC,0,2120,1300,XC,D,XL,D,1140061,1151403,2026-04-28T17:02:19.518387534Z,54755768
20260428,091427,293758,IMPC,0,2120,1000,XC,D,XL,D,1140061,1152620,2026-04-28T17:02:19.539438972Z,54756193
20260428,091427,293759,IMPC,0,2120,17500,XC,D,XL,D,1140061,1152629,2026-04-28T17:02:19.539442839Z,54756194
20260428,091446,298228,IMPC,0,2120,500,XL,D,XC,D,1152762,1162310,2026-04-28T17:02:19.591607759Z,54760663
20260428,091457,301041,IMPC,0,2120,3000,XL,D,AK,F,1152762,1168587,2026-04-28T17:02:19.683532028Z,54763484
20260428,091512,304778,IMPC,0,2120,3200,XL,D,AK,F,1152762,1177054,2026-04-28T17:02:19.83751855Z,54767221
20260428,091518,306175,IMPC,0,2130,9200,AK,F,AK,F,1180174,1115585,2026-04-28T17:02:19.887061277Z,54768618
20260428,091518,306176,IMPC,0,2130,5400,AK,F,AK,F,1180174,1122698,2026-04-28T17:02:19.887064031Z,54768619
20260428,091518,306177,IMPC,0,2130,200,AK,F,AK,F,1180174,1127389,2026-04-28T17:02:19.887083472Z,54768620
20260428,091518,306178,IMPC,0,2130,3300,AK,F,AK,F,1180174,1131416,2026-04-28T17:02:19.887086248Z,54768621
20260428,091518,306179,IMPC,0,2130,1500,AK,F,XL,D,1180174,1131711,2026-04-28T17:02:19.887089181Z,54768622
20260428,091518,306180,IMPC,0,2130,3300,AK,F,AK,F,1180174,1140672,2026-04-28T17:02:19.887091948Z,54768623
20260428,091518,306181,IMPC,0,2130,300,AK,F,XL,D,1180174,1141802,2026-04-28T17:02:19.887129529Z,54768624
20260428,091518,306182,IMPC,0,2130,10000,AK,F,XA,D,1180174,1151521,2026-04-28T17:02:19.887132681Z,54768625
20260428,091518,306183,IMPC,0,2130,3500,AK,F,AK,F,1180174,1152726,2026-04-28T17:02:19.887135347Z,54768626
20260428,091518,306184,IMPC,0,2130,1900,AK,F,BK,F,1180174,1154529,2026-04-28T17:02:19.887242799Z,54768627
20260428,091518,306185,IMPC,0,2130,3500,AK,F,AK,F,1180174,1161808,2026-04-28T17:02:19.887246016Z,54768628
20260428,091518,306186,IMPC,0,2130,21400,AK,F,KI,D,1180174,1163267,2026-04-28T17:02:19.887249326Z,54768629
20260428,091518,306187,IMPC,0,2130,300,AK,F,AK,F,1180174,1177056,2026-04-28T17:02:19.887252255Z,54768630
20260428,091518,306223,IMPC,0,2130,6400,AK,F,AK,F,1180270,1180240,2026-04-28T17:02:19.888133943Z,54768666
20260428,091524,307426,IMPC,0,2130,500,AK,F,XL,D,1183403,1183378,2026-04-28T17:02:19.942831559Z,54769870
20260428,091535,310379,IMPC,0,2130,1500,XL,D,AK,F,1184531,1190053,2026-04-28T17:02:20.009485314Z,54772823
20260428,091535,310380,IMPC,0,2130,3700,ZP,F,AK,F,1184851,1190053,2026-04-28T17:02:20.009489404Z,54772824
20260428,091535,310381,IMPC,0,2130,18000,AK,F,AK,F,1184914,1190053,2026-04-28T17:02:20.009492689Z,54772825
20260428,091535,310382,IMPC,0,2130,5000,BQ,D,AK,F,1186612,1190053,2026-04-28T17:02:20.009495814Z,54772826
20260428,091535,310383,IMPC,0,2130,3100,XL,D,AK,F,1187932,1190053,2026-04-28T17:02:20.009498921Z,54772827
20260428,091548,313350,IMPC,0,2130,2300,XL,D,AK,F,1197473,1197506,2026-04-28T17:02:20.096189252Z,54775794
20260428,091559,315214,IMPC,0,2130,100,XL,D,AK,F,1203549,1203585,2026-04-28T17:02:20.128604875Z,54777658
20260428,091603,315914,IMPC,0,2130,1700,XL,D,AK,F,1205873,1205918,2026-04-28T17:02:20.168450092Z,54778358
20260428,091617,318653,IMPC,0,2130,500,XL,D,AK,F,1213220,1213251,2026-04-28T17:02:20.202673662Z,54781097
20260428,091642,322912,IMPC,0,2130,200,XL,D,AK,F,1225408,1225432,2026-04-28T17:02:20.355519993Z,54785356
20260428,091650,325042,IMPC,0,2120,4600,XL,D,AK,F,1152762,1229469,2026-04-28T17:02:20.422934773Z,54787486
20260428,091650,325043,IMPC,0,2120,15000,YP,D,AK,F,1154617,1229469,2026-04-28T17:02:20.422939581Z,54787487
20260428,091650,325044,IMPC,0,2120,1000,YU,D,AK,F,1155477,1229469,2026-04-28T17:02:20.423079907Z,54787488
20260428,091650,325045,IMPC,0,2120,1000,PD,D,AK,F,1169139,1229469,2026-04-28T17:02:20.423156064Z,54787489
20260428,091650,325046,IMPC,0,2120,1000,XL,D,AK,F,1169189,1229469,2026-04-28T17:02:20.423265612Z,54787490
20260428,091650,325047,IMPC,0,2120,9300,XL,D,AK,F,1174304,1229469,2026-04-28T17:02:20.42326918Z,54787491
20260428,091650,325048,IMPC,0,2120,3600,ZP,F,AK,F,1180434,1229469,2026-04-28T17:02:20.423272796Z,54787492
20260428,091650,325049,IMPC,0,2120,1200,XL,D,AK,F,1192335,1229469,2026-04-28T17:02:20.423276015Z,54787493
20260428,091650,325050,IMPC,0,2120,100,PD,D,AK,F,1200271,1229469,2026-04-28T17:02:20.42327951Z,54787494
20260428,091650,325051,IMPC,0,2120,100,XL,D,AK,F,1207663,1229469,2026-04-28T17:02:20.423282753Z,54787495
20260428,091650,325052,IMPC,0,2120,100,XL,D,AK,F,1212052,1229469,2026-04-28T17:02:20.423286115Z,54787496
20260428,091650,325053,IMPC,0,2120,400,XL,D,AK,F,1214321,1229469,2026-04-28T17:02:20.423289398Z,54787497
20260428,091650,325054,IMPC,0,2120,9400,XL,D,AK,F,1226705,1229469,2026-04-28T17:02:20.42329269Z,54787498
20260428,091702,329502,IMPC,0,2120,500,XL,D,XC,D,1236260,1230004,2026-04-28T17:02:20.530624815Z,54791947
20260428,091719,332862,IMPC,0,2110,100,XL,D,XC,D,293807,1244749,2026-04-28T17:02:20.618795576Z,54795308
20260428,091719,332863,IMPC,0,2110,300,XL,D,XC,D,427103,1244749,2026-04-28T17:02:20.618799804Z,54795309
20260428,091719,332864,IMPC,0,2110,100,KK,D,XC,D,453386,1244749,2026-04-28T17:02:20.618804326Z,54795310
20260428,091720,332890,IMPC,0,2110,700,KK,D,AK,F,453386,1244865,2026-04-28T17:02:20.62184976Z,54795336
20260428,091720,332891,IMPC,0,2110,1000,OD,D,AK,F,467599,1244865,2026-04-28T17:02:20.621998489Z,54795337
20260428,091720,332892,IMPC,0,2110,100,XL,D,AK,F,485330,1244865,2026-04-28T17:02:20.622173418Z,54795338
20260428,091720,332893,IMPC,0,2110,200,PD,D,AK,F,487076,1244865,2026-04-28T17:02:20.622287599Z,54795339
20260428,091720,332894,IMPC,0,2110,1200,XL,D,AK,F,545875,1244865,2026-04-28T17:02:20.622292305Z,54795340
20260428,091721,333040,IMPC,0,2110,1400,XL,D,XL,D,545875,1245365,2026-04-28T17:02:20.633102648Z,54795486
20260428,091742,337735,IMPC,0,2110,1600,XL,D,XL,D,904799,1256365,2026-04-28T17:02:20.757222938Z,54800181
20260428,091743,337891,IMPC,0,2110,500,XL,D,YP,D,904799,1256819,2026-04-28T17:02:20.766624593Z,54800337
20260428,091743,337892,IMPC,0,2110,200,XL,D,YP,D,952951,1256819,2026-04-28T17:02:20.766629956Z,54800338
20260428,091743,337893,IMPC,0,2110,500,CC,D,YP,D,954548,1256819,2026-04-28T17:02:20.766635809Z,54800339
20260428,091743,337894,IMPC,0,2110,500,XL,D,YP,D,960704,1256819,2026-04-28T17:02:20.766643676Z,54800340
20260428,091743,337895,IMPC,0,2110,100,XL,D,YP,D,992240,1256819,2026-04-28T17:02:20.766648733Z,54800341
20260428,091743,337896,IMPC,0,2110,500,AZ,D,YP,D,1057377,1256819,2026-04-28T17:02:20.766783349Z,54800342
20260428,091743,337897,IMPC,0,2110,100,XL,D,YP,D,1060625,1256819,2026-04-28T17:02:20.766787953Z,54800343
20260428,091743,337898,IMPC,0,2110,100,XL,D,YP,D,1088912,1256819,2026-04-28T17:02:20.766826722Z,54800344
20260428,091743,337899,IMPC,0,2110,5000,SQ,D,YP,D,1089656,1256819,2026-04-28T17:02:20.766831383Z,54800345
20260428,091743,337900,IMPC,0,2110,100,XL,D,YP,D,1096349,1256819,2026-04-28T17:02:20.766866982Z,54800346
20260428,091743,337901,IMPC,0,2110,100,XL,D,YP,D,1122006,1256819,2026-04-28T17:02:20.7668708Z,54800347
20260428,091743,337902,IMPC,0,2110,20000,PD,D,YP,D,1122599,1256819,2026-04-28T17:02:20.766936023Z,54800348
20260428,091743,337903,IMPC,0,2110,800,CC,D,YP,D,1147634,1256819,2026-04-28T17:02:20.76711423Z,54800349
20260428,091743,337904,IMPC,0,2110,1000,PD,D,YP,D,1171010,1256819,2026-04-28T17:02:20.767193013Z,54800350
20260428,091743,337905,IMPC,0,2110,5100,XL,D,YP,D,1204082,1256819,2026-04-28T17:02:20.767197956Z,54800351
20260428,091743,337906,IMPC,0,2110,100,XC,D,YP,D,1222778,1256819,2026-04-28T17:02:20.767225988Z,54800352
20260428,091743,337907,IMPC,0,2110,3700,ZP,F,YP,D,1229833,1256819,2026-04-28T17:02:20.767230076Z,54800353
20260428,091743,337908,IMPC,0,2110,100,XL,D,YP,D,1249463,1256819,2026-04-28T17:02:20.76723385Z,54800354
20260428,091743,337909,IMPC,0,2110,2000,XL,D,YP,D,1252713,1256819,2026-04-28T17:02:20.767248275Z,54800355
20260428,091743,337910,IMPC,0,2110,500,XL,D,YP,D,1252868,1256819,2026-04-28T17:02:20.767281248Z,54800356
20260428,091743,337911,IMPC,0,2110,200,XC,D,YP,D,1256294,1256819,2026-04-28T17:02:20.767461511Z,54800357
20260428,091803,341919,IMPC,0,2100,10700,XL,D,XL,D,405884,1266284,2026-04-28T17:02:20.809796418Z,54804365
20260428,091807,342868,IMPC,0,2110,100,XL,D,YP,D,1268282,1256819,2026-04-28T17:02:20.844690664Z,54805314
20260428,091807,342941,IMPC,0,2110,500,XL,D,YP,D,1268469,1256819,2026-04-28T17:02:20.847411585Z,54805387
20260428,091813,343844,IMPC,0,2110,100,XL,D,YP,D,1271253,1256819,2026-04-28T17:02:20.88789389Z,54806290
20260428,091813,343878,IMPC,0,2100,3100,XL,D,AK,F,405884,1271399,2026-04-28T17:02:20.890031044Z,54806324
20260428,091827,346534,IMPC,0,2100,100,XL,D,XL,D,405884,1277886,2026-04-28T17:02:20.934727295Z,54808980
20260428,091827,346586,IMPC,0,2100,3600,XL,D,AK,F,405884,1277988,2026-04-28T17:02:20.937867485Z,54809032
20260428,091833,347899,IMPC,0,2110,100,XL,D,YP,D,1280784,1256819,2026-04-28T17:02:20.969047686Z,54810345
20260428,091835,348365,IMPC,0,2100,4100,XL,D,AZ,D,405884,1281929,2026-04-28T17:02:20.979887217Z,54810811
20260428,091835,348366,IMPC,0,2100,600,XL,D,AZ,D,425847,1281929,2026-04-28T17:02:20.97988992Z,54810812
20260428,091835,348379,IMPC,0,2100,1400,XL,D,BK,F,425847,1281960,2026-04-28T17:02:20.979925962Z,54810825
20260428,091835,348380,IMPC,0,2100,1000,MG,D,BK,F,449425,1281960,2026-04-28T17:02:20.979928811Z,54810826
20260428,091835,348381,IMPC,0,2100,900,KK,D,BK,F,453868,1281960,2026-04-28T17:02:20.979931542Z,54810827
20260428,091835,348382,IMPC,0,2100,200,XL,D,BK,F,461255,1281960,2026-04-28T17:02:20.979934359Z,54810828
20260428,091835,348383,IMPC,0,2100,50000,YP,D,BK,F,478651,1281960,2026-04-28T17:02:20.979937082Z,54810829
20260428,091835,348384,IMPC,0,2100,100,XL,D,BK,F,485391,1281960,2026-04-28T17:02:20.979939907Z,54810830
20260428,091835,348385,IMPC,0,2100,10000,CP,D,BK,F,487253,1281960,2026-04-28T17:02:20.97994271Z,54810831
20260428,091835,348386,IMPC,0,2100,500,XL,D,BK,F,504259,1281960,2026-04-28T17:02:20.979945398Z,54810832
20260428,091835,348387,IMPC,0,2100,2400,XL,D,BK,F,505857,1281960,2026-04-28T17:02:20.979948263Z,54810833
20260428,091835,348388,IMPC,0,2100,2000,XL,D,BK,F,531445,1281960,2026-04-28T17:02:20.97995093Z,54810834
20260428,091835,348389,IMPC,0,2100,300,YP,D,BK,F,551899,1281960,2026-04-28T17:02:20.979953589Z,54810835
20260428,091835,348390,IMPC,0,2100,400,XC,D,BK,F,558928,1281960,2026-04-28T17:02:20.979956371Z,54810836
20260428,091835,348391,IMPC,0,2100,4700,YP,D,BK,F,650177,1281960,2026-04-28T17:02:20.979960281Z,54810837
20260428,091835,348392,IMPC,0,2100,500,XC,D,BK,F,722786,1281960,2026-04-28T17:02:20.979963844Z,54810838
20260428,091835,348393,IMPC,0,2100,2500,AZ,D,BK,F,926396,1281960,2026-04-28T17:02:20.979966678Z,54810839
20260428,091835,348394,IMPC,0,2100,200,XL,D,BK,F,955653,1281960,2026-04-28T17:02:20.979969357Z,54810840
20260428,091835,348395,IMPC,0,2100,500,XL,D,BK,F,957944,1281960,2026-04-28T17:02:20.979972173Z,54810841
20260428,091835,348396,IMPC,0,2100,13700,SQ,D,BK,F,978448,1281960,2026-04-28T17:02:20.97997484Z,54810842
20260428,091835,348397,IMPC,0,2100,1000,XL,D,BK,F,989383,1281960,2026-04-28T17:02:20.97997754Z,54810843
20260428,091835,348398,IMPC,0,2100,24100,XL,D,BK,F,1006571,1281960,2026-04-28T17:02:20.97998035Z,54810844
20260428,091835,348399,IMPC,0,2100,10000,XL,D,BK,F,1014153,1281960,2026-04-28T17:02:20.979983028Z,54810845
20260428,091835,348400,IMPC,0,2100,500,AZ,D,BK,F,1037850,1281960,2026-04-28T17:02:20.979985702Z,54810846
20260428,091835,348401,IMPC,0,2100,1000,CP,D,BK,F,1022604,1281960,2026-04-28T17:02:20.979988534Z,54810847
20260428,091835,348402,IMPC,0,2100,100,XL,D,BK,F,1047033,1281960,2026-04-28T17:02:20.979991192Z,54810848
20260428,091835,348403,IMPC,0,2100,1000,XL,D,BK,F,1047096,1281960,2026-04-28T17:02:20.979993898Z,54810849
20260428,091835,348404,IMPC,0,2100,1000,AT,D,BK,F,1070120,1281960,2026-04-28T17:02:20.979996591Z,54810850
20260428,091835,348405,IMPC,0,2100,500,XL,D,BK,F,1091469,1281960,2026-04-28T17:02:20.979999262Z,54810851
20260428,091835,348406,IMPC,0,2100,3000,XL,D,BK,F,1112218,1281960,2026-04-28T17:02:20.980002081Z,54810852
20260428,091835,348407,IMPC,0,2100,5000,XL,D,BK,F,1126740,1281960,2026-04-28T17:02:20.980004753Z,54810853
20260428,091835,348408,IMPC,0,2100,1000,XL,D,BK,F,1126743,1281960,2026-04-28T17:02:20.980007448Z,54810854
20260428,091835,348409,IMPC,0,2100,200,AZ,D,BK,F,1128719,1281960,2026-04-28T17:02:20.980010305Z,54810855
20260428,091835,348410,IMPC,0,2100,300,XL,D,BK,F,1135150,1281960,2026-04-28T17:02:20.980013035Z,54810856
20260428,091835,348411,IMPC,0,2100,500,CC,D,BK,F,1145196,1281960,2026-04-28T17:02:20.980015706Z,54810857
20260428,091835,348412,IMPC,0,2100,200,YP,D,BK,F,1150458,1281960,2026-04-28T17:02:20.98001851Z,54810858
20260428,091835,348413,IMPC,0,2100,1000,XC,D,BK,F,1151334,1281960,2026-04-28T17:02:20.980021181Z,54810859
20260428,091835,348414,IMPC,0,2100,10000,PD,D,BK,F,1153536,1281960,2026-04-28T17:02:20.980024029Z,54810860
20260428,091835,348415,IMPC,0,2100,200,YP,D,BK,F,1157756,1281960,2026-04-28T17:02:20.980026889Z,54810861
20260428,091835,348416,IMPC,0,2100,800,YP,D,AK,F,1157756,1281961,2026-04-28T17:02:20.980029577Z,54810862
20260428,091835,348417,IMPC,0,2100,1000,PD,D,AK,F,1172209,1281961,2026-04-28T17:02:20.980032407Z,54810863
20260428,091835,348418,IMPC,0,2100,100,XL,D,AK,F,1181931,1281961,2026-04-28T17:02:20.980035076Z,54810864
20260428,091835,348419,IMPC,0,2100,200,XL,D,AK,F,1190804,1281961,2026-04-28T17:02:20.980037737Z,54810865
20260428,091835,348420,IMPC,0,2100,300,XL,D,AK,F,1203747,1281961,2026-04-28T17:02:20.980040547Z,54810866
20260428,091835,348421,IMPC,0,2100,800,XL,D,AK,F,1206614,1281961,2026-04-28T17:02:20.980043215Z,54810867
20260428,091835,348422,IMPC,0,2100,200,XL,D,AK,F,1218870,1281961,2026-04-28T17:02:20.980046Z,54810868
20260428,091835,348423,IMPC,0,2100,10000,SQ,D,AK,F,1220077,1281961,2026-04-28T17:02:20.98004884Z,54810869
20260428,091835,348424,IMPC,0,2100,2000,XC,D,AK,F,1232163,1281961,2026-04-28T17:02:20.98005152Z,54810870
20260428,091835,348425,IMPC,0,2100,300,XL,D,AK,F,1235424,1281961,2026-04-28T17:02:20.980054348Z,54810871
20260428,091835,348426,IMPC,0,2100,20000,CC,D,AK,F,1243363,1281961,2026-04-28T17:02:20.98005702Z,54810872
20260428,091835,348427,IMPC,0,2100,2000,CC,D,AK,F,1247410,1281961,2026-04-28T17:02:20.980059688Z,54810873
20260428,091835,348428,IMPC,0,2100,1000,DH,D,AK,F,1249197,1281961,2026-04-28T17:02:20.980062508Z,54810874
20260428,091835,348429,IMPC,0,2100,500,XL,D,AK,F,1249404,1281961,2026-04-28T17:02:20.980065277Z,54810875
20260428,091835,348430,IMPC,0,2100,3000,XL,D,AK,F,1256366,1281961,2026-04-28T17:02:20.980068088Z,54810876
20260428,091835,348431,IMPC,0,2100,3900,ZP,F,AK,F,1257165,1281961,2026-04-28T17:02:20.980070848Z,54810877
20260428,091835,348432,IMPC,0,2100,300,XC,D,AK,F,1258779,1281961,2026-04-28T17:02:20.980074069Z,54810878
20260428,091835,348433,IMPC,0,2100,3700,ZP,F,AK,F,1261345,1281961,2026-04-28T17:02:20.980076756Z,54810879
20260428,091835,348434,IMPC,0,2100,1500,XL,D,AK,F,1262291,1281961,2026-04-28T17:02:20.980079459Z,54810880
20260428,091835,348435,IMPC,0,2100,100,XC,D,AK,F,1262713,1281961,2026-04-28T17:02:20.980082273Z,54810881
20260428,091835,348436,IMPC,0,2100,400,XC,D,AK,F,1275554,1281961,2026-04-28T17:02:20.980084939Z,54810882
20260428,091835,348437,IMPC,0,2100,200,XL,D,AK,F,1281299,1281961,2026-04-28T17:02:20.980087708Z,54810883
20260428,091840,349559,IMPC,0,2110,100,YP,D,YP,D,1284035,1256819,2026-04-28T17:02:21.036666543Z,54812005
20260428,091840,349590,IMPC,0,2100,100,XL,D,AK,F,1282521,1284139,2026-04-28T17:02:21.036861641Z,54812036
20260428,091840,349591,IMPC,0,2100,500,CC,D,AK,F,1282606,1284139,2026-04-28T17:02:21.036864432Z,54812037
20260428,091840,349592,IMPC,0,2100,2500,ZP,F,AK,F,1282853,1284139,2026-04-28T17:02:21.036867258Z,54812038
20260428,092111,382220,IMPC,0,2140,4100,AK,F,CC,D,1356306,1108508,2026-04-28T17:02:21.060259163Z,54814677
20260428,092111,382221,IMPC,0,2140,1000,AK,F,OD,D,1356306,1259000,2026-04-28T17:02:21.060261909Z,54814678
20260428,092111,382222,IMPC,0,2140,3100,AK,F,AK,F,1356306,1341861,2026-04-28T17:02:21.060264679Z,54814679
20260428,092111,382223,IMPC,0,2140,2300,AK,F,BK,F,1356306,1343621,2026-04-28T17:02:21.060267415Z,54814680
20260428,092111,382224,IMPC,0,2140,200,AK,F,AK,F,1356306,1355174,2026-04-28T17:02:21.06027021Z,54814681
20260428,092118,383626,IMPC,0,2140,100,CC,D,AK,F,1359596,1359623,2026-04-28T17:02:21.097923081Z,54816083
20260428,092119,383692,IMPC,0,2140,3600,ZP,F,AK,F,1359741,1359778,2026-04-28T17:02:21.098171327Z,54816149
20260428,092134,386437,IMPC,0,2140,400,XL,D,XL,D,1366376,1364587,2026-04-28T17:02:21.136442311Z,54818894
20260428,092135,386540,IMPC,0,2140,200,XL,D,XL,D,1366801,1364587,2026-04-28T17:02:21.14105743Z,54818997
20260428,092136,386632,IMPC,0,2140,1100,CC,D,XL,D,1367022,1364587,2026-04-28T17:02:21.142251919Z,54819089
20260428,092136,386633,IMPC,0,2140,400,CC,D,AK,F,1367022,1365499,2026-04-28T17:02:21.142255405Z,54819090
20260428,092139,387272,IMPC,0,2140,28000,XL,D,AK,F,1368740,1368764,2026-04-28T17:02:21.162706283Z,54819729
20260428,092141,387451,IMPC,0,2150,100,IF,D,KI,D,1369407,908720,2026-04-28T17:02:21.166435942Z,54819908
20260428,092141,387456,IMPC,0,2140,4700,XL,D,AK,F,1369381,1369419,2026-04-28T17:02:21.166495835Z,54819913
20260428,092143,387714,IMPC,0,2140,500,XL,D,AK,F,1370468,1370502,2026-04-28T17:02:21.171466315Z,54820171
20260428,092157,390698,IMPC,0,2140,100,XL,D,XL,D,1376950,1375547,2026-04-28T17:02:21.227995287Z,54823155
20260428,092157,390699,IMPC,0,2140,100,XL,D,XL,D,1376950,1376696,2026-04-28T17:02:21.227998497Z,54823156
20260428,092157,390700,IMPC,0,2140,300,XL,D,AK,F,1376950,1376809,2026-04-28T17:02:21.22800139Z,54823157
20260428,092205,391964,IMPC,0,2140,200,XL,D,AK,F,1380592,1380622,2026-04-28T17:02:21.257236577Z,54824421
20260428,092243,398237,IMPC,0,2140,2600,XL,D,AK,F,1386883,1397081,2026-04-28T17:02:21.594809614Z,54830696
20260428,092243,398238,IMPC,0,2140,600,XC,D,AK,F,1388298,1397081,2026-04-28T17:02:21.594813998Z,54830697
20260428,092322,405265,IMPC,0,2130,200,XL,D,XL,D,1344646,1414922,2026-04-28T17:02:21.713182013Z,54837725
20260428,092322,405266,IMPC,0,2130,2400,ZP,F,XL,D,1344760,1414922,2026-04-28T17:02:21.713188573Z,54837726
20260428,092334,406991,IMPC,0,2140,200,XL,D,CC,D,1415395,1420175,2026-04-28T17:02:21.736717574Z,54839451
20260428,092341,408242,IMPC,0,2140,100,XL,D,XL,D,1415395,1423343,2026-04-28T17:02:21.753409414Z,54840702
20260428,092404,412389,IMPC,0,2140,3600,XL,D,XL,D,1415395,1433005,2026-04-28T17:02:21.836967158Z,54844850
20260428,092405,412485,IMPC,0,2150,8000,CC,D,KI,D,1433311,919304,2026-04-28T17:02:21.841074748Z,54844946
20260428,092442,418408,IMPC,0,2140,4500,XL,D,AK,F,1415395,1448059,2026-04-28T17:02:21.981031769Z,54850870
20260428,092500,421074,IMPC,0,2140,2100,XL,D,AK,F,1455702,1455740,2026-04-28T17:02:22.029808266Z,54853537
20260428,092502,421237,IMPC,0,2140,800,YP,D,AK,F,1456205,1456230,2026-04-28T17:02:22.03413352Z,54853700
20260428,092522,424883,IMPC,0,2130,1300,ZP,F,AK,F,1344760,1464825,2026-04-28T17:02:22.119881716Z,54857347
20260428,092522,424884,IMPC,0,2130,3200,XL,D,AK,F,1365829,1464825,2026-04-28T17:02:22.119884772Z,54857348
20260428,092522,424885,IMPC,0,2130,500,XL,D,AK,F,1371944,1464825,2026-04-28T17:02:22.11988778Z,54857349
20260428,092522,424886,IMPC,0,2130,300,XL,D,AK,F,1377091,1464825,2026-04-28T17:02:22.119890801Z,54857350
20260428,092522,424887,IMPC,0,2130,1400,XC,D,AK,F,1378276,1464825,2026-04-28T17:02:22.119893834Z,54857351
20260428,092522,424888,IMPC,0,2130,300,SQ,D,AK,F,1383684,1464825,2026-04-28T17:02:22.119896855Z,54857352
20260428,092527,425677,IMPC,0,2140,1000,AZ,D,XL,D,1466940,1459161,2026-04-28T17:02:22.138745097Z,54858141
20260428,092531,426205,IMPC,0,2140,9000,XL,D,XL,D,1468330,1459161,2026-04-28T17:02:22.14804689Z,54858669
20260428,092531,426206,IMPC,0,2140,4000,XL,D,AK,F,1468330,1459291,2026-04-28T17:02:22.1480511Z,54858670
20260428,092531,426207,IMPC,0,2140,1100,XL,D,AK,F,1468330,1459307,2026-04-28T17:02:22.148055038Z,54858671
20260428,092543,428206,IMPC,0,2140,300,XL,D,AK,F,1473115,1459307,2026-04-28T17:02:22.19608509Z,54860671
20260428,092553,430208,IMPC,0,2140,500,XL,D,AK,F,1476952,1459307,2026-04-28T17:02:22.25164145Z,54862674
20260428,092605,432025,IMPC,0,2140,2100,XL,D,AK,F,1481665,1459307,2026-04-28T17:02:22.31438986Z,54864491
20260428,092651,442830,IMPC,0,2130,29400,SQ,D,AK,F,1383684,1500977,2026-04-28T17:02:22.69610034Z,54875297
20260428,092651,442831,IMPC,0,2130,1000,CP,D,AK,F,1395478,1500977,2026-04-28T17:02:22.696107541Z,54875298
20260428,092651,442832,IMPC,0,2130,100,XL,D,AK,F,1398930,1500977,2026-04-28T17:02:22.696114772Z,54875299
20260428,092651,442833,IMPC,0,2130,100,XL,D,AK,F,1406309,1500977,2026-04-28T17:02:22.696122111Z,54875300
20260428,092651,442834,IMPC,0,2130,20000,EP,D,AK,F,1407033,1500977,2026-04-28T17:02:22.696129386Z,54875301
20260428,092651,442835,IMPC,0,2130,2500,XL,D,AK,F,1420525,1500977,2026-04-28T17:02:22.696136623Z,54875302
20260428,092651,442836,IMPC,0,2130,200,NI,D,AK,F,1432058,1500977,2026-04-28T17:02:22.696143866Z,54875303
20260428,092651,442837,IMPC,0,2130,300,XL,D,AK,F,1435527,1500977,2026-04-28T17:02:22.696154932Z,54875304
20260428,092651,442838,IMPC,0,2130,3000,YP,D,AK,F,1447395,1500977,2026-04-28T17:02:22.696162457Z,54875305
20260428,092651,442839,IMPC,0,2130,100,XA,D,AK,F,1461025,1500977,2026-04-28T17:02:22.696169775Z,54875306
20260428,092651,442840,IMPC,0,2130,1000,XL,D,AK,F,1478231,1500977,2026-04-28T17:02:22.696177126Z,54875307
20260428,092651,442841,IMPC,0,2130,2500,XL,D,AK,F,1489712,1500977,2026-04-28T17:02:22.696184441Z,54875308
20260428,092651,442842,IMPC,0,2130,500,XL,D,AK,F,1499532,1500977,2026-04-28T17:02:22.696191756Z,54875309
20260428,092709,447968,IMPC,0,2130,500,XL,D,AK,F,1509344,1506127,2026-04-28T17:02:22.833268094Z,54880437
20260428,092709,447988,IMPC,0,2120,3300,CC,F,AK,F,1337001,1509412,2026-04-28T17:02:22.834843788Z,54880457
20260428,092709,447989,IMPC,0,2120,100,CC,F,AK,F,1337001,1509413,2026-04-28T17:02:22.834847229Z,54880458
20260428,092711,448205,IMPC,0,2130,600,XL,D,BK,F,1509951,1507029,2026-04-28T17:02:22.844128904Z,54880674
20260428,092724,451858,IMPC,0,2120,3400,CC,F,AK,F,1337001,1515985,2026-04-28T17:02:22.913965472Z,54884327
20260428,092740,454411,IMPC,0,2120,4700,CC,F,XL,D,1337001,1522715,2026-04-28T17:02:22.961443308Z,54886881
20260428,092750,456162,IMPC,0,2130,100,XL,D,BK,F,1527182,1507029,2026-04-28T17:02:23.003470513Z,54888632
20260428,092750,456183,IMPC,0,2120,5400,CC,F,AK,F,1337001,1527293,2026-04-28T17:02:23.004400842Z,54888653
20260428,092750,456187,IMPC,0,2120,300,CC,F,XL,D,1337001,1527304,2026-04-28T17:02:23.004415864Z,54888657
20260428,092825,462124,IMPC,0,2120,600,CC,F,AK,F,1337001,1540832,2026-04-28T17:02:23.164444316Z,54894596
20260428,092825,462125,IMPC,0,2120,1800,XL,D,AK,F,1393296,1540832,2026-04-28T17:02:23.164447027Z,54894597
20260428,092825,462128,IMPC,0,2120,3500,XL,D,AK,F,1393296,1540839,2026-04-28T17:02:23.164456508Z,54894600
20260428,092835,463817,IMPC,0,2120,1900,XL,D,BK,F,1393296,1544963,2026-04-28T17:02:23.201884536Z,54896290
20260428,092842,465311,IMPC,0,2130,5600,AK,F,BK,F,1547582,1507029,2026-04-28T17:02:23.254428411Z,54897785
20260428,092842,465312,IMPC,0,2130,200,AK,F,AK,F,1547582,1509468,2026-04-28T17:02:23.254445424Z,54897786
20260428,092842,465313,IMPC,0,2130,100,AK,F,AK,F,1547582,1509469,2026-04-28T17:02:23.254450021Z,54897787
20260428,092842,465314,IMPC,0,2130,100,AK,F,AK,F,1547582,1509470,2026-04-28T17:02:23.254453978Z,54897788
20260428,092842,465315,IMPC,0,2130,200,AK,F,AK,F,1547582,1509476,2026-04-28T17:02:23.254465987Z,54897789
20260428,092842,465316,IMPC,0,2130,400,AK,F,AK,F,1547582,1509477,2026-04-28T17:02:23.254503119Z,54897790
20260428,092842,465317,IMPC,0,2130,3200,AK,F,AK,F,1547582,1509479,2026-04-28T17:02:23.254507252Z,54897791
20260428,092842,465318,IMPC,0,2130,3000,AK,F,AK,F,1547582,1509480,2026-04-28T17:02:23.254511351Z,54897792
20260428,092842,465319,IMPC,0,2130,3300,AK,F,AK,F,1547582,1509481,2026-04-28T17:02:23.254639962Z,54897793
20260428,092842,465320,IMPC,0,2130,3800,AK,F,AK,F,1547582,1509482,2026-04-28T17:02:23.254643819Z,54897794
20260428,092842,465321,IMPC,0,2130,200,AK,F,AK,F,1547582,1515984,2026-04-28T17:02:23.254647912Z,54897795
20260428,092842,465322,IMPC,0,2130,200,AK,F,AK,F,1547582,1527292,2026-04-28T17:02:23.254651802Z,54897796
20260428,092842,465323,IMPC,0,2130,3800,AK,F,AK,F,1547582,1536618,2026-04-28T17:02:23.25465737Z,54897797
20260428,092842,465353,IMPC,0,2130,7100,CC,F,AK,F,1547658,1547634,2026-04-28T17:02:23.255052192Z,54897827
20260428,092957,477155,IMPC,0,2140,100,XL,D,CC,D,1576785,1501493,2026-04-28T17:02:23.622224548Z,54909631
20260428,093020,480975,IMPC,0,2140,500,XL,D,CC,D,1585872,1501493,2026-04-28T17:02:23.752552107Z,54913452
20260428,093052,485447,IMPC,0,2140,100,XL,D,CC,D,1598036,1501493,2026-04-28T17:02:23.925838753Z,54917925
20260428,093118,489039,IMPC,0,2130,100,XL,D,AK,F,1581431,1607717,2026-04-28T17:02:24.101522422Z,54921517
20260428,093118,489040,IMPC,0,2130,700,CC,F,AK,F,1581685,1607717,2026-04-28T17:02:24.101526299Z,54921518
20260428,093118,489041,IMPC,0,2130,2300,CC,F,AK,F,1581685,1607721,2026-04-28T17:02:24.101530121Z,54921519
20260428,093139,492246,IMPC,0,2140,1500,XL,D,CC,D,1615993,1501493,2026-04-28T17:02:24.195730992Z,54924725
20260428,093139,492288,IMPC,0,2130,500,CC,F,AK,F,1581685,1616086,2026-04-28T17:02:24.200453572Z,54924767
20260428,093139,492289,IMPC,0,2130,3700,ZP,F,AK,F,1586071,1616086,2026-04-28T17:02:24.200457188Z,54924768
20260428,093153,494589,IMPC,0,2140,3300,XL,D,LG,D,1617972,1621298,2026-04-28T17:02:24.221860371Z,54927069
20260428,093219,498618,IMPC,0,2150,100,CP,D,KI,D,1632113,919304,2026-04-28T17:02:24.381151325Z,54931100
20260428,093222,499010,IMPC,0,2150,1500,XL,D,KI,D,1633346,919304,2026-04-28T17:02:24.404258204Z,54931494
20260428,093223,499164,IMPC,0,2150,100,CP,D,KI,D,1633788,919304,2026-04-28T17:02:24.410430147Z,54931648
20260428,093223,499172,IMPC,0,2150,1000,XL,D,KI,D,1633824,919304,2026-04-28T17:02:24.410454448Z,54931656
20260428,093224,499307,IMPC,0,2150,600,XL,D,KI,D,1634365,919304,2026-04-28T17:02:24.413411108Z,54931791
20260428,093225,499383,IMPC,0,2150,500,XL,D,KI,D,1634594,919304,2026-04-28T17:02:24.415588873Z,54931867
20260428,093225,499389,IMPC,0,2150,2100,AK,F,KI,D,1634628,919304,2026-04-28T17:02:24.415628381Z,54931873
20260428,093225,499390,IMPC,0,2150,3800,AK,F,XL,D,1634628,1063914,2026-04-28T17:02:24.415632894Z,54931874
20260428,093225,499391,IMPC,0,2150,12900,AK,F,KI,D,1634628,1193078,2026-04-28T17:02:24.415638336Z,54931875
20260428,093225,499392,IMPC,0,2150,100,AK,F,PD,D,1634628,1288636,2026-04-28T17:02:24.415642774Z,54931876
20260428,093225,499393,IMPC,0,2150,300,AK,F,SQ,D,1634628,1363210,2026-04-28T17:02:24.415647272Z,54931877
20260428,093225,499394,IMPC,0,2150,7000,AK,F,XL,D,1634628,1446063,2026-04-28T17:02:24.415650595Z,54931878
20260428,093225,499395,IMPC,0,2150,3000,AK,F,CC,D,1634628,1480093,2026-04-28T17:02:24.415654228Z,54931879
20260428,093225,499396,IMPC,0,2150,10800,AK,F,XL,D,1634628,1537473,2026-04-28T17:02:24.415657526Z,54931880
20260428,093225,499397,IMPC,0,2150,2300,AK,F,KK,D,1634628,1593390,2026-04-28T17:02:24.415660948Z,54931881
20260428,093225,499398,IMPC,0,2150,5300,AK,F,AK,F,1634628,1617173,2026-04-28T17:02:24.415664302Z,54931882
20260428,093225,499399,IMPC,0,2150,2200,AK,F,BK,F,1634628,1617197,2026-04-28T17:02:24.415668011Z,54931883
20260428,093225,499400,IMPC,0,2150,3700,AK,F,AK,F,1634628,1627092,2026-04-28T17:02:24.415671567Z,54931884
20260428,093225,499401,IMPC,0,2150,200,AK,F,AK,F,1634628,1633451,2026-04-28T17:02:24.415675116Z,54931885
20260428,093225,499425,IMPC,0,2150,4200,AK,F,AK,F,1634694,1634675,2026-04-28T17:02:24.416246357Z,54931909
20260428,093252,502806,IMPC,0,2150,200,XL,D,XL,D,1635573,1644655,2026-04-28T17:02:24.532686622Z,54935290
20260428,093327,508350,IMPC,0,2160,500,AK,F,AZ,D,1658794,1371780,2026-04-28T17:02:24.624239659Z,54940835
20260428,093327,508351,IMPC,0,2160,7000,AK,F,CC,D,1658794,1518275,2026-04-28T17:02:24.624242557Z,54940836
20260428,093327,508352,IMPC,0,2160,7500,AK,F,YP,D,1658794,1522122,2026-04-28T17:02:24.624245372Z,54940837
20260428,093327,508353,IMPC,0,2160,3200,AK,F,AK,F,1658794,1635677,2026-04-28T17:02:24.624248403Z,54940838
20260428,093327,508354,IMPC,0,2160,200,AK,F,AK,F,1658794,1648966,2026-04-28T17:02:24.624252738Z,54940839
20260428,093327,508355,IMPC,0,2160,3700,AK,F,AK,F,1658794,1648968,2026-04-28T17:02:24.624255655Z,54940840
20260428,093327,508356,IMPC,0,2160,100,AK,F,XL,D,1658794,1656862,2026-04-28T17:02:24.624258546Z,54940841
20260428,093327,508357,IMPC,0,2160,2200,AK,F,BK,F,1658794,1656883,2026-04-28T17:02:24.624261215Z,54940842
20260428,093328,508363,IMPC,0,2160,4900,AK,F,XL,D,1658829,1658810,2026-04-28T17:02:24.624278167Z,54940848
20260428,093357,513101,IMPC,0,2180,100,XL,D,XL,D,1670435,767081,2026-04-28T17:02:24.668707723Z,54945588
20260428,093403,513856,IMPC,0,2180,5000,CC,D,XL,D,1672773,767081,2026-04-28T17:02:24.685524873Z,54946343
20260428,093405,514117,IMPC,0,2180,600,XL,D,XL,D,1673497,767081,2026-04-28T17:02:24.690599786Z,54946604
20260428,093409,514767,IMPC,0,2180,1300,XL,D,XL,D,1675251,767081,2026-04-28T17:02:24.723281067Z,54947255
20260428,093417,515789,IMPC,0,2180,1000,XL,D,XL,D,1678090,767081,2026-04-28T17:02:24.739428139Z,54948277
20260428,093423,516770,IMPC,0,2180,2500,XL,D,XL,D,1680634,767081,2026-04-28T17:02:24.754289157Z,54949258
20260428,093426,517652,IMPC,0,2180,47100,CC,D,XL,D,1681964,767081,2026-04-28T17:02:24.813891281Z,54950140
20260428,093426,517653,IMPC,0,2180,20000,CC,D,MG,D,1681964,1040050,2026-04-28T17:02:24.813894642Z,54950141
20260428,093426,517654,IMPC,0,2180,1000,CC,D,YU,D,1681964,1377563,2026-04-28T17:02:24.813897734Z,54950142
20260428,093426,517655,IMPC,0,2180,10000,CC,D,AZ,D,1681964,1464033,2026-04-28T17:02:24.813900777Z,54950143
20260428,093426,517656,IMPC,0,2180,2700,CC,D,XL,D,1681964,1668099,2026-04-28T17:02:24.813903711Z,54950144
20260428,093426,517657,IMPC,0,2180,3500,CC,D,AK,F,1681964,1669895,2026-04-28T17:02:24.813906621Z,54950145
20260428,093426,517658,IMPC,0,2180,100,CC,D,IF,D,1681964,1670485,2026-04-28T17:02:24.813909457Z,54950146
20260428,093426,517659,IMPC,0,2180,100,CC,D,IF,D,1681964,1670495,2026-04-28T17:02:24.813912645Z,54950147
20260428,093426,517660,IMPC,0,2180,15500,CC,D,YU,F,1681964,1675879,2026-04-28T17:02:24.81391562Z,54950148
20260428,093430,518133,IMPC,0,2180,100,XL,D,YU,F,1683738,1675879,2026-04-28T17:02:24.832772463Z,54950621
20260428,093434,518824,IMPC,0,2170,600,XL,D,AK,F,1667315,1685805,2026-04-28T17:02:24.918754159Z,54951312
20260428,093434,518825,IMPC,0,2170,1000,LG,D,AK,F,1669804,1685805,2026-04-28T17:02:24.918757966Z,54951313
20260428,093434,518826,IMPC,0,2170,3700,ZP,F,AK,F,1670633,1685805,2026-04-28T17:02:24.918761664Z,54951314
20260428,093434,518827,IMPC,0,2170,8100,XL,D,AK,F,1672252,1685805,2026-04-28T17:02:24.918765357Z,54951315
20260428,093434,518828,IMPC,0,2170,200,XC,D,AK,F,1672939,1685805,2026-04-28T17:02:24.918769004Z,54951316
20260428,093434,518829,IMPC,0,2170,1000,XL,D,AK,F,1676499,1685805,2026-04-28T17:02:24.918772583Z,54951317
20260428,093434,518830,IMPC,0,2170,10000,MG,D,AK,F,1679111,1685805,2026-04-28T17:02:24.918776202Z,54951318
20260428,093434,518831,IMPC,0,2170,200,ZP,F,AK,F,1679245,1685805,2026-04-28T17:02:24.918779727Z,54951319
20260428,093434,518832,IMPC,0,2170,3800,ZP,F,AK,F,1680790,1685805,2026-04-28T17:02:24.918783335Z,54951320
20260428,093440,519553,IMPC,0,2170,900,XC,D,XL,D,1688133,1686700,2026-04-28T17:02:24.957332728Z,54952041
20260428,093500,522203,IMPC,0,2170,600,XL,D,XL,D,1691300,1696425,2026-04-28T17:02:25.040658456Z,54954691
20260428,093503,522620,IMPC,0,2180,13000,XL,D,YU,F,1698326,1675879,2026-04-28T17:02:25.058337961Z,54955108
20260428,093516,524190,IMPC,0,2180,100,XL,D,YU,F,1703454,1675879,2026-04-28T17:02:25.120588964Z,54956678
20260428,093518,524557,IMPC,0,2180,1000,XL,D,YU,F,1704465,1675879,2026-04-28T17:02:25.135667831Z,54957045
20260428,093538,527157,IMPC,0,2180,100,EP,D,YU,F,1712386,1675879,2026-04-28T17:02:25.225106858Z,54959646
20260428,093634,535538,IMPC,0,2170,900,PD,D,AK,F,1692330,1734166,2026-04-28T17:02:25.421899339Z,54968029
20260428,093634,535539,IMPC,0,2170,200,XL,D,AK,F,1695628,1734166,2026-04-28T17:02:25.421911011Z,54968030
20260428,093634,535540,IMPC,0,2170,5000,CC,D,AK,F,1696467,1734166,2026-04-28T17:02:25.421924043Z,54968031
20260428,093634,535541,IMPC,0,2170,1000,XL,D,AK,F,1707552,1734166,2026-04-28T17:02:25.421933106Z,54968032
20260428,093634,535542,IMPC,0,2170,100,XL,D,AK,F,1708770,1734166,2026-04-28T17:02:25.42194484Z,54968033
20260428,093634,535543,IMPC,0,2170,2900,XL,D,AK,F,1709157,1734166,2026-04-28T17:02:25.421955371Z,54968034
20260428,093634,535550,IMPC,0,2170,1200,XL,D,AK,F,1709157,1734186,2026-04-28T17:02:25.422023534Z,54968041
20260428,093634,535551,IMPC,0,2170,100,NI,D,AK,F,1711586,1734186,2026-04-28T17:02:25.422031078Z,54968042
20260428,093634,535552,IMPC,0,2170,2300,XL,D,AK,F,1717778,1734186,2026-04-28T17:02:25.422979398Z,54968043
20260428,093634,535553,IMPC,0,2170,100,XL,D,AK,F,1721572,1734186,2026-04-28T17:02:25.422988938Z,54968044
20260428,093634,535554,IMPC,0,2170,5000,XL,D,AK,F,1725366,1734186,2026-04-28T17:02:25.422996564Z,54968045
20260428,093634,535555,IMPC,0,2170,500,XL,D,AK,F,1727323,1734186,2026-04-28T17:02:25.423004264Z,54968046
20260428,093634,535556,IMPC,0,2170,300,DH,D,AK,F,1734086,1734186,2026-04-28T17:02:25.423011858Z,54968047
20260428,093646,537653,IMPC,0,2170,4700,YP,D,XL,D,1739104,1738717,2026-04-28T17:02:25.486700867Z,54970144
20260428,093646,537654,IMPC,0,2170,2200,YP,D,BK,F,1739104,1738806,2026-04-28T17:02:25.486705265Z,54970145
20260428,093646,537655,IMPC,0,2170,3600,YP,D,AK,F,1739104,1738972,2026-04-28T17:02:25.486825811Z,54970146
20260428,093646,537656,IMPC,0,2170,2000,YP,D,AK,F,1739104,1738982,2026-04-28T17:02:25.486829127Z,54970147
20260428,093646,537657,IMPC,0,2170,3900,YP,D,AK,F,1739104,1738983,2026-04-28T17:02:25.486956144Z,54970148
20260428,093646,537670,IMPC,0,2170,12500,YP,D,AK,F,1739104,1739135,2026-04-28T17:02:25.48779Z,54970161
20260428,093652,538765,IMPC,0,2170,100,KK,D,OD,D,1741824,1739296,2026-04-28T17:02:25.532534855Z,54971256
20260428,093709,540700,IMPC,0,2170,400,XL,D,OD,D,1748318,1739296,2026-04-28T17:02:25.639798496Z,54973192
20260428,093709,540701,IMPC,0,2170,200,XL,D,AK,F,1748318,1741528,2026-04-28T17:02:25.639802333Z,54973193
20260428,093709,540702,IMPC,0,2170,200,XL,D,AK,F,1748318,1741530,2026-04-28T17:02:25.639853937Z,54973194
20260428,093709,540703,IMPC,0,2170,200,XL,D,AK,F,1748318,1741531,2026-04-28T17:02:25.639857052Z,54973195
20260428,093709,540704,IMPC,0,2170,2800,XL,D,AK,F,1748318,1741535,2026-04-28T17:02:25.639860074Z,54973196
20260428,093709,540705,IMPC,0,2170,3400,XL,D,AK,F,1748318,1741536,2026-04-28T17:02:25.639863215Z,54973197
20260428,093709,540706,IMPC,0,2170,100,XL,D,AK,F,1748318,1741537,2026-04-28T17:02:25.639866071Z,54973198
20260428,093709,540707,IMPC,0,2170,4700,XL,D,AK,F,1748318,1741551,2026-04-28T17:02:25.63988564Z,54973199
20260428,093709,540708,IMPC,0,2170,2200,XL,D,BK,F,1748318,1742548,2026-04-28T17:02:25.639910533Z,54973200
20260428,093738,544296,IMPC,0,2170,500,YB,D,XL,D,1758880,1745542,2026-04-28T17:02:25.783270011Z,54976788
20260428,093739,544464,IMPC,0,2170,500,XL,D,XL,D,1759335,1745542,2026-04-28T17:02:25.798451887Z,54976956
20260428,093739,544465,IMPC,0,2170,5500,XL,D,AK,F,1759335,1748369,2026-04-28T17:02:25.798456253Z,54976957
20260428,093739,544466,IMPC,0,2170,7600,XL,D,KI,D,1759335,1748381,2026-04-28T17:02:25.798460657Z,54976958
20260428,093739,544467,IMPC,0,2170,2300,XL,D,XL,D,1759335,1754291,2026-04-28T17:02:25.798464895Z,54976959
20260428,093739,544468,IMPC,0,2170,3400,XL,D,AK,F,1759335,1756169,2026-04-28T17:02:25.798469227Z,54976960
20260428,093740,544481,IMPC,0,2170,3100,XL,D,AK,F,1759335,1759383,2026-04-28T17:02:25.798524038Z,54976973
20260428,093819,549636,IMPC,0,2170,3100,XL,D,AK,F,1759335,1773537,2026-04-28T17:02:25.842706317Z,54982128
20260428,093838,554323,IMPC,0,2170,600,XL,D,XL,D,1759335,1780821,2026-04-28T17:02:25.949379777Z,54986816
20260428,093838,554345,IMPC,0,2170,900,XL,D,AK,F,1759335,1780919,2026-04-28T17:02:25.951091762Z,54986838
20260428,093850,556000,IMPC,0,2170,13600,XL,D,AK,F,1759335,1785421,2026-04-28T17:02:25.996051688Z,54988494
20260428,093850,556001,IMPC,0,2170,3800,ZP,F,AK,F,1759565,1785421,2026-04-28T17:02:25.996150108Z,54988495
20260428,093850,556002,IMPC,0,2170,100,NI,D,AK,F,1768805,1785421,2026-04-28T17:02:25.996154042Z,54988496
20260428,093850,556003,IMPC,0,2170,1200,XL,D,AK,F,1781449,1785421,2026-04-28T17:02:25.996157658Z,54988497
20260428,093850,556004,IMPC,0,2170,700,XL,D,AK,F,1782861,1785421,2026-04-28T17:02:25.99616129Z,54988498
20260428,093901,558151,IMPC,0,2170,100,YB,D,XL,D,1790584,1787886,2026-04-28T17:02:26.044406608Z,54990645
20260428,093901,558152,IMPC,0,2170,200,YB,D,AK,F,1790584,1790233,2026-04-28T17:02:26.044412314Z,54990646
20260428,094018,568477,IMPC,0,2170,100,XL,D,AK,F,1821805,1790241,2026-04-28T17:02:26.374293442Z,55000975
20260428,094024,569289,IMPC,0,2170,300,YP,D,AK,F,1823698,1790241,2026-04-28T17:02:26.384086984Z,55001787
20260428,094037,571607,IMPC,0,2170,1800,PD,D,AK,F,1829412,1790241,2026-04-28T17:02:26.450411475Z,55004109
20260428,094037,571608,IMPC,0,2170,1200,PD,D,AK,F,1829412,1790248,2026-04-28T17:02:26.450414515Z,55004110
20260428,094037,571612,IMPC,0,2170,3600,CC,F,AK,F,1829430,1790248,2026-04-28T17:02:26.454072886Z,55004114
20260428,094037,571613,IMPC,0,2170,2300,CC,F,BK,F,1829430,1790493,2026-04-28T17:02:26.454076367Z,55004115
20260428,094037,571614,IMPC,0,2170,500,CC,F,XL,D,1829430,1790819,2026-04-28T17:02:26.454079729Z,55004116
20260428,094037,571615,IMPC,0,2170,3800,CC,F,XL,D,1829430,1792498,2026-04-28T17:02:26.45408284Z,55004117
20260428,094037,571616,IMPC,0,2170,1000,CC,F,YU,D,1829430,1792574,2026-04-28T17:02:26.454085776Z,55004118
20260428,094037,571617,IMPC,0,2170,3300,CC,F,AK,F,1829430,1798745,2026-04-28T17:02:26.454088648Z,55004119
20260428,094037,571618,IMPC,0,2170,2000,CC,F,XC,D,1829430,1806493,2026-04-28T17:02:26.454091703Z,55004120
20260428,094037,571619,IMPC,0,2170,4000,CC,F,LG,D,1829430,1810308,2026-04-28T17:02:26.45409437Z,55004121
20260428,094037,571620,IMPC,0,2170,3600,CC,F,AK,F,1829430,1813919,2026-04-28T17:02:26.454097116Z,55004122
20260428,094037,571621,IMPC,0,2170,200,CC,F,AK,F,1829430,1823805,2026-04-28T17:02:26.45409976Z,55004123
20260428,094037,571622,IMPC,0,2170,3700,CC,F,AK,F,1829430,1828761,2026-04-28T17:02:26.454102609Z,55004124
20260428,094037,571633,IMPC,0,2170,4800,AK,F,AK,F,1829474,1829472,2026-04-28T17:02:26.454132453Z,55004135
20260428,094058,575029,IMPC,0,2170,5000,AK,F,XL,D,1833148,1837178,2026-04-28T17:02:26.557611326Z,55007532
20260428,094115,577227,IMPC,0,2180,1000,CC,D,YU,F,1843964,1675879,2026-04-28T17:02:26.596502198Z,55009732
20260428,094135,580418,IMPC,0,2180,10000,XL,D,YU,F,1851414,1675879,2026-04-28T17:02:26.728674618Z,55012924
20260428,094143,581604,IMPC,0,2180,900,XL,D,YU,F,1854170,1675879,2026-04-28T17:02:26.733238141Z,55014110
20260428,094144,581657,IMPC,0,2180,500,CC,D,YU,F,1854309,1675879,2026-04-28T17:02:26.733462689Z,55014163
20260428,094148,582256,IMPC,0,2180,14800,AK,F,YU,F,1855763,1675879,2026-04-28T17:02:26.736843895Z,55014762
20260428,094148,582257,IMPC,0,2180,2700,AK,F,AK,F,1855763,1682370,2026-04-28T17:02:26.736847635Z,55014763
20260428,094148,582258,IMPC,0,2180,100,AK,F,XL,D,1855763,1689251,2026-04-28T17:02:26.736851308Z,55014764
20260428,094148,582259,IMPC,0,2180,18800,AK,F,XL,D,1855763,1706385,2026-04-28T17:02:26.736855062Z,55014765
20260428,094148,582260,IMPC,0,2180,400,AK,F,XL,D,1855763,1708992,2026-04-28T17:02:26.736858968Z,55014766
20260428,094148,582261,IMPC,0,2180,13500,AK,F,KI,D,1855763,1715374,2026-04-28T17:02:26.736862724Z,55014767
20260428,094148,582262,IMPC,0,2180,1700,AK,F,GR,D,1855763,1715696,2026-04-28T17:02:26.736866335Z,55014768
20260428,094148,582263,IMPC,0,2180,9100,AK,F,KI,D,1855763,1737060,2026-04-28T17:02:26.736870003Z,55014769
20260428,094148,582264,IMPC,0,2180,3000,AK,F,NI,D,1855763,1746039,2026-04-28T17:02:26.736873669Z,55014770
20260428,094148,582265,IMPC,0,2180,1000,AK,F,YP,D,1855763,1760504,2026-04-28T17:02:26.736877319Z,55014771
20260428,094148,582266,IMPC,0,2180,2000,AK,F,BK,F,1855763,1770293,2026-04-28T17:02:26.736880848Z,55014772
20260428,094148,582267,IMPC,0,2180,4200,AK,F,XL,D,1855763,1792689,2026-04-28T17:02:26.736885069Z,55014773
20260428,094148,582268,IMPC,0,2180,3000,AK,F,XL,D,1855763,1797300,2026-04-28T17:02:26.736890582Z,55014774
20260428,094148,582269,IMPC,0,2180,1000,AK,F,OD,D,1855763,1821934,2026-04-28T17:02:26.736895113Z,55014775
20260428,094148,582270,IMPC,0,2180,3400,AK,F,AK,F,1855763,1833214,2026-04-28T17:02:26.736899684Z,55014776
20260428,094148,582271,IMPC,0,2180,4200,AK,F,YP,D,1855763,1844056,2026-04-28T17:02:26.736904312Z,55014777
20260428,094148,582272,IMPC,0,2180,3800,AK,F,AK,F,1855763,1848223,2026-04-28T17:02:26.736908985Z,55014778
20260428,094148,582273,IMPC,0,2180,200,AK,F,AK,F,1855763,1851496,2026-04-28T17:02:26.736913422Z,55014779
20260428,094148,582296,IMPC,0,2180,3300,AK,F,AK,F,1855860,1855827,2026-04-28T17:02:26.737451131Z,55014802
20260428,094153,582867,IMPC,0,2180,500,AK,F,YP,D,1857779,1857754,2026-04-28T17:02:26.761503577Z,55015375
20260428,094158,584077,IMPC,0,2180,28000,CC,F,XL,D,1859795,1859773,2026-04-28T17:02:26.767012701Z,55016585
20260428,094226,589094,IMPC,0,2180,10000,DR,D,AK,F,1869342,1870784,2026-04-28T17:02:26.829748448Z,55021602
20260428,094227,589282,IMPC,0,2180,300,XC,D,AK,F,1871087,1871404,2026-04-28T17:02:26.841543353Z,55021790
20260428,094229,589515,IMPC,0,2180,200,XL,D,AK,F,1872121,1872148,2026-04-28T17:02:26.871651477Z,55022023
20260428,094242,590887,IMPC,0,2180,50000,YP,D,AK,F,1875998,1876532,2026-04-28T17:02:26.944128237Z,55023396
20260428,094301,592653,IMPC,0,2180,100,XL,D,CP,D,1882301,1877347,2026-04-28T17:02:27.046151276Z,55025162
20260428,094301,592654,IMPC,0,2180,100,XL,D,CP,D,1882301,1878199,2026-04-28T17:02:27.046369229Z,55025163
20260428,094301,592655,IMPC,0,2180,100,XL,D,AK,F,1882301,1878272,2026-04-28T17:02:27.046373889Z,55025164
20260428,094404,599427,IMPC,0,2180,100,CP,D,AK,F,1902238,1878272,2026-04-28T17:02:27.24676045Z,55031940
20260428,094404,599428,IMPC,0,2180,5500,CP,D,AK,F,1902238,1878279,2026-04-28T17:02:27.246764001Z,55031941
20260428,094404,599429,IMPC,0,2180,2300,CP,D,BK,F,1902238,1879094,2026-04-28T17:02:27.246767577Z,55031942
20260428,094404,599430,IMPC,0,2180,2000,CP,D,XL,D,1902238,1882726,2026-04-28T17:02:27.247179206Z,55031943
20260428,094404,599431,IMPC,0,2180,100,CP,D,AK,F,1902238,1886456,2026-04-28T17:02:27.247330456Z,55031944
20260428,094406,599699,IMPC,0,2180,3200,CP,D,AK,F,1902726,1886456,2026-04-28T17:02:27.275586919Z,55032212
20260428,094406,599700,IMPC,0,2180,2900,CP,D,PD,D,1902726,1890462,2026-04-28T17:02:27.27559075Z,55032213
20260428,094406,599701,IMPC,0,2180,1000,CP,D,PD,D,1902726,1898365,2026-04-28T17:02:27.27559421Z,55032214
20260428,094406,599702,IMPC,0,2180,2900,CP,D,AK,F,1902726,1898464,2026-04-28T17:02:27.275597794Z,55032215
20260428,094406,599710,IMPC,0,2180,800,CC,F,AK,F,1902739,1898464,2026-04-28T17:02:27.275687024Z,55032223
20260428,094406,599711,IMPC,0,2180,300,CC,F,AK,F,1902739,1902275,2026-04-28T17:02:27.275691039Z,55032224
20260428,094406,599712,IMPC,0,2180,2200,CC,F,BK,F,1902739,1902575,2026-04-28T17:02:27.27592902Z,55032225
20260428,094451,603998,IMPC,0,2180,800,YP,D,XL,D,1904690,1916346,2026-04-28T17:02:27.342028231Z,55036511
20260428,094545,613768,IMPC,0,2180,400,YP,D,AK,F,1904690,1935064,2026-04-28T17:02:27.45034725Z,55046293
20260428,094545,613769,IMPC,0,2180,1000,CC,D,AK,F,1907077,1935064,2026-04-28T17:02:27.450349722Z,55046294
20260428,094545,613770,IMPC,0,2180,300,YP,D,AK,F,1910207,1935064,2026-04-28T17:02:27.45035223Z,55046295
20260428,094545,613771,IMPC,0,2180,500,PD,D,AK,F,1911536,1935064,2026-04-28T17:02:27.450354727Z,55046296
20260428,094545,613772,IMPC,0,2180,300,XL,D,AK,F,1916398,1935064,2026-04-28T17:02:27.450357207Z,55046297
20260428,094545,613773,IMPC,0,2180,4500,PD,D,AK,F,1917449,1935064,2026-04-28T17:02:27.450359683Z,55046298
20260428,094545,613774,IMPC,0,2180,400,XL,D,AK,F,1919133,1935064,2026-04-28T17:02:27.450362163Z,55046299
20260428,094545,613775,IMPC,0,2180,2900,XL,D,AK,F,1920130,1935064,2026-04-28T17:02:27.450364657Z,55046300
20260428,094545,613776,IMPC,0,2180,3800,ZP,F,AK,F,1923318,1935064,2026-04-28T17:02:27.450367161Z,55046301
20260428,094545,613777,IMPC,0,2180,1000,XL,D,AK,F,1930531,1935064,2026-04-28T17:02:27.450369659Z,55046302
20260428,094602,616451,IMPC,0,2180,300,XL,D,XL,D,1940586,1936383,2026-04-28T17:02:27.503566802Z,55048976
20260428,094624,619046,IMPC,0,2180,4600,XC,D,XL,D,1947018,1936383,2026-04-28T17:02:27.566318827Z,55051571
20260428,094625,619234,IMPC,0,2180,200,CP,D,XL,D,1947509,1936383,2026-04-28T17:02:27.577710316Z,55051759
20260428,094633,620396,IMPC,0,2180,2300,CC,D,XL,D,1949896,1936383,2026-04-28T17:02:27.631296054Z,55052921
20260428,094644,621283,IMPC,0,2170,1400,PD,D,AK,F,1833160,1952750,2026-04-28T17:02:27.691085356Z,55053808
20260428,094644,621284,IMPC,0,2170,1000,CC,D,AK,F,1842367,1952750,2026-04-28T17:02:27.691090541Z,55053809
20260428,094644,621285,IMPC,0,2170,1100,XL,D,AK,F,1846164,1952750,2026-04-28T17:02:27.691128149Z,55053810
20260428,094644,621289,IMPC,0,2170,2200,XL,D,AK,F,1846164,1952758,2026-04-28T17:02:27.691258286Z,55053814
20260428,094644,621290,IMPC,0,2170,100,XL,D,AK,F,1850543,1952758,2026-04-28T17:02:27.691261689Z,55053815
20260428,094656,623138,IMPC,0,2170,9900,XL,D,XL,D,1850543,1956591,2026-04-28T17:02:27.750701037Z,55055663
20260428,094656,623139,IMPC,0,2170,200,XL,D,XL,D,1854288,1956591,2026-04-28T17:02:27.750730969Z,55055664
20260428,094656,623140,IMPC,0,2170,1600,XL,D,XL,D,1866728,1956591,2026-04-28T17:02:27.750735539Z,55055665
20260428,094656,623143,IMPC,0,2170,20100,XL,D,AK,F,1866728,1956613,2026-04-28T17:02:27.750788265Z,55055668
20260428,094656,623144,IMPC,0,2170,21600,XL,D,AK,F,1876504,1956613,2026-04-28T17:02:27.75079303Z,55055669
20260428,094656,623145,IMPC,0,2170,1000,CP,D,AK,F,1881028,1956613,2026-04-28T17:02:27.75082951Z,55055670
20260428,094656,623146,IMPC,0,2170,500,CC,D,AK,F,1889603,1956613,2026-04-28T17:02:27.750860041Z,55055671
20260428,094656,623147,IMPC,0,2170,1400,XC,D,AK,F,1894202,1956613,2026-04-28T17:02:27.750863991Z,55055672
20260428,094656,623148,IMPC,0,2170,900,YP,D,AK,F,1899274,1956613,2026-04-28T17:02:27.751342879Z,55055673
20260428,094656,623149,IMPC,0,2170,18900,XL,D,AK,F,1899986,1956613,2026-04-28T17:02:27.751347526Z,55055674
20260428,094656,623150,IMPC,0,2170,100,XC,D,AK,F,1901670,1956613,2026-04-28T17:02:27.751351737Z,55055675
20260428,094656,623151,IMPC,0,2170,1000,CC,D,AK,F,1902510,1956613,2026-04-28T17:02:27.751455726Z,55055676
20260428,094656,623152,IMPC,0,2170,59300,LG,D,AK,F,1918937,1956613,2026-04-28T17:02:27.75146016Z,55055677
20260428,094656,623153,IMPC,0,2170,6800,LG,D,HD,F,1918937,1956614,2026-04-28T17:02:27.751464786Z,55055678
20260428,094656,623162,IMPC,0,2170,1500,LG,D,AK,F,1918937,1956638,2026-04-28T17:02:27.754143227Z,55055687
20260428,094656,623163,IMPC,0,2170,100,XL,D,AK,F,1946456,1956638,2026-04-28T17:02:27.754218169Z,55055688
20260428,094702,624314,IMPC,0,2170,300,XC,D,XL,D,1958702,1958460,2026-04-28T17:02:27.760939129Z,55056839
20260428,094747,631219,IMPC,0,2170,100,XC,D,AK,F,1973497,1958851,2026-04-28T17:02:27.875400016Z,55063744
20260428,094824,637279,IMPC,0,2160,3600,CP,D,AK,F,1709764,1985604,2026-04-28T17:02:28.086830555Z,55069807
20260428,094846,640052,IMPC,0,2160,3200,CP,D,AK,F,1709764,1992393,2026-04-28T17:02:28.231585448Z,55072580
20260428,094852,640875,IMPC,0,2160,10000,CP,D,XL,D,1709764,1994088,2026-04-28T17:02:28.235152629Z,55073403
20260428,094929,646112,IMPC,0,2160,3400,CP,D,AK,F,1709764,2005635,2026-04-28T17:02:28.289098119Z,55078640
20260428,095019,652138,IMPC,0,2160,2100,CP,D,AK,F,1709764,2020009,2026-04-28T17:02:28.380281301Z,55084666
20260428,095019,652139,IMPC,0,2160,3300,CP,D,AK,F,1709764,2020010,2026-04-28T17:02:28.380287167Z,55084667
20260428,095029,653628,IMPC,0,2160,100,CP,D,XC,D,1709764,2022916,2026-04-28T17:02:28.444882563Z,55086156
20260428,095047,656237,IMPC,0,2160,3300,CP,D,AK,F,1709764,2028167,2026-04-28T17:02:28.534782036Z,55088766
20260428,095104,658757,IMPC,0,2170,500,CC,D,AK,F,2033343,2019998,2026-04-28T17:02:28.582963139Z,55091286
20260428,095110,659858,IMPC,0,2160,2100,CP,D,BK,F,1709764,2035089,2026-04-28T17:02:28.653167151Z,55092387
20260428,095120,661393,IMPC,0,2160,800,CP,D,AK,F,1709764,2038401,2026-04-28T17:02:28.679168412Z,55093922
20260428,095120,661395,IMPC,0,2160,3600,CP,D,AK,F,1709764,2038411,2026-04-28T17:02:28.679175756Z,55093924
20260428,095121,661510,IMPC,0,2160,200,CP,D,XL,D,1709764,2038728,2026-04-28T17:02:28.685519218Z,55094039
20260428,095132,662796,IMPC,0,2170,1900,XL,D,BK,F,2041625,1959086,2026-04-28T17:02:28.740257128Z,55095325
20260428,095132,662797,IMPC,0,2170,2900,XL,D,XL,D,2041625,1962331,2026-04-28T17:02:28.740262252Z,55095326
20260428,095132,662798,IMPC,0,2170,200,XL,D,AK,F,2041625,1962395,2026-04-28T17:02:28.740267556Z,55095327
20260428,095132,662799,IMPC,0,2170,100,XL,D,AK,F,2041625,1962399,2026-04-28T17:02:28.740271737Z,55095328
20260428,095132,662800,IMPC,0,2170,300,XL,D,AK,F,2041625,1962400,2026-04-28T17:02:28.740426523Z,55095329
20260428,095132,662801,IMPC,0,2170,1000,XL,D,MG,D,2041625,1966676,2026-04-28T17:02:28.740430814Z,55095330
20260428,095132,662802,IMPC,0,2170,3700,XL,D,AK,F,2041625,1968541,2026-04-28T17:02:28.740435114Z,55095331
20260428,095132,662803,IMPC,0,2170,1500,XL,D,PD,D,2041625,1970845,2026-04-28T17:02:28.7404396Z,55095332
20260428,095606,700062,IMPC,0,2160,1200,KK,D,AK,F,2099270,2115113,2026-04-28T17:02:28.897563056Z,55102595
20260428,095619,701465,IMPC,0,2160,2000,CC,F,BK,F,2108558,2118299,2026-04-28T17:02:28.902888596Z,55103998
20260428,095621,701645,IMPC,0,2170,4700,XL,D,YU,F,2118754,1995751,2026-04-28T17:02:28.907183998Z,55104178
20260428,095641,703509,IMPC,0,2160,6000,CC,F,XL,D,2108558,2123947,2026-04-28T17:02:28.950858363Z,55106042
20260428,095648,704025,IMPC,0,2160,2500,CC,F,XL,D,2108558,2125515,2026-04-28T17:02:28.966877007Z,55106558
20260428,095655,704627,IMPC,0,2170,300,CC,F,YU,F,2127249,1995751,2026-04-28T17:02:28.985284597Z,55107160
20260428,095655,704628,IMPC,0,2170,2200,CC,F,BK,F,2127249,1996141,2026-04-28T17:02:28.985288709Z,55107161
20260428,095655,704629,IMPC,0,2170,300,CC,F,AK,F,2127249,2019997,2026-04-28T17:02:28.98530572Z,55107162
20260428,095655,704630,IMPC,0,2170,2100,CC,F,BK,F,2127249,2028107,2026-04-28T17:02:28.98530972Z,55107163
20260428,095655,704631,IMPC,0,2170,200,CC,F,AK,F,2127249,2031373,2026-04-28T17:02:28.985313281Z,55107164
20260428,095655,704632,IMPC,0,2170,1700,CC,F,AK,F,2127249,2035119,2026-04-28T17:02:28.985317208Z,55107165
20260428,095655,704633,IMPC,0,2170,200,CC,F,XL,D,2127249,2051624,2026-04-28T17:02:28.985320959Z,55107166
20260428,095655,704634,IMPC,0,2170,200,CC,F,AK,F,2127249,2065369,2026-04-28T17:02:28.98560053Z,55107167
20260428,095655,704635,IMPC,0,2170,600,CC,F,AK,F,2127249,2117606,2026-04-28T17:02:28.985603947Z,55107168
20260428,095655,704636,IMPC,0,2170,3200,CC,F,AK,F,2127249,2082563,2026-04-28T17:02:28.985607547Z,55107169
20260428,095655,704637,IMPC,0,2170,200,CC,F,AK,F,2127249,2085246,2026-04-28T17:02:28.985610977Z,55107170
20260428,095655,704638,IMPC,0,2170,59900,CC,F,XL,D,2127249,2086257,2026-04-28T17:02:28.985614895Z,55107171
20260428,095655,704639,IMPC,0,2170,3700,CC,F,AK,F,2127249,2089278,2026-04-28T17:02:28.985618348Z,55107172
20260428,095655,704640,IMPC,0,2170,900,CC,F,AK,F,2127249,2092277,2026-04-28T17:02:28.985622355Z,55107173
20260428,095655,704641,IMPC,0,2170,3200,CC,F,AK,F,2127249,2096430,2026-04-28T17:02:28.985625883Z,55107174
20260428,095655,704642,IMPC,0,2170,200,CC,F,AK,F,2127249,2105036,2026-04-28T17:02:28.985629291Z,55107175
20260428,095655,704643,IMPC,0,2170,3700,CC,F,AK,F,2127249,2105120,2026-04-28T17:02:28.985632926Z,55107176
20260428,095655,704644,IMPC,0,2170,3100,CC,F,AK,F,2127249,2113806,2026-04-28T17:02:28.985636468Z,55107177
20260428,095655,704645,IMPC,0,2170,3100,CC,F,AK,F,2127249,2122642,2026-04-28T17:02:28.98564015Z,55107178
20260428,095656,704648,IMPC,0,2170,5500,HD,F,AK,F,2127250,2127272,2026-04-28T17:02:28.985651072Z,55107181
20260428,095851,715464,IMPC,0,2180,15900,YP,D,XL,D,2154321,1936383,2026-04-28T17:02:29.31678289Z,55117997
20260428,095851,715465,IMPC,0,2180,800,YP,D,XL,D,2154321,1942006,2026-04-28T17:02:29.316786035Z,55117998
20260428,095851,715466,IMPC,0,2180,1800,YP,D,CC,D,2154321,1965385,2026-04-28T17:02:29.316789312Z,55117999
20260428,095851,715467,IMPC,0,2180,2700,YP,D,XL,D,2154321,1980690,2026-04-28T17:02:29.316798547Z,55118000
20260428,095851,715468,IMPC,0,2180,2500,YP,D,XL,D,2154321,2034622,2026-04-28T17:02:29.316801611Z,55118001
20260428,095851,715469,IMPC,0,2180,1500,YP,D,CC,D,2154321,2043063,2026-04-28T17:02:29.316835519Z,55118002
20260428,095851,715470,IMPC,0,2180,6200,YP,D,XL,D,2154321,2045634,2026-04-28T17:02:29.316838715Z,55118003
20260428,095851,715471,IMPC,0,2180,100,YP,D,XC,D,2154321,2047399,2026-04-28T17:02:29.316841902Z,55118004
20260428,095851,715472,IMPC,0,2180,4700,YP,D,XL,D,2154321,2084101,2026-04-28T17:02:29.316845251Z,55118005
20260428,095851,715473,IMPC,0,2180,2100,YP,D,BK,F,2154321,2127615,2026-04-28T17:02:29.316870902Z,55118006
20260428,095851,715474,IMPC,0,2180,1700,YP,D,AK,F,2154321,2127672,2026-04-28T17:02:29.316874399Z,55118007
20260428,095854,715692,IMPC,0,2180,900,XL,D,AK,F,2154952,2127672,2026-04-28T17:02:29.320538237Z,55118225
20260428,095912,717324,IMPC,0,2180,100,GR,D,AK,F,2158919,2127672,2026-04-28T17:02:29.353679036Z,55119857
20260428,095928,718555,IMPC,0,2180,900,XL,D,AK,F,2162381,2127672,2026-04-28T17:02:29.439648274Z,55121088
20260428,095928,718556,IMPC,0,2180,2300,XL,D,AK,F,2162381,2131662,2026-04-28T17:02:29.439673132Z,55121089
20260428,095928,718557,IMPC,0,2180,300,XL,D,AK,F,2162381,2135253,2026-04-28T17:02:29.439732466Z,55121090
20260428,095928,718558,IMPC,0,2180,3900,XL,D,KI,D,2162381,2137705,2026-04-28T17:02:29.439736953Z,55121091
20260428,095928,718559,IMPC,0,2180,3600,XL,D,AK,F,2162381,2140246,2026-04-28T17:02:29.439741031Z,55121092
20260428,095928,718560,IMPC,0,2180,200,XL,D,AK,F,2162381,2144089,2026-04-28T17:02:29.439900747Z,55121093
20260428,095928,718561,IMPC,0,2180,3400,XL,D,AK,F,2162381,2152256,2026-04-28T17:02:29.439905946Z,55121094
20260428,095928,718562,IMPC,0,2180,700,XL,D,CP,D,2162381,2157959,2026-04-28T17:02:29.4399099Z,55121095
20260428,095928,718563,IMPC,0,2180,2200,XL,D,BK,F,2162381,2158265,2026-04-28T17:02:29.439913903Z,55121096
20260428,095928,718564,IMPC,0,2180,3000,XL,D,AK,F,2162381,2158981,2026-04-28T17:02:29.439917699Z,55121097
20260428,095928,718565,IMPC,0,2180,3100,XL,D,XL,D,2162381,2160238,2026-04-28T17:02:29.439921564Z,55121098
20260428,095928,718576,IMPC,0,2180,3700,XL,D,AK,F,2162381,2162408,2026-04-28T17:02:29.440231545Z,55121109
20260428,095948,720136,IMPC,0,2180,2700,XL,D,AK,F,2162381,2166720,2026-04-28T17:02:29.507619329Z,55122669
20260428,095948,720137,IMPC,0,2180,2300,ZP,F,AK,F,2162473,2166720,2026-04-28T17:02:29.507623361Z,55122670
20260428,100034,724033,IMPC,0,2180,500,ZP,F,XL,D,2162473,2178648,2026-04-28T17:02:29.571498989Z,55126566
20260428,100100,726322,IMPC,0,2180,800,ZP,F,YB,D,2162473,2184774,2026-04-28T17:02:29.572308225Z,55128855
20260428,100100,726323,IMPC,0,2180,200,CC,F,YB,D,2162833,2184774,2026-04-28T17:02:29.57231072Z,55128856
20260428,100158,731287,IMPC,0,2180,1000,XL,D,AK,F,2198167,2198183,2026-04-28T17:02:29.65853306Z,55133821
20260428,100207,731880,IMPC,0,2180,1000,AK,F,YB,D,2200326,2200299,2026-04-28T17:02:29.677163273Z,55134414
20260428,100241,735129,IMPC,0,2180,600,CC,F,CC,D,2201334,2208781,2026-04-28T17:02:29.720484414Z,55137667
20260428,100241,735130,IMPC,0,2180,100,XL,D,CC,D,2207536,2208781,2026-04-28T17:02:29.720586465Z,55137668
20260428,100241,735139,IMPC,0,2180,1800,AK,F,CC,D,2208794,2208781,2026-04-28T17:02:29.720691242Z,55137677
20260428,100243,735242,IMPC,0,2180,2500,AK,F,XL,D,2209301,2209282,2026-04-28T17:02:29.731802981Z,55137780
20260428,100334,740669,IMPC,0,2170,3400,YP,D,AK,F,2150041,2221795,2026-04-28T17:02:29.957983806Z,55143207
20260428,100334,740670,IMPC,0,2170,400,YP,D,AK,F,2150041,2221796,2026-04-28T17:02:29.958046183Z,55143208
20260428,100439,746697,IMPC,0,2170,2000,YP,D,AK,F,2150041,2236865,2026-04-28T17:02:30.094413793Z,55149235
20260428,100451,747550,IMPC,0,2170,200,YP,D,XL,D,2150041,2239384,2026-04-28T17:02:30.132443292Z,55150089
20260428,100522,750258,IMPC,0,2170,1700,YP,D,CC,D,2150041,2246856,2026-04-28T17:02:30.200607827Z,55152797
20260428,100522,750276,IMPC,0,2170,300,YP,D,LG,D,2150041,2246905,2026-04-28T17:02:30.201219466Z,55152815
20260428,100533,751219,IMPC,0,2170,2100,YP,D,AK,F,2150041,2249343,2026-04-28T17:02:30.225962234Z,55153758
20260428,100609,754484,IMPC,0,2170,600,YP,D,KK,D,2150041,2257450,2026-04-28T17:02:30.240560011Z,55157024
20260428,100609,754499,IMPC,0,2170,1500,YP,D,AK,F,2150041,2257497,2026-04-28T17:02:30.241212701Z,55157039
20260428,100619,755248,IMPC,0,2170,1000,YP,D,AK,F,2150041,2259815,2026-04-28T17:02:30.280307809Z,55157788
20260428,100619,755250,IMPC,0,2170,1900,YP,D,AK,F,2150041,2259818,2026-04-28T17:02:30.280330326Z,55157790
20260428,100700,759051,IMPC,0,2170,2000,YP,D,BK,F,2150041,2268804,2026-04-28T17:02:30.353517266Z,55161592
20260428,100710,760022,IMPC,0,2170,3500,YP,D,AK,F,2150041,2271122,2026-04-28T17:02:30.393022123Z,55162563
20260428,100801,764864,IMPC,0,2170,3100,YP,D,AK,F,2150041,2282797,2026-04-28T17:02:30.506683897Z,55167407
20260428,100811,765763,IMPC,0,2170,1400,YP,D,XC,D,2150041,2285128,2026-04-28T17:02:30.527751281Z,55168306
20260428,100833,767696,IMPC,0,2160,2000,AK,F,AK,F,2127238,2289870,2026-04-28T17:02:30.532973441Z,55170239
20260428,100833,767697,IMPC,0,2160,100,AK,F,AK,F,2127238,2289871,2026-04-28T17:02:30.53297633Z,55170240
20260428,100833,767698,IMPC,0,2160,3700,AK,F,AK,F,2127238,2289880,2026-04-28T17:02:30.532979199Z,55170241
20260428,100920,771752,IMPC,0,2160,2200,AK,F,BK,F,2127238,2300154,2026-04-28T17:02:30.635064966Z,55174295
20260428,100940,773939,IMPC,0,2160,3300,AK,F,AK,F,2127238,2304612,2026-04-28T17:02:30.697086414Z,55176483
20260428,100940,773940,IMPC,0,2160,1000,AK,F,AK,F,2127238,2304617,2026-04-28T17:02:30.697090058Z,55176484
20260428,101011,777553,IMPC,0,2160,3700,AK,F,AK,F,2127238,2311313,2026-04-28T17:02:30.805201837Z,55180098
20260428,101014,777861,IMPC,0,2160,7900,AK,F,XL,D,2127238,2312079,2026-04-28T17:02:30.811290727Z,55180406
20260428,101014,777862,IMPC,0,2160,100,XL,D,XL,D,2132834,2312079,2026-04-28T17:02:30.81129429Z,55180407
20260428,101014,777863,IMPC,0,2160,2500,CC,D,XL,D,2161689,2312079,2026-04-28T17:02:30.811297574Z,55180408
20260428,101029,779881,IMPC,0,2170,1000,PD,D,XL,D,2315490,2286612,2026-04-28T17:02:30.827213491Z,55182429
20260428,101035,780502,IMPC,0,2160,500,CC,D,XL,D,2161689,2316805,2026-04-28T17:02:30.838555909Z,55183050
20260428,101043,781350,IMPC,0,2160,200,CC,D,XL,D,2161689,2318625,2026-04-28T17:02:30.853980054Z,55183898
20260428,101058,783086,IMPC,0,2160,3300,CC,D,AK,F,2161689,2322207,2026-04-28T17:02:30.882483483Z,55185634
20260428,101144,788843,IMPC,0,2160,2000,CC,D,AK,F,2161689,2334221,2026-04-28T17:02:31.048542906Z,55191392
20260428,101144,788845,IMPC,0,2160,1100,CC,D,AK,F,2161689,2334228,2026-04-28T17:02:31.048572153Z,55191394
20260428,101206,791277,IMPC,0,2160,2300,CC,D,BK,F,2161689,2340349,2026-04-28T17:02:31.108711829Z,55193826
20260428,101228,793141,IMPC,0,2160,300,CC,D,AK,F,2161689,2345112,2026-04-28T17:02:31.1358107Z,55195690
20260428,101228,793152,IMPC,0,2160,3400,CC,D,AK,F,2161689,2345118,2026-04-28T17:02:31.136388853Z,55195701
20260428,101303,796564,IMPC,0,2160,200,CC,D,AK,F,2161689,2352896,2026-04-28T17:02:31.244995243Z,55199113
20260428,101303,796569,IMPC,0,2160,3400,CC,D,AK,F,2161689,2352903,2026-04-28T17:02:31.245668904Z,55199118
20260428,101307,796918,IMPC,0,2160,500,CC,D,PD,D,2161689,2353772,2026-04-28T17:02:31.276458209Z,55199467
20260428,101346,800239,IMPC,0,2160,2600,CC,D,AK,F,2161689,2362260,2026-04-28T17:02:31.477596592Z,55202789
20260428,101346,800241,IMPC,0,2160,600,CC,D,AK,F,2161689,2362266,2026-04-28T17:02:31.47760481Z,55202791
20260428,101426,805674,IMPC,0,2160,2300,CC,D,AK,F,2161689,2372801,2026-04-28T17:02:31.542119945Z,55208224
20260428,101426,805677,IMPC,0,2160,1500,CC,D,AK,F,2161689,2372809,2026-04-28T17:02:31.542129707Z,55208227
20260428,101913,841595,IMPC,0,2150,2600,XL,D,AK,F,1701734,2441273,2026-04-28T17:02:31.612082926Z,55214171
20260428,101913,841596,IMPC,0,2150,500,YP,D,AK,F,1706838,2441273,2026-04-28T17:02:31.612239467Z,55214172
20260428,101943,844913,IMPC,0,2150,3400,YP,D,AK,F,1706838,2448048,2026-04-28T17:02:31.719382999Z,55217490
20260428,102020,848908,IMPC,0,2150,1100,YP,D,AK,F,1706838,2456042,2026-04-28T17:02:31.80700643Z,55221485
20260428,102020,848909,IMPC,0,2150,2200,CC,D,AK,F,1707885,2456042,2026-04-28T17:02:31.807010326Z,55221486
20260428,102053,851986,IMPC,0,2150,2300,CC,D,BK,F,1707885,2463289,2026-04-28T17:02:31.92852815Z,55224563
20260428,102106,854324,IMPC,0,2150,500,CC,D,AK,F,1707885,2467138,2026-04-28T17:02:32.005458373Z,55226901
20260428,102106,854325,IMPC,0,2150,3900,XL,D,AK,F,1724925,2467138,2026-04-28T17:02:32.00546259Z,55226902
20260428,102131,857848,IMPC,0,2150,1100,XL,D,PD,D,1724925,2473652,2026-04-28T17:02:32.150518609Z,55230425
20260428,102131,857849,IMPC,0,2150,100,XL,D,PD,D,1725503,2473652,2026-04-28T17:02:32.15061995Z,55230426
20260428,102131,857850,IMPC,0,2150,400,XC,D,PD,D,1738078,2473652,2026-04-28T17:02:32.150623299Z,55230427
20260428,102144,859573,IMPC,0,2160,3000,AK,F,BK,F,2476934,2406073,2026-04-28T17:02:32.241518377Z,55232150
20260428,102144,859574,IMPC,0,2160,13000,AK,F,BK,F,2476934,2406098,2026-04-28T17:02:32.241521876Z,55232151
20260428,102144,859575,IMPC,0,2160,3500,AK,F,AK,F,2476934,2408662,2026-04-28T17:02:32.241525204Z,55232152
20260428,102144,859576,IMPC,0,2160,3100,AK,F,AK,F,2476934,2408663,2026-04-28T17:02:32.241650044Z,55232153
20260428,102144,859577,IMPC,0,2160,300,AK,F,AK,F,2476934,2408664,2026-04-28T17:02:32.241653881Z,55232154
20260428,102144,859578,IMPC,0,2160,200,AK,F,AK,F,2476934,2408670,2026-04-28T17:02:32.241657566Z,55232155
20260428,102144,859579,IMPC,0,2160,200,AK,F,AK,F,2476934,2408671,2026-04-28T17:02:32.241707173Z,55232156
20260428,102144,859580,IMPC,0,2160,300,AK,F,AK,F,2476934,2408672,2026-04-28T17:02:32.24188648Z,55232157
20260428,102144,859581,IMPC,0,2160,100,AK,F,AK,F,2476934,2408673,2026-04-28T17:02:32.242014025Z,55232158
20260428,102144,859582,IMPC,0,2160,200,AK,F,AK,F,2476934,2408674,2026-04-28T17:02:32.24201831Z,55232159
20260428,102144,859583,IMPC,0,2160,200,AK,F,AK,F,2476934,2408675,2026-04-28T17:02:32.242022126Z,55232160
20260428,102144,859584,IMPC,0,2160,200,AK,F,AK,F,2476934,2408676,2026-04-28T17:02:32.242136545Z,55232161
20260428,102144,859585,IMPC,0,2160,200,AK,F,AK,F,2476934,2408677,2026-04-28T17:02:32.242185815Z,55232162
20260428,102144,859586,IMPC,0,2160,200,AK,F,AK,F,2476934,2408678,2026-04-28T17:02:32.242347606Z,55232163
20260428,102144,859587,IMPC,0,2160,200,AK,F,AK,F,2476934,2408679,2026-04-28T17:02:32.242351689Z,55232164
20260428,102144,859588,IMPC,0,2160,200,AK,F,AK,F,2476934,2408680,2026-04-28T17:02:32.242355524Z,55232165
20260428,102144,859589,IMPC,0,2160,4800,AK,F,AK,F,2476934,2408682,2026-04-28T17:02:32.242359463Z,55232166
20260428,102144,859590,IMPC,0,2160,1700,AK,F,AK,F,2476934,2408684,2026-04-28T17:02:32.242363225Z,55232167
20260428,102144,859591,IMPC,0,2160,3700,AK,F,AK,F,2476934,2414962,2026-04-28T17:02:32.242367012Z,55232168
20260428,102144,859592,IMPC,0,2160,700,AK,F,AK,F,2476934,2424106,2026-04-28T17:02:32.24237071Z,55232169
20260428,102144,859593,IMPC,0,2160,17000,AK,F,XL,D,2476934,2425894,2026-04-28T17:02:32.242374387Z,55232170
20260428,102144,859594,IMPC,0,2160,200,AK,F,AK,F,2476934,2427048,2026-04-28T17:02:32.242509796Z,55232171
20260428,102144,859595,IMPC,0,2160,200,AK,F,AK,F,2476934,2430287,2026-04-28T17:02:32.242729228Z,55232172
20260428,102144,859596,IMPC,0,2160,3200,AK,F,AK,F,2476934,2432775,2026-04-28T17:02:32.242732996Z,55232173
20260428,102144,859597,IMPC,0,2160,600,AK,F,AK,F,2476934,2452840,2026-04-28T17:02:32.242792115Z,55232174
20260428,102144,859598,IMPC,0,2160,500,AK,F,CC,D,2476934,2461750,2026-04-28T17:02:32.24286815Z,55232175
20260428,102144,859599,IMPC,0,2160,300,AK,F,AK,F,2476934,2470202,2026-04-28T17:02:32.242871579Z,55232176
20260428,102144,859600,IMPC,0,2160,600,AK,F,AK,F,2476934,2476308,2026-04-28T17:02:32.242923794Z,55232177
20260428,102144,859651,IMPC,0,2160,5600,AK,F,AK,F,2476986,2476997,2026-04-28T17:02:32.244647976Z,55232228
20260428,102144,859666,IMPC,0,2160,300,AK,F,AK,F,2477031,2476997,2026-04-28T17:02:32.244705641Z,55232243
20260428,102203,862276,IMPC,0,2170,21000,AK,F,XL,D,2482167,2286612,2026-04-28T17:02:32.304564132Z,55234854
20260428,102203,862277,IMPC,0,2170,3800,AK,F,BK,F,2482167,2287066,2026-04-28T17:02:32.304567442Z,55234855
20260428,102203,862278,IMPC,0,2170,25000,AK,F,CP,D,2482167,2308285,2026-04-28T17:02:32.304570632Z,55234856
20260428,102203,862279,IMPC,0,2170,3800,AK,F,CP,D,2482167,2309614,2026-04-28T17:02:32.304576561Z,55234857
20260428,102203,862280,IMPC,0,2170,79400,AK,F,YU,F,2482167,2310247,2026-04-28T17:02:32.304665286Z,55234858
20260428,102203,862281,IMPC,0,2170,700,AK,F,XL,D,2482167,2377417,2026-04-28T17:02:32.304782297Z,55234859
20260428,102203,862282,IMPC,0,2170,10800,AK,F,KI,D,2482167,2396794,2026-04-28T17:02:32.304785974Z,55234860
20260428,102203,862283,IMPC,0,2170,13500,AK,F,KI,D,2482167,2403567,2026-04-28T17:02:32.304865037Z,55234861
20260428,102203,862284,IMPC,0,2170,11700,AK,F,KI,D,2482167,2414015,2026-04-28T17:02:32.304868439Z,55234862
20260428,102203,862285,IMPC,0,2170,9100,AK,F,KI,D,2482167,2421065,2026-04-28T17:02:32.304871635Z,55234863
20260428,102203,862286,IMPC,0,2170,7600,AK,F,KI,D,2482167,2424666,2026-04-28T17:02:32.3049966Z,55234864
20260428,102203,862287,IMPC,0,2170,3700,AK,F,AK,F,2482167,2477047,2026-04-28T17:02:32.305156519Z,55234865
20260428,102351,875300,IMPC,0,2170,1000,HD,F,XL,D,2482168,2508985,2026-04-28T17:02:32.581844235Z,55247880
20260428,102432,878045,IMPC,0,2170,2700,HD,F,OD,D,2482168,2516909,2026-04-28T17:02:32.599377193Z,55250628
20260428,102432,878046,IMPC,0,2170,3700,ZP,F,OD,D,2482373,2516909,2026-04-28T17:02:32.599379945Z,55250629
20260428,102432,878047,IMPC,0,2170,3600,CC,F,OD,D,2484714,2516909,2026-04-28T17:02:32.599382755Z,55250630
20260428,102649,888979,IMPC,0,2170,500,CC,F,AK,F,2484714,2542985,2026-04-28T17:02:32.787577255Z,55261564
20260428,102649,888980,IMPC,0,2170,2900,CC,F,AK,F,2484714,2542987,2026-04-28T17:02:32.787580767Z,55261565
20260428,102715,890806,IMPC,0,2180,100,XC,D,HD,F,2547870,2293378,2026-04-28T17:02:32.844061286Z,55263392
20260428,102716,890840,IMPC,0,2170,4200,CC,F,XL,D,2484714,2547988,2026-04-28T17:02:32.84415284Z,55263426
20260428,102727,891791,IMPC,0,2170,100,CC,F,AK,F,2484714,2550078,2026-04-28T17:02:32.846842133Z,55264377
20260428,102727,891797,IMPC,0,2170,3000,CC,F,AK,F,2484714,2550082,2026-04-28T17:02:32.84685838Z,55264383
20260428,102802,895921,IMPC,0,2170,400,CC,F,AK,F,2484714,2556931,2026-04-28T17:02:33.027644603Z,55268507
20260428,102802,895925,IMPC,0,2170,3300,CC,F,AK,F,2484714,2556951,2026-04-28T17:02:33.027655652Z,55268511
20260428,102919,903585,IMPC,0,2170,3100,CC,F,AK,F,2484714,2572240,2026-04-28T17:02:33.218566826Z,55276173
20260428,102954,906217,IMPC,0,2170,3200,CC,F,AK,F,2484714,2579229,2026-04-28T17:02:33.284426637Z,55278805
20260428,102954,906218,IMPC,0,2170,100,CC,F,AK,F,2484714,2579230,2026-04-28T17:02:33.284429338Z,55278806
20260428,103029,908975,IMPC,0,2170,35100,CC,F,XL,D,2484714,2585729,2026-04-28T17:02:33.34202216Z,55281563
20260428,103029,908976,IMPC,0,2170,1300,ZP,F,XL,D,2484786,2585729,2026-04-28T17:02:33.342025506Z,55281564
20260428,103029,908979,IMPC,0,2170,2600,ZP,F,AK,F,2484786,2585739,2026-04-28T17:02:33.342035347Z,55281567
20260428,103029,908980,IMPC,0,2170,200,XL,D,AK,F,2496908,2585739,2026-04-28T17:02:33.34204142Z,55281568
20260428,103029,908981,IMPC,0,2170,100,XC,D,AK,F,2513459,2585739,2026-04-28T17:02:33.34204485Z,55281569
20260428,103029,908982,IMPC,0,2170,1900,XL,D,AK,F,2519067,2585739,2026-04-28T17:02:33.342048283Z,55281570
20260428,103029,908983,IMPC,0,2170,100,SQ,D,AK,F,2547992,2585739,2026-04-28T17:02:33.342051809Z,55281571
20260428,103029,908984,IMPC,0,2170,100,CP,D,AK,F,2562237,2585739,2026-04-28T17:02:33.342055132Z,55281572
20260428,103029,908985,IMPC,0,2170,4700,XL,D,AK,F,2582766,2585739,2026-04-28T17:02:33.342058911Z,55281573
20260428,103103,910849,IMPC,0,2170,3600,XL,D,AK,F,2591640,2585768,2026-04-28T17:02:33.37532042Z,55283438
20260428,103103,910850,IMPC,0,2170,500,XL,D,BK,F,2591640,2586121,2026-04-28T17:02:33.375323081Z,55283439
20260428,103148,914209,IMPC,0,2160,2100,HD,F,XL,D,2484833,2599871,2026-04-28T17:02:33.45099299Z,55286799
20260428,103940,947944,IMPC,0,2160,3800,CC,F,AK,F,2621935,2690007,2026-04-28T17:02:33.532695156Z,55290543
20260428,104028,951165,IMPC,0,2170,1100,XL,D,BK,F,2698562,2586121,2026-04-28T17:02:33.619370492Z,55293764
20260428,104028,951166,IMPC,0,2170,100,XL,D,BK,F,2698562,2586501,2026-04-28T17:02:33.619372756Z,55293765
20260428,104028,951167,IMPC,0,2170,200,XL,D,AK,F,2698562,2588232,2026-04-28T17:02:33.619375023Z,55293766
20260428,104028,951168,IMPC,0,2170,200,XL,D,AK,F,2698562,2588234,2026-04-28T17:02:33.619377284Z,55293767
20260428,104028,951169,IMPC,0,2170,200,XL,D,AK,F,2698562,2588235,2026-04-28T17:02:33.619379638Z,55293768
20260428,104028,951170,IMPC,0,2170,600,XL,D,AK,F,2698562,2588241,2026-04-28T17:02:33.619381943Z,55293769
20260428,104028,951180,IMPC,0,2160,200,CC,F,AK,F,2621935,2698646,2026-04-28T17:02:33.619405894Z,55293779
20260428,104028,951181,IMPC,0,2160,3500,CC,F,AK,F,2621935,2698648,2026-04-28T17:02:33.619408147Z,55293780
20260428,104108,955057,IMPC,0,2170,500,CC,D,AK,F,2705774,2588242,2026-04-28T17:02:33.715228667Z,55297656
20260428,104108,955058,IMPC,0,2170,600,CC,D,AK,F,2705774,2588243,2026-04-28T17:02:33.715232429Z,55297657
20260428,104108,955059,IMPC,0,2170,600,CC,D,AK,F,2705774,2588244,2026-04-28T17:02:33.715236507Z,55297658
20260428,104108,955060,IMPC,0,2170,300,CC,D,AK,F,2705774,2588246,2026-04-28T17:02:33.715241539Z,55297659
20260428,104108,955061,IMPC,0,2170,900,CC,D,AK,F,2705774,2588250,2026-04-28T17:02:33.71524565Z,55297660
20260428,104108,955062,IMPC,0,2170,200,CC,D,AK,F,2705774,2698645,2026-04-28T17:02:33.715250345Z,55297661
20260428,104108,955063,IMPC,0,2170,600,CC,D,AK,F,2705774,2597003,2026-04-28T17:02:33.715254775Z,55297662
20260428,104108,955064,IMPC,0,2170,200,CC,D,AK,F,2705774,2601857,2026-04-28T17:02:33.715258673Z,55297663
20260428,104108,955065,IMPC,0,2170,3200,CC,D,AK,F,2705774,2601858,2026-04-28T17:02:33.715262097Z,55297664
20260428,104108,955066,IMPC,0,2170,200,CC,D,AK,F,2705774,2604034,2026-04-28T17:02:33.715265464Z,55297665
20260428,104108,955067,IMPC,0,2170,1600,CC,D,ZP,F,2705774,2606723,2026-04-28T17:02:33.715268888Z,55297666
20260428,104108,955068,IMPC,0,2170,3100,CC,D,AK,F,2705774,2612616,2026-04-28T17:02:33.715272308Z,55297667
20260428,104108,955069,IMPC,0,2170,600,CC,D,AK,F,2705774,2620511,2026-04-28T17:02:33.715275809Z,55297668
20260428,104108,955070,IMPC,0,2170,3400,CC,D,AK,F,2705774,2622939,2026-04-28T17:02:33.715279128Z,55297669
20260428,104108,955071,IMPC,0,2170,2100,CC,D,BK,F,2705774,2624390,2026-04-28T17:02:33.71528259Z,55297670
20260428,104108,955072,IMPC,0,2170,300,CC,D,AK,F,2705774,2644844,2026-04-28T17:02:33.715285984Z,55297671
20260428,104108,955073,IMPC,0,2170,500,CC,D,AK,F,2705774,2645322,2026-04-28T17:02:33.715289389Z,55297672
20260428,104108,955074,IMPC,0,2170,500,CC,D,AK,F,2705774,2665540,2026-04-28T17:02:33.715292617Z,55297673
20260428,104108,955075,IMPC,0,2170,200,CC,D,AK,F,2705774,2668782,2026-04-28T17:02:33.715295903Z,55297674
20260428,104108,955076,IMPC,0,2170,600,CC,D,AK,F,2705774,2683655,2026-04-28T17:02:33.715299287Z,55297675
20260428,104108,955077,IMPC,0,2170,3100,CC,D,AK,F,2705774,2689958,2026-04-28T17:02:33.715302598Z,55297676
20260428,104108,955078,IMPC,0,2170,3700,CC,D,AK,F,2705774,2695481,2026-04-28T17:02:33.715305917Z,55297677
20260428,104108,955079,IMPC,0,2170,300,CC,D,AK,F,2705774,2698603,2026-04-28T17:02:33.715309171Z,55297678
20260428,104108,955080,IMPC,0,2170,600,CC,D,AK,F,2705774,2702555,2026-04-28T17:02:33.715312557Z,55297679
20260428,104108,955081,IMPC,0,2170,2100,CC,D,AK,F,2705774,2704239,2026-04-28T17:02:33.715315825Z,55297680
20260428,104144,958193,IMPC,0,2170,1100,XL,D,AK,F,2712403,2704239,2026-04-28T17:02:33.755375425Z,55300792
20260428,104144,958194,IMPC,0,2170,600,XL,D,AK,F,2712403,2705790,2026-04-28T17:02:33.755377982Z,55300793
20260428,104144,958195,IMPC,0,2170,800,XL,D,AK,F,2712403,2705792,2026-04-28T17:02:33.7553805Z,55300794
20260428,104201,959430,IMPC,0,2170,600,XL,D,AK,F,2715475,2705792,2026-04-28T17:02:33.786959045Z,55302030
20260428,104203,959564,IMPC,0,2170,100,CC,D,AK,F,2715877,2705792,2026-04-28T17:02:33.788507836Z,55302164
20260428,104338,966173,IMPC,0,2170,2600,XL,D,AK,F,2734239,2705792,2026-04-28T17:02:33.963016257Z,55308775
20260428,104338,966174,IMPC,0,2170,2100,XL,D,BK,F,2734239,2706225,2026-04-28T17:02:33.963019211Z,55308776
20260428,104338,966175,IMPC,0,2170,3600,XL,D,AK,F,2734239,2712424,2026-04-28T17:02:33.963022248Z,55308777
20260428,104338,966176,IMPC,0,2170,500,XL,D,YP,D,2734239,2721961,2026-04-28T17:02:33.963025306Z,55308778
20260428,104338,966177,IMPC,0,2170,100,XL,D,HD,F,2734239,2721962,2026-04-28T17:02:33.963119889Z,55308779
20260428,104338,966197,IMPC,0,2170,100,XL,D,AK,F,2734313,2722025,2026-04-28T17:02:33.963281903Z,55308799
20260428,104356,967198,IMPC,0,2170,100,XL,D,AK,F,2736991,2722025,2026-04-28T17:02:33.988736284Z,55309800
20260428,104507,971970,IMPC,0,2160,7300,CC,F,AK,F,2621935,2749002,2026-04-28T17:02:34.168251911Z,55314572
20260428,104507,971972,IMPC,0,2160,900,CC,F,AK,F,2621935,2749012,2026-04-28T17:02:34.168257745Z,55314574
20260428,104515,972503,IMPC,0,2160,11700,CC,F,KI,D,2621935,2750498,2026-04-28T17:02:34.175572416Z,55315105
20260428,104536,973929,IMPC,0,2160,8700,PD,D,XL,D,2627680,2754154,2026-04-28T17:02:34.212245094Z,55316531
20260428,104537,974007,IMPC,0,2160,1300,PD,D,AK,F,2627680,2754335,2026-04-28T17:02:34.212460201Z,55316609
20260428,104537,974008,IMPC,0,2160,600,XL,D,AK,F,2645786,2754335,2026-04-28T17:02:34.212462798Z,55316610
20260428,104538,974105,IMPC,0,2160,400,XL,D,XL,D,2645786,2754561,2026-04-28T17:02:34.215425347Z,55316707
20260428,104538,974106,IMPC,0,2160,3600,ZP,F,XL,D,2653811,2754561,2026-04-28T17:02:34.215429243Z,55316708
20260428,104538,974107,IMPC,0,2160,3800,ZP,F,XL,D,2653917,2754561,2026-04-28T17:02:34.215464261Z,55316709
20260428,104538,974108,IMPC,0,2160,200,XL,D,XL,D,2660907,2754561,2026-04-28T17:02:34.215467592Z,55316710
20260428,104538,974109,IMPC,0,2160,500,YP,D,XL,D,2663389,2754561,2026-04-28T17:02:34.215470689Z,55316711
20260428,104538,974110,IMPC,0,2160,300,XL,D,XL,D,2681422,2754561,2026-04-28T17:02:34.215566548Z,55316712
20260428,104538,974111,IMPC,0,2160,100,XL,D,XL,D,2717843,2754561,2026-04-28T17:02:34.215569637Z,55316713
20260428,104538,974112,IMPC,0,2160,100,CP,D,XL,D,2748994,2754561,2026-04-28T17:02:34.215697209Z,55316714
20260428,104538,974113,IMPC,0,2160,100,CP,D,XL,D,2749010,2754561,2026-04-28T17:02:34.215700385Z,55316715
20260428,104638,977678,IMPC,0,2160,100,XL,D,XL,D,2764945,2754561,2026-04-28T17:02:34.297939568Z,55320280
20260428,104640,977840,IMPC,0,2160,500,XL,D,XL,D,2765426,2754561,2026-04-28T17:02:34.307881636Z,55320442
20260428,104646,978105,IMPC,0,2150,2400,XL,D,XL,D,1758448,2766262,2026-04-28T17:02:34.341480949Z,55320707
20260428,104646,978106,IMPC,0,2150,1000,XL,D,XL,D,1767797,2766262,2026-04-28T17:02:34.341485195Z,55320708
20260428,104646,978107,IMPC,0,2150,500,XL,D,XL,D,1824751,2766262,2026-04-28T17:02:34.341489326Z,55320709
20260428,104646,978108,IMPC,0,2150,300,YP,D,XL,D,1829746,2766262,2026-04-28T17:02:34.341493614Z,55320710
20260428,104646,978109,IMPC,0,2150,500,CC,D,XL,D,1848305,2766262,2026-04-28T17:02:34.341497735Z,55320711
20260428,104646,978110,IMPC,0,2150,500,XL,D,XL,D,1852703,2766262,2026-04-28T17:02:34.341501996Z,55320712
20260428,104646,978111,IMPC,0,2150,500,XL,D,XL,D,1864137,2766262,2026-04-28T17:02:34.3415061Z,55320713
20260428,104646,978112,IMPC,0,2150,100,XC,D,XL,D,1883668,2766262,2026-04-28T17:02:34.34151023Z,55320714
20260428,104646,978113,IMPC,0,2150,1000,CC,D,XL,D,1905555,2766262,2026-04-28T17:02:34.34151435Z,55320715
20260428,104646,978114,IMPC,0,2150,500,XL,D,XL,D,1946960,2766262,2026-04-28T17:02:34.341518527Z,55320716
20260428,104646,978115,IMPC,0,2150,2000,XL,D,XL,D,2014212,2766262,2026-04-28T17:02:34.34152267Z,55320717
20260428,104646,978116,IMPC,0,2150,4500,XL,D,XL,D,2050830,2766262,2026-04-28T17:02:34.341526799Z,55320718
20260428,104901,986378,IMPC,0,2160,1000,XL,D,AK,F,2788351,2754584,2026-04-28T17:02:34.51922817Z,55328982
20260428,104908,986708,IMPC,0,2150,2100,XL,D,BK,F,2050830,2789374,2026-04-28T17:02:34.530523611Z,55329312
20260428,105110,993715,IMPC,0,2160,500,PD,D,BK,F,2807718,2754927,2026-04-28T17:02:34.754963368Z,55336319
20260428,105110,993716,IMPC,0,2160,200,PD,D,AK,F,2807718,2756897,2026-04-28T17:02:34.755108221Z,55336320
20260428,105110,993717,IMPC,0,2160,1600,PD,D,AK,F,2807718,2802356,2026-04-28T17:02:34.755273295Z,55336321
20260428,105110,993718,IMPC,0,2160,200,PD,D,AK,F,2807718,2765008,2026-04-28T17:02:34.755546005Z,55336322
20260428,105110,993719,IMPC,0,2160,2500,PD,D,AK,F,2807718,2765010,2026-04-28T17:02:34.755663595Z,55336323
20260428,105111,993793,IMPC,0,2160,900,CC,F,AK,F,2807815,2765010,2026-04-28T17:02:34.758511612Z,55336397
20260428,105111,993794,IMPC,0,2160,3400,CC,F,AK,F,2807815,2777731,2026-04-28T17:02:34.758514682Z,55336398
20260428,105111,993795,IMPC,0,2160,900,CC,F,AK,F,2807815,2778175,2026-04-28T17:02:34.758517755Z,55336399
20260428,105111,993796,IMPC,0,2160,3300,CC,F,AK,F,2807815,2789417,2026-04-28T17:02:34.758521128Z,55336400
20260428,105111,993797,IMPC,0,2160,600,CC,F,AK,F,2807815,2793849,2026-04-28T17:02:34.75852423Z,55336401
20260428,105111,993798,IMPC,0,2160,3700,CC,F,AK,F,2807815,2799559,2026-04-28T17:02:34.758528045Z,55336402
20260428,105111,993799,IMPC,0,2160,6600,CC,F,XL,D,2807815,2800845,2026-04-28T17:02:34.758530932Z,55336403
20260428,105111,993800,IMPC,0,2160,1900,CC,F,BK,F,2807815,2807807,2026-04-28T17:02:34.758533695Z,55336404
20260428,105205,998169,IMPC,0,2170,3200,AK,F,HD,F,2817812,2738088,2026-04-28T17:02:34.837695407Z,55340773
20260428,105205,998170,IMPC,0,2170,23500,AK,F,KI,D,2817812,2740618,2026-04-28T17:02:34.837698858Z,55340774
20260428,105205,998171,IMPC,0,2170,10800,AK,F,KI,D,2817812,2746825,2026-04-28T17:02:34.837703269Z,55340775
20260428,105205,998172,IMPC,0,2170,14400,AK,F,KI,D,2817812,2748342,2026-04-28T17:02:34.837706828Z,55340776
20260428,105205,998173,IMPC,0,2170,9100,AK,F,KI,D,2817812,2753394,2026-04-28T17:02:34.837713251Z,55340777
20260428,105205,998174,IMPC,0,2170,2100,AK,F,ZP,F,2817812,2754521,2026-04-28T17:02:34.837717355Z,55340778
20260428,105205,998175,IMPC,0,2170,7600,AK,F,KI,D,2817812,2754845,2026-04-28T17:02:34.837720942Z,55340779
20260428,105205,998176,IMPC,0,2170,4700,AK,F,AK,F,2817812,2807836,2026-04-28T17:02:34.837724392Z,55340780
20260428,105205,998177,IMPC,0,2170,6600,AK,F,XL,D,2817812,2811104,2026-04-28T17:02:34.837727982Z,55340781
20260428,105205,998178,IMPC,0,2170,2200,AK,F,BK,F,2817812,2815916,2026-04-28T17:02:34.837731666Z,55340782
20260428,105205,998180,IMPC,0,2170,3800,AK,F,AK,F,2817843,2817831,2026-04-28T17:02:34.83774862Z,55340784
20260428,105300,1003043,IMPC,0,2170,6000,CC,F,CP,D,2828181,2828169,2026-04-28T17:02:34.942025735Z,55345649
20260428,105333,1005864,IMPC,0,2170,1400,XL,D,YP,D,2832274,2835077,2026-04-28T17:02:35.028966813Z,55348470
20260428,105333,1005865,IMPC,0,2170,1100,CC,F,YP,D,2832925,2835077,2026-04-28T17:02:35.028970528Z,55348471
20260428,105404,1010431,IMPC,0,2180,4200,AK,F,HD,F,2842034,2293378,2026-04-28T17:02:35.2315733Z,55353038
20260428,105404,1010432,IMPC,0,2180,4600,AK,F,XL,D,2842034,2460953,2026-04-28T17:02:35.231609529Z,55353039
20260428,105404,1010433,IMPC,0,2180,200,AK,F,XL,D,2842034,2524964,2026-04-28T17:02:35.231778002Z,55353040
20260428,105404,1010434,IMPC,0,2180,1500,AK,F,ZP,F,2842034,2554711,2026-04-28T17:02:35.23178288Z,55353041
20260428,105404,1010435,IMPC,0,2180,500,AK,F,XA,D,2842034,2556885,2026-04-28T17:02:35.231786128Z,55353042
20260428,105404,1010436,IMPC,0,2180,1400,AK,F,ZP,F,2842034,2561485,2026-04-28T17:02:35.231789338Z,55353043
20260428,105404,1010437,IMPC,0,2180,2000,AK,F,TP,D,2842034,2598351,2026-04-28T17:02:35.231792537Z,55353044
20260428,105404,1010438,IMPC,0,2180,200,AK,F,XC,D,2842034,2630855,2026-04-28T17:02:35.231918432Z,55353045
20260428,105404,1010439,IMPC,0,2180,200,AK,F,AZ,D,2842034,2669701,2026-04-28T17:02:35.231923048Z,55353046
20260428,105404,1010440,IMPC,0,2180,2500,AK,F,YP,D,2842034,2732078,2026-04-28T17:02:35.231927229Z,55353047
20260428,105404,1010441,IMPC,0,2180,12900,AK,F,KI,D,2842034,2735004,2026-04-28T17:02:35.232313912Z,55353048
20260428,105404,1010442,IMPC,0,2180,3000,AK,F,PD,D,2842034,2745458,2026-04-28T17:02:35.232423572Z,55353049
20260428,105404,1010443,IMPC,0,2180,200,AK,F,AK,F,2842034,2822678,2026-04-28T17:02:35.232487711Z,55353050
20260428,105404,1010444,IMPC,0,2180,200,AK,F,AK,F,2842034,2822679,2026-04-28T17:02:35.232607595Z,55353051
20260428,105404,1010445,IMPC,0,2180,500,AK,F,AK,F,2842034,2824702,2026-04-28T17:02:35.232611Z,55353052
20260428,105404,1010446,IMPC,0,2180,3300,AK,F,AK,F,2842034,2826946,2026-04-28T17:02:35.232614524Z,55353053
20260428,105404,1010447,IMPC,0,2180,96200,AK,F,XC,D,2842034,2830515,2026-04-28T17:02:35.232983956Z,55353054
20260428,105404,1010484,IMPC,0,2180,3300,AK,F,AK,F,2842099,2842078,2026-04-28T17:02:35.23658927Z,55353091
20260428,105446,1014568,IMPC,0,2180,2000,XL,D,CC,D,2844908,2850731,2026-04-28T17:02:35.33951911Z,55357176
20260428,105555,1025876,IMPC,0,2180,2500,XL,D,XL,D,2844908,2866440,2026-04-28T17:02:35.476956443Z,55368487
20260428,110107,1058667,IMPC,0,2180,5300,XL,D,AK,F,2844908,2938169,2026-04-28T17:02:35.494168602Z,55371287
20260428,110107,1058668,IMPC,0,2180,3600,ZP,F,AK,F,2844975,2938169,2026-04-28T17:02:35.494189694Z,55371288
20260428,110107,1058669,IMPC,0,2180,1000,XL,D,AK,F,2847022,2938169,2026-04-28T17:02:35.494192881Z,55371289
20260428,110107,1058670,IMPC,0,2180,2000,AI,D,AK,F,2858332,2938169,2026-04-28T17:02:35.49419665Z,55371290
20260428,110107,1058671,IMPC,0,2180,1000,CC,D,AK,F,2869952,2938169,2026-04-28T17:02:35.494250953Z,55371291
20260428,110107,1058672,IMPC,0,2180,300,CC,D,AK,F,2879102,2938169,2026-04-28T17:02:35.494254048Z,55371292
20260428,110107,1058673,IMPC,0,2180,800,XL,D,AK,F,2883290,2938169,2026-04-28T17:02:35.494257206Z,55371293
20260428,110107,1058674,IMPC,0,2180,27200,BK,F,AK,F,2884335,2938169,2026-04-28T17:02:35.494261486Z,55371294
20260428,110107,1058675,IMPC,0,2180,500,YP,D,AK,F,2890683,2938169,2026-04-28T17:02:35.494264469Z,55371295
20260428,110107,1058676,IMPC,0,2180,400,SQ,D,AK,F,2892071,2938169,2026-04-28T17:02:35.494282996Z,55371296
20260428,110107,1058677,IMPC,0,2180,10000,XL,D,AK,F,2895270,2938169,2026-04-28T17:02:35.494308Z,55371297
20260428,110107,1058678,IMPC,0,2180,10000,DR,D,AK,F,2898564,2938169,2026-04-28T17:02:35.494311165Z,55371298
20260428,110107,1058679,IMPC,0,2180,100,ZP,F,AK,F,2919555,2938169,2026-04-28T17:02:35.494314592Z,55371299
20260428,110107,1058680,IMPC,0,2180,3700,ZP,F,AK,F,2923835,2938169,2026-04-28T17:02:35.494331312Z,55371300
20260428,110107,1058681,IMPC,0,2180,100,ZP,F,AK,F,2928286,2938169,2026-04-28T17:02:35.49433461Z,55371301
20260428,110107,1058682,IMPC,0,2180,500,YP,D,AK,F,2928334,2938169,2026-04-28T17:02:35.494496787Z,55371302
20260428,110107,1058683,IMPC,0,2180,10000,PD,D,AK,F,2929729,2938169,2026-04-28T17:02:35.494500086Z,55371303
20260428,110123,1060405,IMPC,0,2180,2000,KK,D,CP,D,2941589,2938276,2026-04-28T17:02:35.545114763Z,55373025
20260428,110229,1063792,IMPC,0,2180,100,XL,D,CP,D,2953420,2938276,2026-04-28T17:02:35.722227783Z,55376412
20260428,110243,1064325,IMPC,0,2170,600,XL,D,AK,F,2838784,2955564,2026-04-28T17:02:35.742013192Z,55376945
20260428,110243,1064326,IMPC,0,2170,1900,XL,D,AK,F,2838784,2955570,2026-04-28T17:02:35.742015689Z,55376946
20260428,110243,1064327,IMPC,0,2170,500,YP,D,AK,F,2891606,2955570,2026-04-28T17:02:35.742018179Z,55376947
20260428,110243,1064328,IMPC,0,2170,700,XL,D,AK,F,2895914,2955570,2026-04-28T17:02:35.742020801Z,55376948
20260428,110248,1064599,IMPC,0,2180,500,XL,D,CP,D,2956536,2938276,2026-04-28T17:02:35.756337379Z,55377219
20260428,110404,1068559,IMPC,0,2170,3700,XL,D,AK,F,2895914,2969284,2026-04-28T17:02:35.829231103Z,55381179
20260428,110544,1073715,IMPC,0,2190,300,XL,D,XL,D,2986184,2872609,2026-04-28T17:02:35.957742641Z,55386336
20260428,110544,1073716,IMPC,0,2190,200,XL,D,XL,D,2986184,2887146,2026-04-28T17:02:35.957748157Z,55386337
20260428,110545,1073778,IMPC,0,2190,2300,CC,F,XL,D,2986388,2887146,2026-04-28T17:02:35.95847984Z,55386399
20260428,110545,1073779,IMPC,0,2190,900,CC,F,XL,D,2986388,2902177,2026-04-28T17:02:35.958509381Z,55386400
20260428,110545,1073780,IMPC,0,2190,2500,CC,F,YP,D,2986388,2919125,2026-04-28T17:02:35.95851333Z,55386401
20260428,110545,1073781,IMPC,0,2190,200,CC,F,XL,D,2986388,2923340,2026-04-28T17:02:35.958551029Z,55386402
20260428,110545,1073782,IMPC,0,2190,3100,CC,F,ZP,F,2986388,2929500,2026-04-28T17:02:35.958554882Z,55386403
20260428,110545,1073783,IMPC,0,2190,1000,CC,F,XL,D,2986388,2930170,2026-04-28T17:02:35.958736804Z,55386404
20260428,110545,1073784,IMPC,0,2190,2000,CC,F,XL,D,2986388,2931719,2026-04-28T17:02:35.958741719Z,55386405
20260428,110545,1073785,IMPC,0,2190,500,CC,F,CC,D,2986388,2937844,2026-04-28T17:02:35.961613777Z,55386406
20260428,110545,1073786,IMPC,0,2190,20000,CC,F,CP,D,2986388,2938156,2026-04-28T17:02:35.961618034Z,55386407
20260428,110545,1073787,IMPC,0,2190,20000,CC,F,CP,D,2986388,2938473,2026-04-28T17:02:35.961621379Z,55386408
20260428,110545,1073788,IMPC,0,2190,20000,CC,F,CP,D,2986388,2938588,2026-04-28T17:02:35.961624708Z,55386409
20260428,110545,1073789,IMPC,0,2190,2000,CC,F,YB,D,2986388,2969155,2026-04-28T17:02:35.961627853Z,55386410
20260428,110545,1073790,IMPC,0,2190,3600,CC,F,AK,F,2986388,2982785,2026-04-28T17:02:35.961630969Z,55386411
20260428,110545,1073791,IMPC,0,2190,1900,CC,F,BK,F,2986388,2982832,2026-04-28T17:02:35.961633939Z,55386412
20260428,110554,1074207,IMPC,0,2190,400,BQ,D,YB,D,2987698,2987856,2026-04-28T17:02:35.970563562Z,55386828
20260428,110554,1074208,IMPC,0,2190,1600,ZP,F,YB,D,2987776,2987856,2026-04-28T17:02:35.970642453Z,55386829
20260428,110713,1079194,IMPC,0,2210,4000,PD,D,NI,D,3001921,486366,2026-04-28T17:02:36.081133807Z,55391815
20260428,110713,1079195,IMPC,0,2210,16000,PD,D,AT,D,3001921,510079,2026-04-28T17:02:36.081297637Z,55391816
20260428,110713,1079204,IMPC,0,2210,14100,AK,F,AT,D,3001944,510079,2026-04-28T17:02:36.081405305Z,55391825
20260428,110713,1079205,IMPC,0,2210,7100,AK,F,XL,D,3001944,682505,2026-04-28T17:02:36.081409116Z,55391826
20260428,110713,1079206,IMPC,0,2210,1500,AK,F,XL,D,3001944,746655,2026-04-28T17:02:36.081413118Z,55391827
20260428,110713,1079207,IMPC,0,2210,1000,AK,F,PD,D,3001944,823474,2026-04-28T17:02:36.081417195Z,55391828
20260428,110713,1079208,IMPC,0,2210,2400,AK,F,XL,D,3001944,964036,2026-04-28T17:02:36.081421104Z,55391829
20260428,110713,1079209,IMPC,0,2210,4000,AK,F,DR,D,3001944,1029575,2026-04-28T17:02:36.081437981Z,55391830
20260428,110713,1079210,IMPC,0,2210,2200,AK,F,XL,D,3001944,1148858,2026-04-28T17:02:36.081442287Z,55391831
20260428,110713,1079211,IMPC,0,2210,1100,AK,F,CC,D,3001944,1703587,2026-04-28T17:02:36.081479445Z,55391832
20260428,110713,1079212,IMPC,0,2210,7500,AK,F,CC,D,3001944,1910183,2026-04-28T17:02:36.081483246Z,55391833
20260428,110713,1079213,IMPC,0,2210,2000,AK,F,PD,D,3001944,1931327,2026-04-28T17:02:36.081486422Z,55391834
20260428,110713,1079214,IMPC,0,2210,800,AK,F,XL,D,3001944,2154589,2026-04-28T17:02:36.081490708Z,55391835
20260428,110713,1079215,IMPC,0,2210,1500,AK,F,XL,D,3001944,2618879,2026-04-28T17:02:36.081559855Z,55391836
20260428,110713,1079216,IMPC,0,2210,2000,AK,F,XL,D,3001944,2679324,2026-04-28T17:02:36.081563904Z,55391837
20260428,110713,1079217,IMPC,0,2210,100,HD,F,XL,D,3001945,3001942,2026-04-28T17:02:36.081567544Z,55391838
20260428,110721,1079513,IMPC,0,2220,2500,CP,D,XL,D,3003225,481004,2026-04-28T17:02:36.099548477Z,55392134
20260428,110721,1079514,IMPC,0,2220,100,CP,D,XL,D,3003225,772088,2026-04-28T17:02:36.09955173Z,55392135
20260428,110721,1079515,IMPC,0,2220,100,CP,D,PD,D,3003225,810163,2026-04-28T17:02:36.099658911Z,55392136
20260428,110721,1079516,IMPC,0,2220,1000,CP,D,CC,D,3003225,839205,2026-04-28T17:02:36.099662275Z,55392137
20260428,110721,1079517,IMPC,0,2220,600,CP,D,PD,D,3003225,855599,2026-04-28T17:02:36.099665436Z,55392138
20260428,110721,1079518,IMPC,0,2220,300,CP,D,XL,D,3003225,1002637,2026-04-28T17:02:36.099668721Z,55392139
20260428,110721,1079519,IMPC,0,2220,500,CP,D,XL,D,3003225,1393917,2026-04-28T17:02:36.09967238Z,55392140
20260428,110721,1079520,IMPC,0,2220,10000,CP,D,AZ,D,3003225,1425247,2026-04-28T17:02:36.099675704Z,55392141
20260428,110721,1079521,IMPC,0,2220,100,CP,D,XL,D,3003225,1688151,2026-04-28T17:02:36.099679059Z,55392142
20260428,110721,1079522,IMPC,0,2220,100,CP,D,NI,D,3003225,1747276,2026-04-28T17:02:36.099682666Z,55392143
20260428,110721,1079523,IMPC,0,2220,5000,CP,D,LG,D,3003225,1761674,2026-04-28T17:02:36.099686044Z,55392144
20260428,110721,1079524,IMPC,0,2220,1000,CP,D,HP,D,3003225,1817956,2026-04-28T17:02:36.099689529Z,55392145
20260428,110721,1079525,IMPC,0,2220,400,CP,D,XL,D,3003225,1867933,2026-04-28T17:02:36.099693229Z,55392146
20260428,110721,1079526,IMPC,0,2220,2200,CP,D,YP,D,3003225,1948420,2026-04-28T17:02:36.099697745Z,55392147
20260428,110721,1079527,IMPC,0,2220,5000,CP,D,DR,D,3003225,2229895,2026-04-28T17:02:36.099702843Z,55392148
20260428,110721,1079528,IMPC,0,2220,1100,CP,D,AI,D,3003225,2310041,2026-04-28T17:02:36.099820385Z,55392149
20260428,110728,1080079,IMPC,0,2220,400,XL,D,AI,D,3004599,2310041,2026-04-28T17:02:36.110476745Z,55392700
20260428,110728,1080080,IMPC,0,2220,1000,XL,D,XL,D,3004599,2803188,2026-04-28T17:02:36.110481344Z,55392701
20260428,110730,1080141,IMPC,0,2220,100,KK,D,AZ,D,3004899,2993848,2026-04-28T17:02:36.11256356Z,55392762
20260428,110737,1080444,IMPC,0,2220,3700,XL,D,AK,F,3005958,3001970,2026-04-28T17:02:36.124172563Z,55393065
20260428,110737,1080445,IMPC,0,2220,1800,XL,D,XL,D,3005958,3003239,2026-04-28T17:02:36.124175524Z,55393066
20260428,110737,1080446,IMPC,0,2220,1300,XL,D,XC,D,3005958,3003364,2026-04-28T17:02:36.124178415Z,55393067
20260428,110739,1080515,IMPC,0,2220,100,XL,D,XC,D,3006253,3003364,2026-04-28T17:02:36.125374236Z,55393136
20260428,110743,1080770,IMPC,0,2220,1000,PD,D,XL,D,3006917,3004884,2026-04-28T17:02:36.134272767Z,55393392
20260428,110749,1080971,IMPC,0,2220,1000,XL,D,XL,D,3007718,3004884,2026-04-28T17:02:36.1379575Z,55393593
20260428,110749,1080972,IMPC,0,2220,1000,XL,D,YP,D,3007718,3005272,2026-04-28T17:02:36.137961401Z,55393594
20260428,110749,1080973,IMPC,0,2220,400,XL,D,XL,D,3007718,3005386,2026-04-28T17:02:36.137965254Z,55393595
20260428,110749,1080974,IMPC,0,2220,2200,XL,D,XL,D,3007718,3006213,2026-04-28T17:02:36.138008156Z,55393596
20260428,110754,1081232,IMPC,0,2220,2400,XL,D,XL,D,3008453,3006213,2026-04-28T17:02:36.14637157Z,55393854
20260428,110754,1081233,IMPC,0,2220,700,XL,D,XL,D,3008453,3007560,2026-04-28T17:02:36.146374772Z,55393855
20260428,110754,1081237,IMPC,0,2220,1400,XL,D,AK,F,3008453,3008465,2026-04-28T17:02:36.146386965Z,55393859
20260428,110754,1081244,IMPC,0,2220,3700,ZP,F,AK,F,3008501,3008510,2026-04-28T17:02:36.146706028Z,55393866
20260428,110755,1081255,IMPC,0,2230,100,XC,D,XL,D,3008581,163616,2026-04-28T17:02:36.147162656Z,55393877
20260428,110759,1081493,IMPC,0,2210,5000,HD,F,AK,F,3001945,3009276,2026-04-28T17:02:36.156966075Z,55394115
20260428,110802,1081611,IMPC,0,2220,400,XL,D,XL,D,3009705,3009258,2026-04-28T17:02:36.162560621Z,55394233
20260428,110802,1081612,IMPC,0,2220,13100,XL,D,HD,F,3009705,3009259,2026-04-28T17:02:36.162565052Z,55394234
20260428,110802,1081613,IMPC,0,2230,400,XL,D,XL,D,3009705,163616,2026-04-28T17:02:36.16256939Z,55394235
20260428,110802,1081614,IMPC,0,2230,2000,XL,D,XL,D,3009705,212417,2026-04-28T17:02:36.162731514Z,55394236
20260428,110802,1081615,IMPC,0,2230,400,XL,D,PD,D,3009705,368759,2026-04-28T17:02:36.162873496Z,55394237
20260428,110802,1081616,IMPC,0,2230,3500,XL,D,XL,D,3009705,483422,2026-04-28T17:02:36.162876886Z,55394238
20260428,110806,1081745,IMPC,0,2220,1600,XL,D,XL,D,3010160,3010128,2026-04-28T17:02:36.168769052Z,55394367
20260428,110806,1081751,IMPC,0,2220,2000,KK,D,XL,D,3010199,3010128,2026-04-28T17:02:36.168947236Z,55394373
20260428,110809,1081824,IMPC,0,2220,100,KK,D,XL,D,3010499,3010128,2026-04-28T17:02:36.170745961Z,55394446
20260428,110809,1081886,IMPC,0,2220,500,XL,D,XL,D,3010621,3010128,2026-04-28T17:02:36.173675993Z,55394508
20260428,110822,1082655,IMPC,0,2220,5000,XL,D,XL,D,3012501,3010128,2026-04-28T17:02:36.201861025Z,55395277
20260428,110828,1082908,IMPC,0,2210,4700,HD,F,XC,D,3001945,3013410,2026-04-28T17:02:36.215305727Z,55395530
20260428,110840,1083782,IMPC,0,2220,500,PD,D,XL,D,3015417,3010128,2026-04-28T17:02:36.244541538Z,55396404
20260428,110852,1084534,IMPC,0,2210,500,HD,F,SQ,D,3001945,3017396,2026-04-28T17:02:36.259849458Z,55397156
20260428,110856,1084667,IMPC,0,2220,14200,XL,D,XL,D,3018034,3010128,2026-04-28T17:02:36.274615074Z,55397289
20260428,110856,1084668,IMPC,0,2220,500,XL,D,AK,F,3018034,3010536,2026-04-28T17:02:36.27461803Z,55397290
20260428,110856,1084669,IMPC,0,2220,5000,XL,D,CP,D,3018034,3012835,2026-04-28T17:02:36.27486978Z,55397291
20260428,110856,1084670,IMPC,0,2220,100,XL,D,XL,D,3018034,3013234,2026-04-28T17:02:36.275010435Z,55397292
20260428,110856,1084671,IMPC,0,2220,2000,XL,D,XL,D,3018034,3015256,2026-04-28T17:02:36.275017674Z,55397293
20260428,110856,1084672,IMPC,0,2220,100,XL,D,XL,D,3018034,3016475,2026-04-28T17:02:36.275024609Z,55397294
20260428,110856,1084673,IMPC,0,2220,600,XL,D,XC,D,3018034,3016898,2026-04-28T17:02:36.275031521Z,55397295
20260428,110856,1084675,IMPC,0,2220,7500,XL,D,AK,F,3018034,3018048,2026-04-28T17:02:36.275486632Z,55397297
20260428,110909,1085815,IMPC,0,2220,800,XA,D,XL,D,3020281,3019352,2026-04-28T17:02:36.317618209Z,55398437
20260428,110909,1085816,IMPC,0,2220,7600,XA,D,YU,F,3020281,3019543,2026-04-28T17:02:36.317620966Z,55398438
20260428,110924,1086635,IMPC,0,2220,10000,YP,D,YU,F,3022841,3019543,2026-04-28T17:02:36.390153324Z,55399258
20260428,110930,1086955,IMPC,0,2210,100,HD,F,XL,D,3001945,3023786,2026-04-28T17:02:36.39563253Z,55399578
20260428,110932,1087096,IMPC,0,2220,12600,XL,D,YU,F,3024241,3019543,2026-04-28T17:02:36.401904528Z,55399719
20260428,111043,1092565,IMPC,0,2220,15600,GR,D,CC,D,3036667,3031654,2026-04-28T17:02:36.550049779Z,55405189
20260428,111043,1092566,IMPC,0,2220,44400,GR,D,XL,D,3036667,3031711,2026-04-28T17:02:36.55005509Z,55405190
20260428,111044,1092704,IMPC,0,2220,100,XC,D,XL,D,3036886,3031711,2026-04-28T17:02:36.553753485Z,55405328
20260428,111142,1096689,IMPC,0,2210,1500,ZP,F,YP,D,3002001,3047095,2026-04-28T17:02:36.644178051Z,55409314
20260428,111143,1096723,IMPC,0,2210,900,ZP,F,CC,D,3002001,3047218,2026-04-28T17:02:36.644324969Z,55409348
20260428,111143,1096724,IMPC,0,2210,2100,ZP,F,CC,D,3002092,3047218,2026-04-28T17:02:36.6443303Z,55409349
20260428,111144,1096768,IMPC,0,2210,500,ZP,F,XC,D,3002092,3047403,2026-04-28T17:02:36.644544141Z,55409393
20260428,111206,1098519,IMPC,0,2220,20000,PD,D,YP,D,3051442,3037776,2026-04-28T17:02:36.647975758Z,55411145
20260428,111208,1098624,IMPC,0,2220,1400,XL,D,YP,D,3051714,3037776,2026-04-28T17:02:36.648465234Z,55411250
20260428,111208,1098625,IMPC,0,2220,2500,XL,D,XL,D,3051714,3037990,2026-04-28T17:02:36.648469557Z,55411251
20260428,111208,1098626,IMPC,0,2220,100,XL,D,XC,D,3051714,3039137,2026-04-28T17:02:36.64847373Z,55411252
20260428,111208,1098627,IMPC,0,2220,2000,XL,D,XL,D,3051714,3039368,2026-04-28T17:02:36.648478148Z,55411253
20260428,111208,1098628,IMPC,0,2220,200,XL,D,AK,F,3051714,3042461,2026-04-28T17:02:36.648482518Z,55411254
20260428,111208,1098629,IMPC,0,2220,3400,XL,D,AK,F,3051714,3044291,2026-04-28T17:02:36.648487075Z,55411255
20260428,111208,1098630,IMPC,0,2220,1000,XL,D,PD,D,3051714,3045299,2026-04-28T17:02:36.64849188Z,55411256
20260428,111208,1098631,IMPC,0,2220,2200,XL,D,BK,F,3051714,3045333,2026-04-28T17:02:36.648496253Z,55411257
20260428,111208,1098632,IMPC,0,2220,500,XL,D,YU,F,3051714,3047141,2026-04-28T17:02:36.648500761Z,55411258
20260428,111209,1098796,IMPC,0,2220,2000,YP,D,YU,F,3052044,3047141,2026-04-28T17:02:36.649329078Z,55411423
20260428,111211,1098901,IMPC,0,2220,1000,XL,D,YU,F,3052366,3047141,2026-04-28T17:02:36.650302708Z,55411528
20260428,111236,1100442,IMPC,0,2220,2300,XL,D,YU,F,3057396,3047141,2026-04-28T17:02:36.655270192Z,55413069
20260428,111236,1100443,IMPC,0,2220,500,XL,D,XL,D,3057396,3047446,2026-04-28T17:02:36.655274294Z,55413070
20260428,111236,1100444,IMPC,0,2220,500,XL,D,XL,D,3057396,3048943,2026-04-28T17:02:36.655278433Z,55413071
20260428,111236,1100445,IMPC,0,2220,500,XL,D,XC,D,3057396,3048996,2026-04-28T17:02:36.655282526Z,55413072
20260428,111236,1100446,IMPC,0,2220,2500,XL,D,XL,D,3057396,3049529,2026-04-28T17:02:36.655286674Z,55413073
20260428,111236,1100447,IMPC,0,2220,500,XL,D,XL,D,3057396,3051839,2026-04-28T17:02:36.655290775Z,55413074
20260428,111305,1101851,IMPC,0,2220,400,XL,D,XL,D,3062023,3051839,2026-04-28T17:02:36.699737535Z,55414478
20260428,111305,1101852,IMPC,0,2220,5100,XL,D,XL,D,3062023,3054529,2026-04-28T17:02:36.699740518Z,55414479
20260428,111310,1102087,IMPC,0,2210,1200,ZP,F,CC,D,3002092,3062818,2026-04-28T17:02:36.703178975Z,55414714
20260428,111310,1102088,IMPC,0,2210,1000,XL,D,CC,D,3010479,3062818,2026-04-28T17:02:36.703181724Z,55414715
20260428,111310,1102089,IMPC,0,2210,15800,YB,D,CC,D,3012303,3062818,2026-04-28T17:02:36.703184717Z,55414716
20260428,111317,1102396,IMPC,0,2220,100,XL,D,XL,D,3063979,3054529,2026-04-28T17:02:36.708073098Z,55415023
20260428,111349,1104518,IMPC,0,2220,1200,XL,D,XL,D,3069309,3054529,2026-04-28T17:02:36.732258283Z,55417145
20260428,111350,1104632,IMPC,0,2220,700,XC,D,XL,D,3069480,3054529,2026-04-28T17:02:36.741653362Z,55417259
20260428,111352,1104823,IMPC,0,2210,400,YB,D,XL,D,3012303,3069909,2026-04-28T17:02:36.751646347Z,55417450
20260428,111409,1106412,IMPC,0,2210,300,YB,D,PD,D,3012303,3073267,2026-04-28T17:02:36.785937207Z,55419039
20260428,111409,1106413,IMPC,0,2210,100,PD,D,PD,D,3015869,3073267,2026-04-28T17:02:36.785940699Z,55419040
20260428,111409,1106414,IMPC,0,2210,2000,YP,D,PD,D,3017449,3073267,2026-04-28T17:02:36.785944178Z,55419041
20260428,111409,1106415,IMPC,0,2210,500,YP,D,PD,D,3020276,3073267,2026-04-28T17:02:36.785947654Z,55419042
20260428,111409,1106416,IMPC,0,2210,100,ZP,F,PD,D,3023501,3073267,2026-04-28T17:02:36.785951161Z,55419043
20260428,111409,1106417,IMPC,0,2210,100,ZP,F,PD,D,3024238,3073267,2026-04-28T17:02:36.785954785Z,55419044
20260428,111409,1106418,IMPC,0,2210,500,SQ,D,PD,D,3027296,3073267,2026-04-28T17:02:36.785958368Z,55419045
20260428,111409,1106419,IMPC,0,2210,1000,YJ,D,PD,D,3034318,3073267,2026-04-28T17:02:36.785961979Z,55419046
20260428,111419,1107459,IMPC,0,2210,300,XL,D,DH,D,3044420,3075355,2026-04-28T17:02:36.821545079Z,55420087
20260428,111421,1107648,IMPC,0,2210,200,XL,D,IF,D,3044420,3075785,2026-04-28T17:02:36.827353921Z,55420276
20260428,111421,1107649,IMPC,0,2210,2200,XL,D,IF,D,3047038,3075785,2026-04-28T17:02:36.827524641Z,55420277
20260428,111421,1107650,IMPC,0,2210,100,ZP,F,IF,D,3047084,3075785,2026-04-28T17:02:36.827528397Z,55420278
20260428,111421,1107651,IMPC,0,2210,30000,YP,D,IF,D,3047226,3075785,2026-04-28T17:02:36.82759106Z,55420279
20260428,111421,1107652,IMPC,0,2210,3700,ZP,F,IF,D,3047302,3075785,2026-04-28T17:02:36.827664932Z,55420280
20260428,111421,1107653,IMPC,0,2210,1500,AI,D,IF,D,3047681,3075785,2026-04-28T17:02:36.827765492Z,55420281
20260428,111421,1107654,IMPC,0,2210,10000,PD,D,IF,D,3051446,3075785,2026-04-28T17:02:36.827891622Z,55420282
20260428,111421,1107655,IMPC,0,2210,10000,CP,D,IF,D,3056083,3075785,2026-04-28T17:02:36.82795267Z,55420283
20260428,111421,1107656,IMPC,0,2210,1000,XL,D,IF,D,3060972,3075785,2026-04-28T17:02:36.828063241Z,55420284
20260428,111421,1107657,IMPC,0,2210,200,AG,D,IF,D,3062357,3075785,2026-04-28T17:02:36.828068236Z,55420285
20260428,111421,1107658,IMPC,0,2210,3700,ZP,F,IF,D,3062931,3075785,2026-04-28T17:02:36.828073573Z,55420286
20260428,111435,1108846,IMPC,0,2200,200,HD,F,XL,D,3000161,3078610,2026-04-28T17:02:36.867177748Z,55421474
20260428,111446,1109641,IMPC,0,2200,10100,HD,F,CP,D,3000161,3080654,2026-04-28T17:02:36.903995307Z,55422269
20260428,111446,1109642,IMPC,0,2200,10000,PD,D,CP,D,3001922,3080654,2026-04-28T17:02:36.903998675Z,55422270
20260428,111446,1109643,IMPC,0,2200,1000,XL,D,CP,D,3011406,3080654,2026-04-28T17:02:36.904004771Z,55422271
20260428,111446,1109644,IMPC,0,2200,5000,GR,D,CP,D,3023266,3080654,2026-04-28T17:02:36.904008165Z,55422272
20260428,111446,1109645,IMPC,0,2200,100,XL,D,CP,D,3023955,3080654,2026-04-28T17:02:36.904027193Z,55422273
20260428,111446,1109646,IMPC,0,2200,3800,XL,D,CP,D,3024182,3080654,2026-04-28T17:02:36.904149268Z,55422274
20260428,111447,1109701,IMPC,0,2210,700,XL,D,IF,D,3080868,3075785,2026-04-28T17:02:36.907352019Z,55422329
20260428,111501,1110697,IMPC,0,2200,300,XL,D,XL,D,3024182,3083434,2026-04-28T17:02:36.968700831Z,55423325
20260428,111501,1110698,IMPC,0,2200,100,XL,D,XL,D,3024786,3083434,2026-04-28T17:02:36.96870632Z,55423326
20260428,111501,1110699,IMPC,0,2200,2000,XL,D,XL,D,3043804,3083434,2026-04-28T17:02:36.968721554Z,55423327
20260428,111501,1110700,IMPC,0,2200,1000,XL,D,XL,D,3061385,3083434,2026-04-28T17:02:36.969040609Z,55423328
20260428,111501,1110701,IMPC,0,2200,1100,XL,D,XL,D,3065480,3083434,2026-04-28T17:02:36.969045969Z,55423329
20260428,111511,1111365,IMPC,0,2200,1200,XL,D,XL,D,3065480,3085289,2026-04-28T17:02:37.007723639Z,55423993
20260428,111511,1111366,IMPC,0,2200,7900,CC,F,XL,D,3077041,3085289,2026-04-28T17:02:37.007833528Z,55423994
20260428,111511,1111367,IMPC,0,2200,11900,CC,F,XL,D,3077954,3085289,2026-04-28T17:02:37.007940727Z,55423995
20260428,111511,1111368,IMPC,0,2200,100,ZP,F,XL,D,3080109,3085289,2026-04-28T17:02:37.007945286Z,55423996
20260428,111511,1111369,IMPC,0,2200,300,AG,D,XL,D,3081332,3085289,2026-04-28T17:02:37.007948969Z,55423997
20260428,111511,1111370,IMPC,0,2200,600,XL,D,XL,D,3081663,3085289,2026-04-28T17:02:37.007954001Z,55423998
20260428,111511,1111371,IMPC,0,2200,100,BQ,D,XL,D,3083096,3085289,2026-04-28T17:02:37.007958687Z,55423999
20260428,111511,1111373,IMPC,0,2200,17300,CC,F,XL,D,3085294,3085289,2026-04-28T17:02:37.008128079Z,55424001
20260428,111548,1113645,IMPC,0,2200,1500,XC,D,CC,D,3088954,3091635,2026-04-28T17:02:37.125201326Z,55426274
20260428,111548,1113646,IMPC,0,2200,3100,CC,F,CC,D,3089167,3091635,2026-04-28T17:02:37.125305815Z,55426275
20260428,111552,1113944,IMPC,0,2210,500,XL,D,IF,D,3092402,3075785,2026-04-28T17:02:37.132093832Z,55426573
20260428,111553,1114089,IMPC,0,2210,1800,XL,D,IF,D,3092603,3075785,2026-04-28T17:02:37.137902212Z,55426718
20260428,111554,1114154,IMPC,0,2200,2900,CC,F,XC,D,3089167,3092833,2026-04-28T17:02:37.142037947Z,55426783
20260428,111554,1114155,IMPC,0,2200,1700,YP,D,XC,D,3090210,3092833,2026-04-28T17:02:37.142129663Z,55426784
20260428,111555,1114177,IMPC,0,2200,300,YP,D,XL,D,3090210,3092934,2026-04-28T17:02:37.14393808Z,55426806
20260428,111555,1114178,IMPC,0,2200,200,XC,D,XL,D,3090267,3092934,2026-04-28T17:02:37.1440427Z,55426807
20260428,111556,1114231,IMPC,0,2200,2300,CC,F,XL,D,3093139,3092934,2026-04-28T17:02:37.146815224Z,55426860
20260428,111643,1116876,IMPC,0,2200,300,CC,F,XL,D,3093139,3101047,2026-04-28T17:02:37.201156905Z,55429505
20260428,111718,1119096,IMPC,0,2210,1400,XL,D,IF,D,3107194,3075785,2026-04-28T17:02:37.24970047Z,55431725
20260428,111757,1121161,IMPC,0,2210,300,CC,F,IF,D,3113509,3075785,2026-04-28T17:02:37.274783127Z,55433790
20260428,111819,1122894,IMPC,0,2200,10000,LG,D,XL,D,3110990,3117300,2026-04-28T17:02:37.292190021Z,55435524
20260428,111819,1122895,IMPC,0,2200,33000,BK,F,XL,D,3111349,3117300,2026-04-28T17:02:37.292209388Z,55435525
20260428,111819,1122896,IMPC,0,2200,7900,CC,F,XL,D,3111362,3117300,2026-04-28T17:02:37.292241983Z,55435526
20260428,111819,1122897,IMPC,0,2200,3600,ZP,F,XL,D,3111416,3117300,2026-04-28T17:02:37.292246733Z,55435527
20260428,111819,1122898,IMPC,0,2200,1400,CC,F,XL,D,3111482,3117300,2026-04-28T17:02:37.292251533Z,55435528
20260428,111819,1122899,IMPC,0,2200,800,CC,F,XL,D,3111487,3117300,2026-04-28T17:02:37.292285356Z,55435529
20260428,111819,1122900,IMPC,0,2200,300,CC,F,XL,D,3115694,3117300,2026-04-28T17:02:37.292585845Z,55435530
20260428,111819,1122901,IMPC,0,2200,1000,AG,D,XL,D,3116429,3117300,2026-04-28T17:02:37.292589488Z,55435531
20260428,111819,1122902,IMPC,0,2200,2000,CC,F,XL,D,3117305,3117300,2026-04-28T17:02:37.292593256Z,55435532
20260428,111819,1122903,IMPC,0,2200,3500,CC,F,HD,F,3117305,3117301,2026-04-28T17:02:37.292615987Z,55435533
20260428,111827,1123481,IMPC,0,2200,30000,CC,F,XL,D,3118400,3118385,2026-04-28T17:02:37.306928625Z,55436111
20260428,111845,1124306,IMPC,0,2200,300,YB,D,CP,D,3118863,3121240,2026-04-28T17:02:37.322644352Z,55436936
20260428,111845,1124307,IMPC,0,2200,600,CC,F,CP,D,3118977,3121240,2026-04-28T17:02:37.322648075Z,55436937
20260428,111845,1124308,IMPC,0,2200,300,YP,D,CP,D,3119599,3121240,2026-04-28T17:02:37.322652934Z,55436938
20260428,111850,1124539,IMPC,0,2210,500,CC,F,IF,D,3122052,3075785,2026-04-28T17:02:37.326660968Z,55437169
20260428,111911,1126269,IMPC,0,2200,100,YP,D,XL,D,3119599,3125362,2026-04-28T17:02:37.36022671Z,55438899
20260428,111916,1126538,IMPC,0,2210,1000,XL,D,IF,D,3126125,3075785,2026-04-28T17:02:37.380031725Z,55439169
20260428,111933,1127550,IMPC,0,2200,1600,YP,D,AK,F,3119599,3128984,2026-04-28T17:02:37.420229005Z,55440181
20260428,111933,1127551,IMPC,0,2200,200,CC,F,AK,F,3120185,3128984,2026-04-28T17:02:37.420233838Z,55440182
20260428,111933,1127552,IMPC,0,2200,2000,XL,D,AK,F,3120834,3128984,2026-04-28T17:02:37.420754047Z,55440183
20260428,111944,1128214,IMPC,0,2210,2500,XL,D,IF,D,3130761,3075785,2026-04-28T17:02:37.461402922Z,55440845
20260428,111947,1128407,IMPC,0,2210,100,CC,F,IF,D,3131315,3075785,2026-04-28T17:02:37.493286227Z,55441038
20260428,112021,1130354,IMPC,0,2210,200,XL,D,IF,D,3137064,3075785,2026-04-28T17:02:37.529323515Z,55442987
20260428,112025,1130530,IMPC,0,2200,4000,XL,D,YP,D,3120834,3137616,2026-04-28T17:02:37.531183221Z,55443163
20260428,112028,1130673,IMPC,0,2210,100,CC,F,IF,D,3138020,3075785,2026-04-28T17:02:37.53681254Z,55443306
20260428,112101,1132852,IMPC,0,2210,1000,PD,D,IF,D,3143839,3075785,2026-04-28T17:02:37.631069351Z,55445485
20260428,112105,1133042,IMPC,0,2210,100,CC,F,IF,D,3144496,3075785,2026-04-28T17:02:37.644576861Z,55445675
20260428,112105,1133045,IMPC,0,2210,100,CC,F,IF,D,3144532,3075785,2026-04-28T17:02:37.644587918Z,55445678
20260428,112106,1133061,IMPC,0,2210,1000,PD,D,IF,D,3144648,3075785,2026-04-28T17:02:37.648545995Z,55445694
20260428,112136,1134626,IMPC,0,2200,3000,XL,D,XL,D,3120834,3149798,2026-04-28T17:02:37.684676625Z,55447259
20260428,112137,1134690,IMPC,0,2220,800,CC,F,XL,D,3149919,3054529,2026-04-28T17:02:37.684975394Z,55447323
20260428,112206,1136279,IMPC,0,2220,800,CC,F,XL,D,3154440,3054529,2026-04-28T17:02:37.722609757Z,55448912
20260428,112423,1144941,IMPC,0,2220,26700,BK,F,XL,D,3176731,3054529,2026-04-28T17:02:37.862534882Z,55457575
20260428,112423,1144942,IMPC,0,2220,500,BK,F,LG,D,3176731,3057062,2026-04-28T17:02:37.862537543Z,55457576
20260428,112423,1144943,IMPC,0,2220,200,BK,F,XL,D,3176731,3058907,2026-04-28T17:02:37.862540215Z,55457577
20260428,112423,1144944,IMPC,0,2220,1700,BK,F,CC,D,3176731,3067290,2026-04-28T17:02:37.862542866Z,55457578
20260428,112423,1144945,IMPC,0,2220,1100,BK,F,YB,D,3176731,3068076,2026-04-28T17:02:37.862545518Z,55457579
20260428,112423,1144946,IMPC,0,2220,600,BK,F,EP,D,3176731,3068533,2026-04-28T17:02:37.862548202Z,55457580
20260428,112423,1144947,IMPC,0,2220,600,BK,F,XL,D,3176731,3081868,2026-04-28T17:02:37.862550889Z,55457581
20260428,112423,1144948,IMPC,0,2220,5000,BK,F,PD,D,3176731,3091991,2026-04-28T17:02:37.862553577Z,55457582
20260428,112423,1144949,IMPC,0,2220,1500,BK,F,XL,D,3176731,3093070,2026-04-28T17:02:37.862556243Z,55457583
20260428,112423,1144950,IMPC,0,2220,4600,BK,F,XL,D,3176731,3117010,2026-04-28T17:02:37.86255891Z,55457584
20260428,112423,1144951,IMPC,0,2220,100,BK,F,PD,D,3176731,3118613,2026-04-28T17:02:37.86256171Z,55457585
20260428,112423,1144952,IMPC,0,2220,2800,BK,F,CC,D,3176731,3127239,2026-04-28T17:02:37.862564387Z,55457586
20260428,112423,1144953,IMPC,0,2220,5000,BK,F,PD,D,3176731,3137496,2026-04-28T17:02:37.862567084Z,55457587
20260428,112423,1144954,IMPC,0,2220,1000,BK,F,XC,D,3176731,3140856,2026-04-28T17:02:37.862569742Z,55457588
20260428,112423,1144955,IMPC,0,2220,3100,BK,F,AK,F,3176731,3148696,2026-04-28T17:02:37.862572407Z,55457589
20260428,112423,1144956,IMPC,0,2220,300,BK,F,AK,F,3176731,3151637,2026-04-28T17:02:37.862648312Z,55457590
20260428,112423,1144957,IMPC,0,2220,10000,BK,F,DR,D,3176731,3157469,2026-04-28T17:02:37.862651295Z,55457591
20260428,112423,1144958,IMPC,0,2220,14600,BK,F,XC,D,3176731,3158110,2026-04-28T17:02:37.862653962Z,55457592
20260428,112423,1144959,IMPC,0,2220,3800,BK,F,AK,F,3176731,3159169,2026-04-28T17:02:37.862656719Z,55457593
20260428,112423,1144960,IMPC,0,2220,21500,BK,F,XL,D,3176731,3159633,2026-04-28T17:02:37.862659535Z,55457594
20260428,112423,1144961,IMPC,0,2220,1500,BK,F,HP,D,3176731,3160955,2026-04-28T17:02:37.862662207Z,55457595
20260428,112423,1144962,IMPC,0,2220,100,BK,F,XC,D,3176731,3161682,2026-04-28T17:02:37.862664907Z,55457596
20260428,112423,1144963,IMPC,0,2220,2100,BK,F,BK,F,3176731,3162186,2026-04-28T17:02:37.862667573Z,55457597
20260428,112423,1144964,IMPC,0,2220,3000,BK,F,CP,D,3176731,3163203,2026-04-28T17:02:37.86267025Z,55457598
20260428,112423,1144965,IMPC,0,2220,600,BK,F,AK,F,3176731,3165312,2026-04-28T17:02:37.862673029Z,55457599
20260428,112423,1144966,IMPC,0,2220,13500,BK,F,YU,F,3176731,3166492,2026-04-28T17:02:37.862675793Z,55457600
20260428,112423,1144967,IMPC,0,2220,2000,BK,F,TP,D,3176731,3170372,2026-04-28T17:02:37.862678567Z,55457601
20260428,112423,1144968,IMPC,0,2220,1300,BK,F,KK,D,3176731,3171097,2026-04-28T17:02:37.862681337Z,55457602
20260428,112423,1144969,IMPC,0,2220,400,BK,F,XL,D,3176731,3173150,2026-04-28T17:02:37.862684101Z,55457603
20260428,112423,1144972,IMPC,0,2220,3900,AK,F,AK,F,3176743,3176746,2026-04-28T17:02:37.862692324Z,55457606
20260428,112424,1145045,IMPC,0,2230,1500,CC,F,XL,D,3176969,525269,2026-04-28T17:02:37.86455397Z,55457679
20260428,112424,1145046,IMPC,0,2230,800,CC,F,XL,D,3176969,535516,2026-04-28T17:02:37.864556639Z,55457680
20260428,112432,1145619,IMPC,0,2230,2400,CC,F,XL,D,3178254,535516,2026-04-28T17:02:37.898288314Z,55458253
20260428,112521,1148535,IMPC,0,2230,400,XL,D,XL,D,3185770,535516,2026-04-28T17:02:37.933936421Z,55461169
20260428,112608,1151281,IMPC,0,2220,1500,XC,D,XC,D,3183632,3192875,2026-04-28T17:02:37.99694485Z,55463915
20260428,112608,1151282,IMPC,0,2220,20000,DR,D,XC,D,3184226,3192875,2026-04-28T17:02:37.996947797Z,55463916
20260428,112608,1151283,IMPC,0,2220,600,CC,F,XC,D,3184533,3192875,2026-04-28T17:02:37.996950576Z,55463917
20260428,112608,1151284,IMPC,0,2220,600,CC,F,XC,D,3184565,3192875,2026-04-28T17:02:37.996953246Z,55463918
20260428,112608,1151285,IMPC,0,2220,300,CC,F,XC,D,3184644,3192875,2026-04-28T17:02:37.996955946Z,55463919
20260428,112608,1151286,IMPC,0,2220,2800,XL,D,XC,D,3189732,3192875,2026-04-28T17:02:37.99695865Z,55463920
20260428,112608,1151287,IMPC,0,2220,3800,ZP,F,XC,D,3189783,3192875,2026-04-28T17:02:37.996961338Z,55463921
20260428,112608,1151288,IMPC,0,2220,100,CC,F,XC,D,3189869,3192875,2026-04-28T17:02:37.99696402Z,55463922
20260428,112608,1151289,IMPC,0,2220,500,CC,F,XC,D,3191069,3192875,2026-04-28T17:02:37.996966791Z,55463923
20260428,112708,1154647,IMPC,0,2200,300,XL,D,XL,D,3120834,3202090,2026-04-28T17:02:38.043231027Z,55467281
20260428,112708,1154649,IMPC,0,2200,100,XL,D,XL,D,3120834,3202096,2026-04-28T17:02:38.043236339Z,55467283
20260428,112820,1158424,IMPC,0,2200,1800,XL,D,GR,D,3120834,3213373,2026-04-28T17:02:38.17187538Z,55471059
20260428,112820,1158425,IMPC,0,2200,1800,XL,D,GR,D,3122444,3213373,2026-04-28T17:02:38.17188014Z,55471060
20260428,112823,1158625,IMPC,0,2210,100,XL,D,YP,D,3213891,3198895,2026-04-28T17:02:38.178800691Z,55471260
20260428,112913,1161355,IMPC,0,2200,600,XL,D,XL,D,3122444,3221326,2026-04-28T17:02:38.225745778Z,55473990
20260428,113014,1165459,IMPC,0,2200,500,XL,D,KI,D,3122444,3230716,2026-04-28T17:02:38.343490478Z,55478094
20260428,113014,1165460,IMPC,0,2200,1000,CP,D,KI,D,3132085,3230716,2026-04-28T17:02:38.343493482Z,55478095
20260428,113014,1165461,IMPC,0,2200,100,XL,D,KI,D,3135272,3230716,2026-04-28T17:02:38.343496068Z,55478096
20260428,113014,1165462,IMPC,0,2200,300,XL,D,KI,D,3150766,3230716,2026-04-28T17:02:38.343498719Z,55478097
20260428,113014,1165463,IMPC,0,2200,5700,IH,D,KI,D,3151992,3230716,2026-04-28T17:02:38.343501306Z,55478098
20260428,113057,1167657,IMPC,0,2210,200,PD,D,YP,D,3237335,3198895,2026-04-28T17:02:38.391240966Z,55480292
20260428,113108,1168872,IMPC,0,2210,9000,LG,D,YP,D,3239189,3198895,2026-04-28T17:02:38.412740651Z,55481508
20260428,113108,1168873,IMPC,0,2210,200,LG,D,AK,F,3239189,3200685,2026-04-28T17:02:38.412743129Z,55481509
20260428,113108,1168874,IMPC,0,2210,600,LG,D,AK,F,3239189,3200686,2026-04-28T17:02:38.412745649Z,55481510
20260428,113108,1168875,IMPC,0,2210,7100,LG,D,AK,F,3239189,3200695,2026-04-28T17:02:38.412748989Z,55481511
20260428,113108,1168876,IMPC,0,2210,3100,LG,D,AK,F,3239189,3209578,2026-04-28T17:02:38.412751483Z,55481512
20260428,113159,1172651,IMPC,0,2210,100,XC,D,AK,F,3248083,3209578,2026-04-28T17:02:38.499328601Z,55485289
20260428,113210,1173582,IMPC,0,2200,1000,IH,D,XL,D,3151992,3250630,2026-04-28T17:02:38.518156917Z,55486221
20260428,113227,1174792,IMPC,0,2200,2500,IH,D,AZ,D,3151992,3253822,2026-04-28T17:02:38.542022209Z,55487431
20260428,113246,1176166,IMPC,0,2200,100,IH,D,CC,D,3151992,3257512,2026-04-28T17:02:38.573767718Z,55488805
20260428,113323,1178604,IMPC,0,2210,100,CC,F,AK,F,3264629,3209578,2026-04-28T17:02:38.633492152Z,55491243
20260428,113323,1178605,IMPC,0,2210,2500,CC,F,XL,D,3264629,3213872,2026-04-28T17:02:38.63349655Z,55491244
20260428,113412,1181141,IMPC,0,2210,100,XC,D,XL,D,3272249,3215498,2026-04-28T17:02:38.694688046Z,55493780
20260428,113412,1181142,IMPC,0,2210,100,XC,D,BK,F,3272249,3216134,2026-04-28T17:02:38.694998324Z,55493781
20260428,113440,1182983,IMPC,0,2210,200,XL,D,BK,F,3276601,3216134,2026-04-28T17:02:38.726750028Z,55495622
20260428,113512,1184902,IMPC,0,2200,700,IH,D,BK,F,3151992,3281685,2026-04-28T17:02:38.77210377Z,55497541
20260428,113512,1184903,IMPC,0,2200,500,CC,D,BK,F,3153871,3281685,2026-04-28T17:02:38.772106679Z,55497542
20260428,113512,1184904,IMPC,0,2200,1000,XC,D,BK,F,3155326,3281685,2026-04-28T17:02:38.772109491Z,55497543
20260428,113523,1185602,IMPC,0,2210,500,XL,D,BK,F,3283505,3216134,2026-04-28T17:02:38.784017524Z,55498241
20260428,113526,1185775,IMPC,0,2200,400,XC,D,XC,D,3155326,3284045,2026-04-28T17:02:38.786667031Z,55498415
20260428,113540,1186481,IMPC,0,2210,100,XL,D,BK,F,3286273,3216134,2026-04-28T17:02:38.795892954Z,55499121
20260428,113549,1187709,IMPC,0,2210,300,CC,F,BK,F,3287774,3216134,2026-04-28T17:02:38.81946984Z,55500349
20260428,113550,1187755,IMPC,0,2210,300,CC,F,BK,F,3287884,3216134,2026-04-28T17:02:38.820024677Z,55500395
20260428,113625,1189808,IMPC,0,2200,1100,XC,D,KI,D,3155326,3293827,2026-04-28T17:02:38.889992557Z,55502451
20260428,113625,1189809,IMPC,0,2200,100,LG,D,KI,D,3161330,3293827,2026-04-28T17:02:38.889995233Z,55502452
20260428,113625,1189810,IMPC,0,2200,4700,XL,D,KI,D,3168060,3293827,2026-04-28T17:02:38.889997889Z,55502453
20260428,113625,1189811,IMPC,0,2200,2400,XL,D,KI,D,3169697,3293827,2026-04-28T17:02:38.890000561Z,55502454
20260428,113639,1190855,IMPC,0,2200,8100,XL,D,XL,D,3169697,3296031,2026-04-28T17:02:38.912074905Z,55503498
20260428,113715,1193127,IMPC,0,2200,700,XL,D,AK,F,3169697,3302279,2026-04-28T17:02:39.070256396Z,55505770
20260428,113715,1193133,IMPC,0,2200,3100,XL,D,AK,F,3169697,3302296,2026-04-28T17:02:39.070272979Z,55505776
20260428,113716,1193215,IMPC,0,2210,200,CC,F,BK,F,3302429,3216134,2026-04-28T17:02:39.071369378Z,55505858
20260428,113716,1193223,IMPC,0,2210,200,CC,F,BK,F,3302477,3216134,2026-04-28T17:02:39.071392837Z,55505866
20260428,113716,1193224,IMPC,0,2210,200,CC,F,AK,F,3302477,3220591,2026-04-28T17:02:39.071395646Z,55505867
20260428,113719,1193332,IMPC,0,2210,200,CC,F,AK,F,3303000,3220591,2026-04-28T17:02:39.071718818Z,55505975
20260428,113748,1195030,IMPC,0,2210,100,CC,F,AK,F,3307565,3220591,2026-04-28T17:02:39.118278173Z,55507673
20260428,113748,1195031,IMPC,0,2210,200,CC,F,AK,F,3307565,3302276,2026-04-28T17:02:39.118280827Z,55507674
20260428,113752,1195323,IMPC,0,2210,300,CC,F,AK,F,3308242,3302276,2026-04-28T17:02:39.131965796Z,55507966
20260428,113752,1195324,IMPC,0,2210,100,CC,F,XL,D,3308242,3224419,2026-04-28T17:02:39.131968479Z,55507967
20260428,113752,1195328,IMPC,0,2210,100,ZP,F,XL,D,3308277,3224419,2026-04-28T17:02:39.13197934Z,55507971
20260428,113838,1197834,IMPC,0,2210,4800,OD,D,XL,D,3315928,3224419,2026-04-28T17:02:39.155204602Z,55510477
20260428,113838,1197835,IMPC,0,2210,200,OD,D,AK,F,3315928,3226952,2026-04-28T17:02:39.155209052Z,55510478
20260428,113838,1197836,IMPC,0,2210,1000,OD,D,KI,D,3315928,3228301,2026-04-28T17:02:39.155213388Z,55510479
20260428,114004,1203203,IMPC,0,2210,400,XL,D,KI,D,3330363,3228301,2026-04-28T17:02:39.259477278Z,55515846
20260428,114010,1203448,IMPC,0,2200,4700,BK,F,CC,D,3205908,3331303,2026-04-28T17:02:39.261652844Z,55516091
20260428,114010,1203449,IMPC,0,2200,100,CC,F,CC,D,3205938,3331303,2026-04-28T17:02:39.261657284Z,55516092
20260428,114010,1203450,IMPC,0,2200,200,CC,F,CC,D,3206574,3331303,2026-04-28T17:02:39.261661168Z,55516093
20260428,114011,1203511,IMPC,0,2210,300,CC,F,KI,D,3331430,3228301,2026-04-28T17:02:39.274954804Z,55516154
20260428,114012,1203789,IMPC,0,2210,3000,OD,D,KI,D,3331620,3228301,2026-04-28T17:02:39.279173396Z,55516432
20260428,114040,1205249,IMPC,0,2200,2000,DH,D,AK,F,3210106,3336258,2026-04-28T17:02:39.297423397Z,55517892
20260428,114059,1206451,IMPC,0,2210,1000,OD,D,KI,D,3339198,3228301,2026-04-28T17:02:39.343615183Z,55519094
20260428,114130,1208660,IMPC,0,2200,300,DH,D,AK,F,3210106,3344197,2026-04-28T17:02:39.383026637Z,55521303
20260428,114130,1208661,IMPC,0,2200,3300,CP,D,AK,F,3216584,3344197,2026-04-28T17:02:39.383030647Z,55521304
20260428,115328,1244652,IMPC,0,2200,2800,CC,F,AK,F,3403075,3445310,2026-04-28T17:02:39.501810304Z,55527315
20260428,115328,1244653,IMPC,0,2200,300,CC,F,AK,F,3403245,3445310,2026-04-28T17:02:39.50181325Z,55527316
20260428,115400,1245998,IMPC,0,2200,200,CC,F,XC,D,3403245,3449406,2026-04-28T17:02:39.54151215Z,55528661
20260428,115400,1245999,IMPC,0,2200,300,MG,D,XC,D,3404551,3449406,2026-04-28T17:02:39.541514802Z,55528662
20260428,115606,1254548,IMPC,0,2200,700,MG,D,BK,F,3404551,3465110,2026-04-28T17:02:39.729735118Z,55537211
20260428,115606,1254549,IMPC,0,2200,1000,LG,D,BK,F,3407655,3465110,2026-04-28T17:02:39.729737808Z,55537212
20260428,115606,1254550,IMPC,0,2200,400,CC,F,BK,F,3407742,3465110,2026-04-28T17:02:39.729740507Z,55537213
20260428,115621,1255342,IMPC,0,2200,500,CC,F,AK,F,3407742,3466897,2026-04-28T17:02:39.748039953Z,55538005
20260428,115621,1255343,IMPC,0,2200,900,CC,F,AK,F,3407834,3466897,2026-04-28T17:02:39.748046586Z,55538006
20260428,115621,1255344,IMPC,0,2200,100,CC,D,AK,F,3409470,3466897,2026-04-28T17:02:39.748049737Z,55538007
20260428,115621,1255345,IMPC,0,2200,1000,LG,D,AK,F,3410866,3466897,2026-04-28T17:02:39.748052594Z,55538008
20260428,115621,1255346,IMPC,0,2200,1200,KK,D,AK,F,3419859,3466897,2026-04-28T17:02:39.74805557Z,55538009
20260428,115729,1259534,IMPC,0,2210,100,XL,D,BK,F,3475642,3233708,2026-04-28T17:02:39.8548073Z,55542198
20260428,115820,1262241,IMPC,0,2200,2100,KK,D,BK,F,3419859,3482799,2026-04-28T17:02:39.924254362Z,55544905
20260428,115822,1262327,IMPC,0,2210,2000,CC,F,BK,F,3483125,3233708,2026-04-28T17:02:39.924624166Z,55544991
20260428,115822,1262328,IMPC,0,2210,500,CC,F,BK,F,3483125,3238092,2026-04-28T17:02:39.924626848Z,55544992
20260428,115822,1262329,IMPC,0,2210,500,CC,F,AK,F,3483125,3250664,2026-04-28T17:02:39.924629634Z,55544993
20260428,115822,1262330,IMPC,0,2210,40700,CC,F,YU,F,3483125,3253221,2026-04-28T17:02:39.924632348Z,55544994
20260428,115822,1262331,IMPC,0,2210,100,CC,F,XC,D,3483125,3262219,2026-04-28T17:02:39.924635195Z,55544995
20260428,115822,1262332,IMPC,0,2210,600,CC,F,AK,F,3483125,3289578,2026-04-28T17:02:39.924638059Z,55544996
20260428,115822,1262333,IMPC,0,2210,1500,CC,F,AK,F,3483125,3466907,2026-04-28T17:02:39.92464103Z,55544997
20260428,115822,1262334,IMPC,0,2210,2300,CC,F,BK,F,3483125,3302955,2026-04-28T17:02:39.924643962Z,55544998
20260428,115822,1262335,IMPC,0,2210,200,CC,F,AK,F,3483125,3305407,2026-04-28T17:02:39.924646656Z,55544999
20260428,115822,1262336,IMPC,0,2210,3700,CC,F,AK,F,3483125,3312097,2026-04-28T17:02:39.924649449Z,55545000
20260428,115822,1262337,IMPC,0,2210,200,CC,F,AK,F,3483125,3314634,2026-04-28T17:02:39.924652156Z,55545001
20260428,115822,1262338,IMPC,0,2210,600,CC,F,AK,F,3483125,3323202,2026-04-28T17:02:39.92465486Z,55545002
20260428,115822,1262339,IMPC,0,2210,3100,CC,F,AK,F,3483125,3330304,2026-04-28T17:02:39.924657748Z,55545003
20260428,115822,1262340,IMPC,0,2210,5000,CC,F,XL,D,3483125,3345721,2026-04-28T17:02:39.939231565Z,55545004
20260428,115822,1262341,IMPC,0,2210,600,CC,F,AK,F,3483125,3352028,2026-04-28T17:02:39.939237746Z,55545005
20260428,115822,1262342,IMPC,0,2210,200,CC,F,AK,F,3483125,3356467,2026-04-28T17:02:39.939240855Z,55545006
20260428,115822,1262343,IMPC,0,2210,6800,CC,F,XL,D,3483125,3370196,2026-04-28T17:02:39.939243677Z,55545007
20260428,115822,1262344,IMPC,0,2210,200,CC,F,OD,D,3483125,3377495,2026-04-28T17:02:39.93924646Z,55545008
20260428,115822,1262345,IMPC,0,2210,600,CC,F,AK,F,3483125,3393249,2026-04-28T17:02:39.939249324Z,55545009
20260428,115822,1262346,IMPC,0,2210,400,CC,F,BK,F,3483125,3397381,2026-04-28T17:02:39.939252269Z,55545010
20260428,115822,1262347,IMPC,0,2210,3100,CC,F,AK,F,3483125,3398781,2026-04-28T17:02:39.939254996Z,55545011
20260428,115822,1262348,IMPC,0,2210,500,CC,F,BK,F,3483125,3399795,2026-04-28T17:02:39.939257836Z,55545012
20260428,115822,1262349,IMPC,0,2210,800,CC,F,BK,F,3483125,3408026,2026-04-28T17:02:39.939260754Z,55545013
20260428,115822,1262350,IMPC,0,2210,3100,CC,F,AK,F,3483125,3409015,2026-04-28T17:02:39.939263246Z,55545014
20260428,115822,1262351,IMPC,0,2210,200,CC,F,AK,F,3483125,3410613,2026-04-28T17:02:39.93926575Z,55545015
20260428,115822,1262352,IMPC,0,2210,200,CC,F,AK,F,3483125,3419203,2026-04-28T17:02:39.93926844Z,55545016
20260428,115822,1262353,IMPC,0,2210,500,CC,F,AK,F,3483125,3424572,2026-04-28T17:02:39.939271086Z,55545017
20260428,115822,1262354,IMPC,0,2210,500,CC,F,AK,F,3483125,3453458,2026-04-28T17:02:39.939273741Z,55545018
20260428,115822,1262355,IMPC,0,2210,5100,CC,F,XL,D,3483125,3468316,2026-04-28T17:02:39.939276364Z,55545019
20260428,115822,1262356,IMPC,0,2210,50000,CC,F,XC,D,3483125,3471788,2026-04-28T17:02:39.939279047Z,55545020
20260428,115822,1262357,IMPC,0,2210,3400,CC,F,AK,F,3483125,3475482,2026-04-28T17:02:39.939281696Z,55545021
20260428,115822,1262358,IMPC,0,2210,200,CC,F,XL,D,3483125,3478993,2026-04-28T17:02:39.939284242Z,55545022
20260428,115822,1262359,IMPC,0,2210,2600,CC,F,YP,D,3483125,3482676,2026-04-28T17:02:39.93928683Z,55545023
20260428,115824,1262460,IMPC,0,2220,200,CC,F,XL,D,3483359,3197006,2026-04-28T17:02:39.93956222Z,55545124
20260428,115824,1262461,IMPC,0,2220,600,CC,F,XL,D,3483359,3197417,2026-04-28T17:02:39.93956532Z,55545125
20260428,115824,1262462,IMPC,0,2220,1500,CC,F,PD,D,3483359,3198836,2026-04-28T17:02:39.939567827Z,55545126
20260428,115824,1262494,IMPC,0,2220,2300,CC,F,PD,D,3483476,3198836,2026-04-28T17:02:39.939657842Z,55545158
20260428,115825,1262515,IMPC,0,2220,2700,CC,F,PD,D,3483488,3198836,2026-04-28T17:02:39.940824003Z,55545179
20260428,115930,1266566,IMPC,0,2220,6500,XL,D,PD,D,3493078,3198836,2026-04-28T17:02:40.080299363Z,55549231
20260428,115955,1268879,IMPC,0,2220,500,YP,D,PD,D,3497872,3198836,2026-04-28T17:02:40.11741323Z,55551544
20260428,133002,1269635,IMPC,0,2220,1000,SQ,D,PD,D,3500005,3198836,2026-04-28T17:02:40.139844923Z,55552300
20260428,133002,1271346,IMPC,0,2220,100,ZP,D,PD,D,3504697,3198836,2026-04-28T17:02:40.188068648Z,55554011
20260428,133002,1271931,IMPC,0,2220,2000,TP,D,PD,D,3506077,3198836,2026-04-28T17:02:40.202887227Z,55554596
20260428,133002,1272085,IMPC,0,2220,16700,XL,D,PD,D,3506653,3198836,2026-04-28T17:02:40.209119478Z,55554750
20260428,133002,1272086,IMPC,0,2220,1300,XL,D,KK,D,3506653,3228462,2026-04-28T17:02:40.209185877Z,55554751
20260428,133002,1272087,IMPC,0,2220,2000,XL,D,TP,D,3506653,3270218,2026-04-28T17:02:40.209188905Z,55554752
20260428,133002,1272088,IMPC,0,2220,1500,XL,D,PD,D,3506653,3351651,2026-04-28T17:02:40.209191761Z,55554753
20260428,133002,1272089,IMPC,0,2220,100,XL,D,AZ,D,3506653,3447976,2026-04-28T17:02:40.209374043Z,55554754
20260428,133002,1272090,IMPC,0,2220,500,XL,D,AK,F,3506653,3483141,2026-04-28T17:02:40.209378045Z,55554755
20260428,133002,1272091,IMPC,0,2220,3700,XL,D,AK,F,3506653,3483143,2026-04-28T17:02:40.209380962Z,55554756
20260428,133002,1272092,IMPC,0,2220,400,XL,D,XL,D,3506653,3483377,2026-04-28T17:02:40.209487846Z,55554757
20260428,133002,1272093,IMPC,0,2220,1600,XL,D,AT,D,3506653,3484799,2026-04-28T17:02:40.209492992Z,55554758
20260428,133002,1272094,IMPC,0,2220,200,XL,D,AK,F,3506653,3485165,2026-04-28T17:02:40.209496101Z,55554759
20260428,133002,1272095,IMPC,0,2220,2000,XL,D,BK,F,3506653,3501078,2026-04-28T17:02:40.209499186Z,55554760
20260428,133003,1273747,IMPC,0,2220,700,XL,D,BK,F,3513210,3501078,2026-04-28T17:02:40.272321957Z,55556412
20260428,133004,1281254,IMPC,0,2220,400,XL,D,EP,D,3536544,3507744,2026-04-28T17:02:40.546285525Z,55563924
20260428,133004,1281549,IMPC,0,2220,2300,XL,D,YP,D,3537374,3515708,2026-04-28T17:02:40.554927595Z,55564219
20260428,133004,1281550,IMPC,0,2220,1000,XL,D,AK,F,3537374,3526262,2026-04-28T17:02:40.554931307Z,55564220
20260428,133004,1285924,IMPC,0,2220,900,XL,D,AK,F,3550492,3526262,2026-04-28T17:02:40.644235157Z,55568596
20260428,133004,1285925,IMPC,0,2220,300,XL,D,AK,F,3550492,3526867,2026-04-28T17:02:40.644238872Z,55568597
20260428,133004,1285926,IMPC,0,2220,14500,XL,D,CC,F,3550492,3531300,2026-04-28T17:02:40.644242334Z,55568598
20260428,133118,1301937,IMPC,0,2210,2400,XL,D,XL,D,3528618,3587041,2026-04-28T17:02:41.007058102Z,55584612
20260428,133118,1301938,IMPC,0,2210,2300,XL,D,XL,D,3529596,3587041,2026-04-28T17:02:41.007238545Z,55584613
20260428,133118,1301939,IMPC,0,2210,100,PD,D,XL,D,3543650,3587041,2026-04-28T17:02:41.00730835Z,55584614
20260428,133118,1301940,IMPC,0,2210,1500,XL,D,XL,D,3550112,3587041,2026-04-28T17:02:41.007311155Z,55584615
20260428,133118,1301941,IMPC,0,2210,800,CC,D,XL,D,3557511,3587041,2026-04-28T17:02:41.007314078Z,55584616
20260428,133118,1301965,IMPC,0,2220,700,PD,D,XL,D,3587123,3539977,2026-04-28T17:02:41.007999408Z,55584640
20260428,133118,1301966,IMPC,0,2220,1500,PD,D,XC,D,3587123,3543911,2026-04-28T17:02:41.008002434Z,55584641
20260428,133118,1301967,IMPC,0,2220,17800,PD,D,CC,D,3587123,3550789,2026-04-28T17:02:41.008023597Z,55584642
20260428,133133,1303940,IMPC,0,2220,5000,PD,D,CC,D,3590800,3550789,2026-04-28T17:02:41.049779033Z,55586616
20260428,133136,1304135,IMPC,0,2220,300,XL,D,CC,D,3591463,3550789,2026-04-28T17:02:41.052278039Z,55586811
20260428,133154,1305659,IMPC,0,2220,55000,XL,D,CC,D,3595027,3550789,2026-04-28T17:02:41.093343684Z,55588338
20260428,133154,1305662,IMPC,0,2210,900,CC,D,AK,F,3557511,3595066,2026-04-28T17:02:41.093354319Z,55588341
20260428,133154,1305672,IMPC,0,2210,2600,CC,D,AK,F,3557511,3595068,2026-04-28T17:02:41.093470001Z,55588351
20260428,133156,1305731,IMPC,0,2210,400,CC,D,XL,D,3557511,3595274,2026-04-28T17:02:41.093900678Z,55588410
20260428,133221,1307330,IMPC,0,2210,300,CC,D,AK,F,3557511,3599575,2026-04-28T17:02:41.104337248Z,55590009
20260428,133221,1307331,IMPC,0,2210,1900,CC,D,AK,F,3557511,3599578,2026-04-28T17:02:41.104352364Z,55590010
20260428,133221,1307332,IMPC,0,2210,1000,CC,D,AK,F,3560224,3599578,2026-04-28T17:02:41.1043553Z,55590011
20260428,133221,1307333,IMPC,0,2210,600,YP,D,AK,F,3563897,3599578,2026-04-28T17:02:41.104358394Z,55590012
20260428,133249,1309863,IMPC,0,2210,3900,YP,D,AK,F,3563897,3604677,2026-04-28T17:02:41.154544643Z,55592545
20260428,133249,1309864,IMPC,0,2210,1400,CC,F,AK,F,3570168,3604677,2026-04-28T17:02:41.154547824Z,55592546
20260428,133249,1309865,IMPC,0,2210,1400,CC,F,AK,F,3570209,3604677,2026-04-28T17:02:41.15456573Z,55592547
20260428,133249,1309866,IMPC,0,2210,1400,CC,F,AK,F,3570237,3604677,2026-04-28T17:02:41.154568843Z,55592548
20260428,133249,1309867,IMPC,0,2210,4000,CC,F,AK,F,3572048,3604677,2026-04-28T17:02:41.154571765Z,55592549
20260428,133249,1309868,IMPC,0,2210,100,ZP,F,AK,F,3577777,3604677,2026-04-28T17:02:41.154590447Z,55592550
20260428,133249,1309869,IMPC,0,2210,200,ZP,F,AK,F,3582044,3604677,2026-04-28T17:02:41.154607246Z,55592551
20260428,133249,1309870,IMPC,0,2210,100,ZP,F,AK,F,3585331,3604677,2026-04-28T17:02:41.154610194Z,55592552
20260428,133249,1309871,IMPC,0,2210,20000,PD,D,AK,F,3587124,3604677,2026-04-28T17:02:41.154613486Z,55592553
20260428,133249,1309872,IMPC,0,2210,1000,CC,F,AK,F,3588157,3604677,2026-04-28T17:02:41.154636541Z,55592554
20260428,133249,1309873,IMPC,0,2210,1100,CC,F,AK,F,3588179,3604677,2026-04-28T17:02:41.154639549Z,55592555
20260428,133249,1309874,IMPC,0,2210,1100,CC,F,AK,F,3588185,3604677,2026-04-28T17:02:41.154642459Z,55592556
20260428,133249,1309875,IMPC,0,2210,2500,XL,D,AK,F,3593240,3604677,2026-04-28T17:02:41.154664672Z,55592557
20260428,133249,1309876,IMPC,0,2210,50000,XL,D,AK,F,3593649,3604677,2026-04-28T17:02:41.154692831Z,55592558
20260428,133249,1309877,IMPC,0,2210,3600,ZP,F,AK,F,3593717,3604677,2026-04-28T17:02:41.154758866Z,55592559
20260428,133249,1309878,IMPC,0,2210,1300,CC,F,AK,F,3594372,3604677,2026-04-28T17:02:41.154761858Z,55592560
20260428,133249,1309879,IMPC,0,2210,1300,CC,F,AK,F,3594385,3604677,2026-04-28T17:02:41.154764924Z,55592561
20260428,133249,1309880,IMPC,0,2210,1300,CC,F,AK,F,3594390,3604677,2026-04-28T17:02:41.154768323Z,55592562
20260428,133249,1309881,IMPC,0,2210,1200,CC,F,AK,F,3595792,3604677,2026-04-28T17:02:41.154788852Z,55592563
20260428,133249,1309882,IMPC,0,2210,1100,CC,F,AK,F,3595806,3604677,2026-04-28T17:02:41.154806756Z,55592564
20260428,133249,1309883,IMPC,0,2210,1100,CC,F,AK,F,3595815,3604677,2026-04-28T17:02:41.154809723Z,55592565
20260428,133249,1309884,IMPC,0,2210,10000,CP,D,AK,F,3597035,3604677,2026-04-28T17:02:41.154827851Z,55592566
20260428,133249,1309885,IMPC,0,2210,100,ZP,F,AK,F,3599607,3604677,2026-04-28T17:02:41.156229875Z,55592567
20260428,133249,1309886,IMPC,0,2210,14300,XL,D,AK,F,3603721,3604677,2026-04-28T17:02:41.15623416Z,55592568
20260428,133249,1309887,IMPC,0,2210,2000,KK,D,AK,F,3604651,3604677,2026-04-28T17:02:41.156237089Z,55592569
20260428,133251,1310040,IMPC,0,2210,1000,XC,D,AK,F,3605044,3604699,2026-04-28T17:02:41.157115205Z,55592722
20260428,133302,1311659,IMPC,0,2200,1700,KK,D,AK,F,3419859,3607311,2026-04-28T17:02:41.204741762Z,55594341
20260428,133302,1311660,IMPC,0,2200,2000,XL,D,AK,F,3420576,3607311,2026-04-28T17:02:41.20474443Z,55594342
20260428,133302,1311668,IMPC,0,2200,1100,XL,D,YP,D,3420576,3607334,2026-04-28T17:02:41.204765909Z,55594350
20260428,133312,1312351,IMPC,0,2200,1900,XL,D,CP,D,3420576,3609245,2026-04-28T17:02:41.211476719Z,55595033
20260428,133312,1312352,IMPC,0,2200,300,XC,D,CP,D,3421059,3609245,2026-04-28T17:02:41.211505657Z,55595034
20260428,133312,1312353,IMPC,0,2200,700,XL,D,CP,D,3477261,3609245,2026-04-28T17:02:41.211584204Z,55595035
20260428,133312,1312354,IMPC,0,2200,1000,CC,D,CP,D,3481075,3609245,2026-04-28T17:02:41.211587233Z,55595036
20260428,133312,1312355,IMPC,0,2200,1100,HD,F,CP,D,3483550,3609245,2026-04-28T17:02:41.211590385Z,55595037
20260428,133315,1312503,IMPC,0,2210,100,XL,D,AK,F,3609751,3605096,2026-04-28T17:02:41.218632782Z,55595185
20260428,133326,1313607,IMPC,0,2200,1300,HD,F,AK,F,3483550,3612054,2026-04-28T17:02:41.274250393Z,55596289
20260428,133326,1313610,IMPC,0,2200,2800,HD,F,AK,F,3483550,3612058,2026-04-28T17:02:41.274262999Z,55596292
20260428,133335,1314304,IMPC,0,2210,100,PD,D,AK,F,3613652,3605096,2026-04-28T17:02:41.325459741Z,55596987
20260428,133335,1314305,IMPC,0,2210,200,PD,D,AK,F,3613652,3605097,2026-04-28T17:02:41.325477561Z,55596988
20260428,133335,1314306,IMPC,0,2210,300,PD,D,AK,F,3613652,3605098,2026-04-28T17:02:41.325581569Z,55596989
20260428,133335,1314307,IMPC,0,2210,400,PD,D,AK,F,3613652,3605105,2026-04-28T17:02:41.325679738Z,55596990
20260428,133340,1314624,IMPC,0,2210,200,PD,D,AK,F,3614500,3605105,2026-04-28T17:02:41.348132255Z,55597307
20260428,133340,1314625,IMPC,0,2210,800,PD,D,AK,F,3614500,3605114,2026-04-28T17:02:41.348139044Z,55597308
20260428,133344,1314975,IMPC,0,2210,100,PD,D,AK,F,3615265,3605114,2026-04-28T17:02:41.365093252Z,55597658
20260428,133344,1314976,IMPC,0,2210,900,PD,D,BK,F,3615265,3605324,2026-04-28T17:02:41.365096105Z,55597659
20260428,133354,1315830,IMPC,0,2200,3800,HD,F,AK,F,3483550,3616944,2026-04-28T17:02:41.410092831Z,55598514
20260428,133428,1319513,IMPC,0,2200,2000,HD,F,AK,F,3483550,3623287,2026-04-28T17:02:41.568690981Z,55602197
20260428,133428,1319514,IMPC,0,2200,200,KK,D,AK,F,3489424,3623287,2026-04-28T17:02:41.568694762Z,55602198
20260428,133428,1319515,IMPC,0,2200,400,XC,D,AK,F,3493875,3623287,2026-04-28T17:02:41.568698622Z,55602199
20260428,133428,1319516,IMPC,0,2200,500,CC,D,AK,F,3500543,3623287,2026-04-28T17:02:41.568702173Z,55602200
20260428,133428,1319517,IMPC,0,2200,400,YB,D,AK,F,3504161,3623287,2026-04-28T17:02:41.568706127Z,55602201
20260428,133513,1323586,IMPC,0,2210,200,PD,D,BK,F,3632039,3605324,2026-04-28T17:02:41.649791147Z,55606270
20260428,133513,1323587,IMPC,0,2210,10000,PD,D,BQ,D,3632039,3606182,2026-04-28T17:02:41.649795139Z,55606271
20260428,133513,1323588,IMPC,0,2210,4700,PD,D,AZ,D,3632039,3608265,2026-04-28T17:02:41.649862729Z,55606272
20260428,133513,1323589,IMPC,0,2210,5500,PD,D,BK,F,3632039,3609703,2026-04-28T17:02:41.650011248Z,55606273
20260428,133513,1323590,IMPC,0,2210,600,PD,D,BK,F,3632039,3612536,2026-04-28T17:02:41.650014597Z,55606274
20260428,133513,1323591,IMPC,0,2210,2000,PD,D,KI,D,3632039,3614904,2026-04-28T17:02:41.650146263Z,55606275
20260428,133534,1325656,IMPC,0,2210,500,XL,D,KI,D,3636221,3614904,2026-04-28T17:02:41.710078101Z,55608340
20260428,133554,1327986,IMPC,0,2210,100,XL,D,KI,D,3640314,3614904,2026-04-28T17:02:41.755103531Z,55610671
20260428,133613,1329288,IMPC,0,2200,100,XL,D,CP,D,3643835,3641480,2026-04-28T17:02:41.759561277Z,55611974
20260428,133635,1330726,IMPC,0,2190,5100,XL,D,CP,D,2999433,3647808,2026-04-28T17:02:41.813878529Z,55613412
20260428,133635,1330738,IMPC,0,2190,4600,XL,D,XL,D,2999433,3647816,2026-04-28T17:02:41.813911432Z,55613424
20260428,133635,1330742,IMPC,0,2190,300,XL,D,XL,D,2999433,3647820,2026-04-28T17:02:41.814246271Z,55613428
20260428,133635,1330743,IMPC,0,2190,1800,CP,D,XL,D,3000646,3647820,2026-04-28T17:02:41.814398317Z,55613429
20260428,133635,1330759,IMPC,0,2200,4900,PD,D,CP,D,3647865,3641480,2026-04-28T17:02:41.814868575Z,55613445
20260428,133635,1330760,IMPC,0,2200,2100,PD,D,BK,F,3647865,3641591,2026-04-28T17:02:41.814871317Z,55613446
20260428,133635,1330761,IMPC,0,2200,1800,PD,D,BK,F,3647865,3641640,2026-04-28T17:02:41.81487418Z,55613447
20260428,133635,1330762,IMPC,0,2200,3500,PD,D,AK,F,3647865,3641645,2026-04-28T17:02:41.814876901Z,55613448
20260428,133635,1330763,IMPC,0,2200,5400,PD,D,AK,F,3647865,3641646,2026-04-28T17:02:41.814879692Z,55613449
20260428,133635,1330764,IMPC,0,2200,2100,PD,D,AK,F,3647865,3641648,2026-04-28T17:02:41.815078283Z,55613450
20260428,133635,1330765,IMPC,0,2200,2600,PD,D,AK,F,3647865,3641652,2026-04-28T17:02:41.81508281Z,55613451
20260428,133635,1330766,IMPC,0,2200,200,PD,D,AK,F,3647865,3643485,2026-04-28T17:02:41.815085994Z,55613452
20260428,133635,1330767,IMPC,0,2200,2400,PD,D,AK,F,3647865,3643486,2026-04-28T17:02:41.815088853Z,55613453
20260428,133723,1334649,IMPC,0,2200,500,XL,D,AK,F,3657199,3643486,2026-04-28T17:02:41.852922957Z,55617335
20260428,133751,1338356,IMPC,0,2190,8200,CP,D,AK,F,3000646,3662525,2026-04-28T17:02:41.947663001Z,55621043
20260428,133751,1338357,IMPC,0,2190,100,XL,D,AK,F,3007742,3662525,2026-04-28T17:02:41.947665724Z,55621044
20260428,133751,1338358,IMPC,0,2190,200,XL,D,AK,F,3015640,3662525,2026-04-28T17:02:41.947668408Z,55621045
20260428,133751,1338359,IMPC,0,2190,100,XL,D,AK,F,3021722,3662525,2026-04-28T17:02:41.947671125Z,55621046
20260428,133751,1338360,IMPC,0,2190,1000,XL,D,AK,F,3050363,3662525,2026-04-28T17:02:41.947673835Z,55621047
20260428,133751,1338361,IMPC,0,2190,1500,XL,D,AK,F,3065916,3662525,2026-04-28T17:02:41.947676556Z,55621048
20260428,133751,1338362,IMPC,0,2190,2000,XL,D,AK,F,3078023,3662525,2026-04-28T17:02:41.947679244Z,55621049
20260428,133751,1338363,IMPC,0,2190,300,AG,D,AK,F,3082750,3662525,2026-04-28T17:02:41.947681904Z,55621050
20260428,133751,1338364,IMPC,0,2190,300,AG,D,AK,F,3089113,3662525,2026-04-28T17:02:41.947684562Z,55621051
20260428,133751,1338365,IMPC,0,2190,100,XL,D,AK,F,3094874,3662525,2026-04-28T17:02:41.947687225Z,55621052
20260428,133751,1338366,IMPC,0,2190,1500,CP,D,AK,F,3106872,3662525,2026-04-28T17:02:41.947689909Z,55621053
20260428,133751,1338367,IMPC,0,2190,60000,YP,D,AK,F,3119120,3662525,2026-04-28T17:02:41.947692581Z,55621054
20260428,133751,1338368,IMPC,0,2190,3800,XL,D,AK,F,3119304,3662525,2026-04-28T17:02:41.947696014Z,55621055
20260428,133751,1338369,IMPC,0,2190,1400,YP,D,AK,F,3149820,3662525,2026-04-28T17:02:41.947698772Z,55621056
20260428,133751,1338370,IMPC,0,2190,100,XL,D,AK,F,3167270,3662525,2026-04-28T17:02:41.947701521Z,55621057
20260428,133751,1338371,IMPC,0,2190,100,XL,D,AK,F,3188398,3662525,2026-04-28T17:02:41.947704191Z,55621058
20260428,133751,1338372,IMPC,0,2190,200,PD,D,AK,F,3226720,3662525,2026-04-28T17:02:41.947706944Z,55621059
20260428,133751,1338373,IMPC,0,2190,300,TP,D,AK,F,3228187,3662525,2026-04-28T17:02:41.947709605Z,55621060
20260428,133751,1338374,IMPC,0,2190,2000,PD,D,AK,F,3228280,3662525,2026-04-28T17:02:41.947712271Z,55621061
20260428,133751,1338375,IMPC,0,2190,1000,XL,D,AK,F,3264703,3662525,2026-04-28T17:02:41.94771494Z,55621062
20260428,133751,1338376,IMPC,0,2190,4600,XL,D,AK,F,3338885,3662525,2026-04-28T17:02:41.947717723Z,55621063
20260428,133751,1338377,IMPC,0,2190,5000,CC,D,AK,F,3346242,3662525,2026-04-28T17:02:41.947720511Z,55621064
20260428,133751,1338378,IMPC,0,2190,4500,CC,D,AK,F,3353784,3662525,2026-04-28T17:02:41.947723256Z,55621065
20260428,133751,1338379,IMPC,0,2190,100,YP,D,AK,F,3358151,3662525,2026-04-28T17:02:41.947726037Z,55621066
20260428,133751,1338380,IMPC,0,2190,100,XL,D,AK,F,3362487,3662525,2026-04-28T17:02:41.947728796Z,55621067
20260428,133751,1338381,IMPC,0,2190,500,XL,D,AK,F,3397952,3662525,2026-04-28T17:02:41.947731566Z,55621068
20260428,133751,1338382,IMPC,0,2190,1000,XL,D,AK,F,3397976,3662525,2026-04-28T17:02:41.947734344Z,55621069
20260428,133751,1338383,IMPC,0,2190,500,XC,D,AK,F,3407880,3662525,2026-04-28T17:02:41.947737022Z,55621070
20260428,133751,1338384,IMPC,0,2190,2000,XL,D,AK,F,3411987,3662525,2026-04-28T17:02:41.947739684Z,55621071
20260428,133751,1338385,IMPC,0,2190,5000,KK,D,AK,F,3420366,3662525,2026-04-28T17:02:41.947742358Z,55621072
20260428,133751,1338386,IMPC,0,2190,300,YB,D,AK,F,3504462,3662525,2026-04-28T17:02:41.947745022Z,55621073
20260428,133751,1338387,IMPC,0,2190,200,XL,D,AK,F,3545402,3662525,2026-04-28T17:02:41.947747684Z,55621074
20260428,133751,1338388,IMPC,0,2190,500,XL,D,AK,F,3551200,3662525,2026-04-28T17:02:41.94775038Z,55621075
20260428,133751,1338389,IMPC,0,2190,3800,ZP,F,AK,F,3625250,3662525,2026-04-28T17:02:41.947753057Z,55621076
20260428,133751,1338390,IMPC,0,2190,13800,CC,F,AK,F,3625597,3662525,2026-04-28T17:02:41.947755748Z,55621077
20260428,133751,1338391,IMPC,0,2190,3500,CC,F,AK,F,3625932,3662525,2026-04-28T17:02:41.947758413Z,55621078
20260428,133751,1338392,IMPC,0,2190,3800,CC,F,AK,F,3626035,3662525,2026-04-28T17:02:41.947761065Z,55621079
20260428,133751,1338393,IMPC,0,2190,3800,CC,F,AK,F,3626036,3662525,2026-04-28T17:02:41.947763783Z,55621080
20260428,133751,1338394,IMPC,0,2190,100,ZP,F,AK,F,3635887,3662525,2026-04-28T17:02:41.947766444Z,55621081
20260428,133751,1338395,IMPC,0,2190,200,XL,D,AK,F,3645026,3662525,2026-04-28T17:02:41.947769116Z,55621082
20260428,133751,1338396,IMPC,0,2190,1200,CC,F,AK,F,3648011,3662525,2026-04-28T17:02:41.947771799Z,55621083
20260428,133751,1338397,IMPC,0,2190,100,ZP,F,AK,F,3650202,3662525,2026-04-28T17:02:41.947774456Z,55621084
20260428,133751,1338398,IMPC,0,2190,1400,XL,D,AK,F,3651751,3662525,2026-04-28T17:02:41.947777804Z,55621085
20260428,133751,1338399,IMPC,0,2190,10000,XL,D,AK,F,3653357,3662525,2026-04-28T17:02:41.947780499Z,55621086
20260428,133846,1343199,IMPC,0,2180,100,CC,D,XL,D,2982760,3672907,2026-04-28T17:02:42.058176406Z,55625888
20260428,133846,1343205,IMPC,0,2180,5000,CC,D,XL,D,2982760,3672929,2026-04-28T17:02:42.05819745Z,55625894
20260428,133937,1349030,IMPC,0,2180,2400,CC,D,XL,D,2982760,3683531,2026-04-28T17:02:42.192386707Z,55631719
20260428,133944,1349471,IMPC,0,2180,2800,CC,D,XL,D,2982760,3684736,2026-04-28T17:02:42.205895223Z,55632160
20260428,133945,1349615,IMPC,0,2190,200,XL,D,AK,F,3685003,3665748,2026-04-28T17:02:42.21153549Z,55632304
20260428,133945,1349616,IMPC,0,2190,4200,XL,D,AK,F,3685003,3665752,2026-04-28T17:02:42.211538389Z,55632305
20260428,133945,1349617,IMPC,0,2190,300,XL,D,AK,F,3685003,3665754,2026-04-28T17:02:42.211541284Z,55632306
20260428,133945,1349618,IMPC,0,2190,500,XL,D,AK,F,3685003,3665756,2026-04-28T17:02:42.211544159Z,55632307
20260428,133945,1349619,IMPC,0,2190,800,XL,D,AK,F,3685003,3665757,2026-04-28T17:02:42.211546934Z,55632308
20260428,133945,1349620,IMPC,0,2190,4000,XL,D,AK,F,3685003,3665759,2026-04-28T17:02:42.211549729Z,55632309
20260428,134006,1351342,IMPC,0,2190,300,YB,D,AK,F,3688878,3665759,2026-04-28T17:02:42.273405856Z,55634031
20260428,134028,1353852,IMPC,0,2190,200,XL,D,AK,F,3693220,3665759,2026-04-28T17:02:42.362430318Z,55636542
20260428,134028,1353853,IMPC,0,2190,1000,XL,D,KK,D,3693220,3665966,2026-04-28T17:02:42.36243301Z,55636543
20260428,134028,1353854,IMPC,0,2190,100,XL,D,XL,D,3693220,3666683,2026-04-28T17:02:42.362435712Z,55636544
20260428,134028,1353855,IMPC,0,2190,2100,XL,D,BK,F,3693220,3668898,2026-04-28T17:02:42.362438341Z,55636545
20260428,134028,1353856,IMPC,0,2190,1200,XL,D,AK,F,3693220,3672970,2026-04-28T17:02:42.362440937Z,55636546
20260428,134033,1354294,IMPC,0,2180,1200,CC,D,XL,D,2982760,3694123,2026-04-28T17:02:42.372056403Z,55636984
20260428,134110,1358057,IMPC,0,2180,5000,CC,D,CP,D,2982760,3701608,2026-04-28T17:02:42.565265072Z,55640754
20260428,134112,1358280,IMPC,0,2180,1000,CC,D,XL,D,2982760,3702095,2026-04-28T17:02:42.584079111Z,55640977
20260428,134118,1359076,IMPC,0,2180,2200,CC,D,XL,D,2982760,3703361,2026-04-28T17:02:42.630070042Z,55641773
20260428,134122,1359380,IMPC,0,2180,1200,CC,D,AK,F,2982760,3704081,2026-04-28T17:02:42.64175642Z,55642077
20260428,134249,1367686,IMPC,0,2190,2100,XL,D,AK,F,3720903,3672970,2026-04-28T17:02:42.793467274Z,55650381
20260428,134249,1367687,IMPC,0,2190,500,XL,D,AK,F,3720903,3675171,2026-04-28T17:02:42.793469906Z,55650382
20260428,134249,1367688,IMPC,0,2190,200,XL,D,AK,F,3720903,3677567,2026-04-28T17:02:42.79347261Z,55650383
20260428,134249,1367689,IMPC,0,2190,1400,XL,D,BK,F,3720903,3679705,2026-04-28T17:02:42.793475137Z,55650384
20260428,134400,1374423,IMPC,0,2180,3200,CC,D,AK,F,2982760,3733913,2026-04-28T17:02:42.919322685Z,55657118
20260428,135052,1411497,IMPC,0,2170,3100,IH,D,XL,D,3161702,3817921,2026-04-28T17:02:43.1158385Z,55664197
20260428,135154,1417621,IMPC,0,2180,1000,XL,D,HD,F,3830288,3798161,2026-04-28T17:02:43.241268971Z,55670321
20260428,135204,1418457,IMPC,0,2170,2300,IH,D,AK,F,3161702,3832299,2026-04-28T17:02:43.270889051Z,55671157
20260428,135204,1418458,IMPC,0,2170,1200,IH,D,AK,F,3161702,3832302,2026-04-28T17:02:43.270942733Z,55671158
20260428,135246,1421617,IMPC,0,2180,10600,XL,D,HD,F,3840331,3798161,2026-04-28T17:02:43.348304953Z,55674317
20260428,135246,1421618,IMPC,0,2180,3100,XL,D,BK,F,3840331,3798189,2026-04-28T17:02:43.348316441Z,55674318
20260428,135246,1421619,IMPC,0,2180,1400,XL,D,BK,F,3840331,3798317,2026-04-28T17:02:43.348333109Z,55674319
20260428,135246,1421620,IMPC,0,2180,200,XL,D,AK,F,3840331,3800971,2026-04-28T17:02:43.348336004Z,55674320
20260428,135246,1421621,IMPC,0,2180,200,XL,D,AK,F,3840331,3800972,2026-04-28T17:02:43.348351253Z,55674321
20260428,135246,1421622,IMPC,0,2180,100,XL,D,AK,F,3840331,3800973,2026-04-28T17:02:43.348354683Z,55674322
20260428,135246,1421623,IMPC,0,2180,1000,XL,D,AK,F,3840331,3832293,2026-04-28T17:02:43.348358656Z,55674323
20260428,135246,1421624,IMPC,0,2180,500,XL,D,AK,F,3840331,3800976,2026-04-28T17:02:43.348449981Z,55674324
20260428,135246,1421625,IMPC,0,2180,500,XL,D,AK,F,3840331,3800977,2026-04-28T17:02:43.348452899Z,55674325
20260428,135246,1421626,IMPC,0,2180,500,XL,D,AK,F,3840331,3800978,2026-04-28T17:02:43.348455732Z,55674326
20260428,135246,1421627,IMPC,0,2180,600,XL,D,AK,F,3840331,3800979,2026-04-28T17:02:43.348458746Z,55674327
20260428,135246,1421628,IMPC,0,2180,500,XL,D,AK,F,3840331,3800980,2026-04-28T17:02:43.348461564Z,55674328
20260428,135246,1421629,IMPC,0,2180,3700,XL,D,AK,F,3840331,3800981,2026-04-28T17:02:43.348464325Z,55674329
20260428,135246,1421630,IMPC,0,2180,600,XL,D,BK,F,3840331,3801449,2026-04-28T17:02:43.348467124Z,55674330
20260428,135246,1421631,IMPC,0,2180,800,XL,D,AK,F,3840331,3809904,2026-04-28T17:02:43.348469855Z,55674331
20260428,135249,1421789,IMPC,0,2180,3000,CC,F,AK,F,3840849,3809904,2026-04-28T17:02:43.354160738Z,55674489
20260428,135249,1421790,IMPC,0,2180,2000,CC,F,XL,D,3840849,3812933,2026-04-28T17:02:43.354163668Z,55674490
20260428,135249,1421791,IMPC,0,2180,200,CC,F,AK,F,3840849,3812975,2026-04-28T17:02:43.354166495Z,55674491
20260428,135249,1421792,IMPC,0,2180,500,CC,F,AK,F,3840849,3817354,2026-04-28T17:02:43.354169311Z,55674492
20260428,135249,1421793,IMPC,0,2180,300,CC,F,AK,F,3840849,3820141,2026-04-28T17:02:43.354172133Z,55674493
20260428,135249,1421794,IMPC,0,2180,3400,CC,F,AK,F,3840849,3823619,2026-04-28T17:02:43.354174866Z,55674494
20260428,135249,1421795,IMPC,0,2180,3500,CC,F,AK,F,3840849,3827795,2026-04-28T17:02:43.354177603Z,55674495
20260428,135249,1421796,IMPC,0,2180,3700,CC,F,AK,F,3840849,3839804,2026-04-28T17:02:43.354180344Z,55674496
20260428,135249,1421797,IMPC,0,2180,500,CC,F,AK,F,3840849,3840355,2026-04-28T17:02:43.35418311Z,55674497
20260428,135249,1421798,IMPC,0,2180,2300,CC,F,BK,F,3840849,3840544,2026-04-28T17:02:43.354185833Z,55674498
20260428,135357,1428392,IMPC,0,2180,2300,CC,F,CC,D,3846449,3854522,2026-04-28T17:02:43.505084507Z,55681093
20260428,135357,1428393,IMPC,0,2180,200,ZP,F,CC,D,3846497,3854522,2026-04-28T17:02:43.505088689Z,55681094
20260428,135357,1428399,IMPC,0,2180,1200,CC,F,AK,F,3846572,3854542,2026-04-28T17:02:43.505185482Z,55681100
20260428,135408,1429531,IMPC,0,2180,1100,CC,F,AK,F,3846572,3856869,2026-04-28T17:02:43.557206999Z,55682232
20260428,135408,1429532,IMPC,0,2180,100,CC,F,AK,F,3846638,3856869,2026-04-28T17:02:43.557209932Z,55682233
20260428,135408,1429535,IMPC,0,2180,800,CC,F,AK,F,3846638,3856877,2026-04-28T17:02:43.557258887Z,55682236
20260428,135408,1429544,IMPC,0,2180,100,CC,F,AK,F,3846638,3856906,2026-04-28T17:02:43.557703517Z,55682245
20260428,135513,1437237,IMPC,0,2180,8900,XL,D,YP,D,3870620,3868812,2026-04-28T17:02:43.753819105Z,55689945
20260428,135605,1441029,IMPC,0,2180,500,CC,D,YP,D,3880786,3868812,2026-04-28T17:02:43.847363203Z,55693737
20260428,135637,1443894,IMPC,0,2180,200,XL,D,YP,D,3886915,3868812,2026-04-28T17:02:43.885427113Z,55696602
20260428,135720,1447298,IMPC,0,2180,100,XL,D,YP,D,3895254,3868812,2026-04-28T17:02:43.98092918Z,55700006
20260428,135740,1448739,IMPC,0,2170,100,IH,D,XL,D,3161702,3898880,2026-04-28T17:02:44.043590527Z,55701448
20260428,135740,1448740,IMPC,0,2170,200,XL,D,XL,D,3299304,3898880,2026-04-28T17:02:44.043723401Z,55701449
20260428,135740,1448741,IMPC,0,2170,300,XL,D,XL,D,3339522,3898880,2026-04-28T17:02:44.043847063Z,55701450
20260428,135740,1448742,IMPC,0,2170,900,XL,D,XL,D,3369954,3898880,2026-04-28T17:02:44.044001079Z,55701451
20260428,135800,1450332,IMPC,0,2170,2000,XL,D,PD,D,3369954,3902795,2026-04-28T17:02:44.076121798Z,55703041
20260428,135807,1450709,IMPC,0,2170,2100,XL,D,XL,D,3369954,3904045,2026-04-28T17:02:44.089801108Z,55703418
20260428,135807,1450710,IMPC,0,2170,4700,KK,D,XL,D,3421274,3904045,2026-04-28T17:02:44.089804346Z,55703419
20260428,140015,1461836,IMPC,0,2170,300,KK,D,BQ,D,3421274,3932486,2026-04-28T17:02:44.423046861Z,55714546
20260428,140015,1461837,IMPC,0,2170,200,CP,D,BQ,D,3505532,3932486,2026-04-28T17:02:44.423057241Z,55714547
20260428,140035,1463904,IMPC,0,2170,100,CP,D,XL,D,3505532,3937034,2026-04-28T17:02:44.490145028Z,55716614
20260428,140036,1463917,IMPC,0,2170,1700,CP,D,AK,F,3505532,3937084,2026-04-28T17:02:44.490684241Z,55716627
20260428,140036,1463918,IMPC,0,2170,1000,XL,D,AK,F,3530015,3937084,2026-04-28T17:02:44.490687424Z,55716628
20260428,140036,1463919,IMPC,0,2170,200,XC,D,AK,F,3629136,3937084,2026-04-28T17:02:44.490690454Z,55716629
20260428,140036,1463920,IMPC,0,2170,400,XL,D,AK,F,3636725,3937084,2026-04-28T17:02:44.49071192Z,55716630
20260428,140122,1467444,IMPC,0,2180,100,ZP,F,YP,D,3945914,3868812,2026-04-28T17:02:44.533196103Z,55720155
20260428,140150,1469409,IMPC,0,2170,400,XL,D,BK,F,3767612,3951378,2026-04-28T17:02:44.558463653Z,55722122
20260428,140150,1469410,IMPC,0,2170,1800,PI,D,BK,F,3801642,3951378,2026-04-28T17:02:44.558477292Z,55722123
20260428,140154,1469689,IMPC,0,2170,5500,PI,D,XL,D,3801642,3952101,2026-04-28T17:02:44.569693818Z,55722402
20260428,140155,1469802,IMPC,0,2180,200,CC,F,YP,D,3952342,3868812,2026-04-28T17:02:44.571813364Z,55722515
20260428,140202,1470319,IMPC,0,2180,600,XL,D,YP,D,3953612,3868812,2026-04-28T17:02:44.581985634Z,55723032
20260428,140205,1470764,IMPC,0,2170,19100,PI,D,XL,D,3801642,3954318,2026-04-28T17:02:44.594744053Z,55723477
20260428,140205,1470777,IMPC,0,2170,900,PI,D,AK,F,3801642,3954330,2026-04-28T17:02:44.595462512Z,55723490
20260428,140205,1470778,IMPC,0,2170,300,PI,D,AK,F,3801642,3954331,2026-04-28T17:02:44.595475204Z,55723491
20260428,140205,1470784,IMPC,0,2170,600,PI,D,AK,F,3801642,3954338,2026-04-28T17:02:44.596820261Z,55723497
20260428,140205,1470788,IMPC,0,2170,1800,PI,D,AK,F,3801642,3954356,2026-04-28T17:02:44.596864529Z,55723501
20260428,140205,1470789,IMPC,0,2170,400,XL,D,AK,F,3804796,3954356,2026-04-28T17:02:44.597247185Z,55723502
20260428,140205,1470793,IMPC,0,2170,200,XL,D,AK,F,3804796,3954366,2026-04-28T17:02:44.598834846Z,55723506
20260428,140206,1470858,IMPC,0,2180,300,CC,F,YP,D,3954597,3868812,2026-04-28T17:02:44.605086116Z,55723571
20260428,140207,1470895,IMPC,0,2180,300,CC,F,YP,D,3954742,3868812,2026-04-28T17:02:44.607142516Z,55723608
20260428,140207,1470927,IMPC,0,2180,400,CC,F,YP,D,3954824,3868812,2026-04-28T17:02:44.609000129Z,55723640
20260428,140215,1471437,IMPC,0,2170,100,XL,D,XL,D,3804796,3956311,2026-04-28T17:02:44.628693244Z,55724150
20260428,140215,1471449,IMPC,0,2170,300,XL,D,AK,F,3804796,3956361,2026-04-28T17:02:44.629090169Z,55724162
20260428,140215,1471450,IMPC,0,2170,100,XL,D,AK,F,3805864,3956361,2026-04-28T17:02:44.629267733Z,55724163
20260428,140215,1471451,IMPC,0,2170,200,XL,D,AK,F,3807634,3956361,2026-04-28T17:02:44.629356857Z,55724164
20260428,140215,1471452,IMPC,0,2170,2000,XL,D,AK,F,3819037,3956361,2026-04-28T17:02:44.629418777Z,55724165
20260428,140215,1471453,IMPC,0,2170,1000,YP,D,AK,F,3820770,3956361,2026-04-28T17:02:44.629505571Z,55724166
20260428,140226,1473271,IMPC,0,2170,100,YP,D,XL,D,3820770,3958752,2026-04-28T17:02:44.664807915Z,55725984
20260428,140229,1473506,IMPC,0,2180,2000,XL,D,YP,D,3959306,3868812,2026-04-28T17:02:44.680889589Z,55726219
20260428,140229,1473949,IMPC,0,2170,1900,YP,D,ZP,F,3820770,3959425,2026-04-28T17:02:44.707902582Z,55726662
20260428,140229,1473950,IMPC,0,2170,1000,CC,D,ZP,F,3829438,3959425,2026-04-28T17:02:44.707905806Z,55726663
20260428,140229,1473951,IMPC,0,2170,700,PD,D,ZP,F,3834117,3959425,2026-04-28T17:02:44.710853864Z,55726664
20260428,140242,1474823,IMPC,0,2170,1800,PD,D,YP,D,3834117,3961735,2026-04-28T17:02:44.762960669Z,55727536
20260428,140412,1483096,IMPC,0,2170,2000,PD,D,XL,D,3834117,3979710,2026-04-28T17:02:44.959358432Z,55735810
20260428,140412,1483097,IMPC,0,2170,500,CP,D,XL,D,3835229,3979710,2026-04-28T17:02:44.959361467Z,55735811
20260428,140412,1483127,IMPC,0,2170,3600,CP,D,AK,F,3835229,3979776,2026-04-28T17:02:44.960960831Z,55735841
20260428,140412,1483157,IMPC,0,2170,4500,CP,D,XL,D,3835229,3979842,2026-04-28T17:02:44.962451372Z,55735871
20260428,140428,1484391,IMPC,0,2180,100,ZP,F,YP,D,3983070,3868812,2026-04-28T17:02:45.030045185Z,55737105
20260428,140458,1486863,IMPC,0,2170,1400,CP,D,BK,F,3835229,3989170,2026-04-28T17:02:45.08735143Z,55739577
20260428,140458,1486864,IMPC,0,2170,500,CC,F,BK,F,3954732,3989170,2026-04-28T17:02:45.087354932Z,55739578
20260428,140605,1492282,IMPC,0,2170,3100,CC,F,AK,F,3859874,4001839,2026-04-28T17:02:45.251263305Z,55745000
20260428,140605,1492283,IMPC,0,2170,100,CC,F,AK,F,3859874,4001840,2026-04-28T17:02:45.251270494Z,55745001
20260428,140622,1493986,IMPC,0,2170,1000,CC,F,SQ,D,3859874,4005609,2026-04-28T17:02:45.254944621Z,55746705
20260428,140703,1496838,IMPC,0,2170,3200,CC,F,AK,F,3859874,4013577,2026-04-28T17:02:45.312891531Z,55749563
20260428,140753,1500322,IMPC,0,2170,3100,CC,F,AK,F,3859874,4023120,2026-04-28T17:02:45.364858172Z,55753047
20260428,140759,1500690,IMPC,0,2170,2400,CC,F,XL,D,3859874,4024246,2026-04-28T17:02:45.372086254Z,55753415
20260428,140838,1503322,IMPC,0,2170,200,CC,F,AK,F,3859874,4031509,2026-04-28T17:02:45.472373264Z,55756047
20260428,140838,1503323,IMPC,0,2170,100,ZP,F,AK,F,3860696,4031509,2026-04-28T17:02:45.472376064Z,55756048
20260428,140838,1503324,IMPC,0,2170,500,XL,D,AK,F,3864352,4031509,2026-04-28T17:02:45.472378915Z,55756049
20260428,140838,1503325,IMPC,0,2170,100,XL,D,AK,F,3874698,4031509,2026-04-28T17:02:45.472381672Z,55756050
20260428,140838,1503326,IMPC,0,2170,100,ZP,F,AK,F,3879303,4031509,2026-04-28T17:02:45.472384351Z,55756051
20260428,140838,1503327,IMPC,0,2170,100,ZP,F,AK,F,3900820,4031509,2026-04-28T17:02:45.472387123Z,55756052
20260428,140838,1503328,IMPC,0,2170,200,XL,D,AK,F,3906760,4031509,2026-04-28T17:02:45.4723898Z,55756053
20260428,140838,1503329,IMPC,0,2170,1000,XA,D,AK,F,3912599,4031509,2026-04-28T17:02:45.472392513Z,55756054
20260428,140838,1503330,IMPC,0,2170,100,OD,D,AK,F,3945820,4031509,2026-04-28T17:02:45.472395186Z,55756055
20260428,140838,1503331,IMPC,0,2170,100,XL,D,AK,F,3947807,4031509,2026-04-28T17:02:45.472397855Z,55756056
20260428,140838,1503332,IMPC,0,2170,900,XL,D,AK,F,3975804,4031509,2026-04-28T17:02:45.472400542Z,55756057
20260428,140838,1503337,IMPC,0,2170,1500,YP,D,BK,F,3995210,4031536,2026-04-28T17:02:45.472415265Z,55756062
20260428,140838,1503338,IMPC,0,2170,100,XC,D,BK,F,3997553,4031536,2026-04-28T17:02:45.472418052Z,55756063
20260428,140838,1503339,IMPC,0,2170,200,CC,F,BK,F,3999336,4031536,2026-04-28T17:02:45.472420945Z,55756064
20260428,140838,1503340,IMPC,0,2170,1000,CP,D,BK,F,4000960,4031536,2026-04-28T17:02:45.472423745Z,55756065
20260428,140838,1503341,IMPC,0,2170,400,XL,D,BK,F,4023475,4031536,2026-04-28T17:02:45.472426525Z,55756066
20260428,140838,1503342,IMPC,0,2170,100,CC,F,BK,F,4024142,4031536,2026-04-28T17:02:45.472429275Z,55756067
20260428,140838,1503343,IMPC,0,2170,100,CC,F,BK,F,4024244,4031536,2026-04-28T17:02:45.472432008Z,55756068
20260428,140838,1503344,IMPC,0,2170,100,ZP,F,BK,F,4025965,4031536,2026-04-28T17:02:45.472434753Z,55756069
20260428,140838,1503345,IMPC,0,2170,10000,BQ,D,BK,F,4026935,4031536,2026-04-28T17:02:45.472437604Z,55756070
20260428,141545,1548133,IMPC,0,2170,3100,CC,F,AK,F,4079770,4123066,2026-04-28T17:02:45.873799407Z,55770869
20260428,141738,1556808,IMPC,0,2170,3300,CC,F,AK,F,4079770,4143607,2026-04-28T17:02:46.087046641Z,55779545
20260428,141818,1559804,IMPC,0,2170,2100,CC,F,BK,F,4079770,4150920,2026-04-28T17:02:46.173292302Z,55782542
20260428,141840,1561291,IMPC,0,2170,3000,CC,F,AK,F,4079770,4155163,2026-04-28T17:02:46.205397141Z,55784029
20260428,141853,1562064,IMPC,0,2180,11500,XC,D,YP,D,4157275,3868812,2026-04-28T17:02:46.227913574Z,55784802
20260428,141854,1562089,IMPC,0,2180,500,CC,F,YP,D,4157416,3868812,2026-04-28T17:02:46.22943556Z,55784827
20260428,141855,1562185,IMPC,0,2180,600,CC,F,YP,D,4157574,3868812,2026-04-28T17:02:46.233336259Z,55784923
20260428,141855,1562204,IMPC,0,2180,600,CC,F,YP,D,4157647,3868812,2026-04-28T17:02:46.233388183Z,55784942
20260428,141936,1564844,IMPC,0,2170,3400,CC,F,AK,F,4079770,4163957,2026-04-28T17:02:46.353198016Z,55787582
20260428,142150,1572290,IMPC,0,2180,200,CC,F,YP,D,4184793,3868812,2026-04-28T17:02:46.44980137Z,55795031
20260428,142150,1572291,IMPC,0,2180,100,XL,D,YP,D,4184797,3868812,2026-04-28T17:02:46.449834561Z,55795032
20260428,142200,1573237,IMPC,0,2170,3400,CC,F,AK,F,4079770,4186515,2026-04-28T17:02:46.472661646Z,55795978
20260428,142203,1573382,IMPC,0,2180,200,CC,F,YP,D,4186932,3868812,2026-04-28T17:02:46.474900294Z,55796123
20260428,142203,1573397,IMPC,0,2180,200,CC,F,YP,D,4186992,3868812,2026-04-28T17:02:46.47568101Z,55796138
20260428,142258,1578565,IMPC,0,2170,600,CC,F,AK,F,4079770,4196685,2026-04-28T17:02:46.651961646Z,55801306
20260428,142258,1578566,IMPC,0,2170,3000,AK,F,AK,F,4079789,4196685,2026-04-28T17:02:46.651965184Z,55801307
20260428,142306,1579151,IMPC,0,2180,64300,AK,F,YP,D,4198169,3868812,2026-04-28T17:02:46.663956797Z,55801892
20260428,142306,1579152,IMPC,0,2180,1900,AK,F,BK,F,4198169,3869012,2026-04-28T17:02:46.664116494Z,55801893
20260428,142306,1579153,IMPC,0,2180,600,AK,F,AK,F,4198169,3882840,2026-04-28T17:02:46.664191737Z,55801894
20260428,142306,1579154,IMPC,0,2180,100,AK,F,PD,D,4198169,3886130,2026-04-28T17:02:46.664195502Z,55801895
20260428,142306,1579155,IMPC,0,2180,500,AK,F,AK,F,4198169,3912649,2026-04-28T17:02:46.664255215Z,55801896
20260428,142306,1579156,IMPC,0,2180,80200,AK,F,YU,F,4198169,3915870,2026-04-28T17:02:46.664391688Z,55801897
20260428,142306,1579157,IMPC,0,2180,300,AK,F,AK,F,4198169,3918648,2026-04-28T17:02:46.664522592Z,55801898
20260428,142306,1579158,IMPC,0,2180,200,AK,F,AK,F,4198169,3918651,2026-04-28T17:02:46.664636045Z,55801899
20260428,142306,1579159,IMPC,0,2180,1000,AK,F,YP,D,4198169,3919384,2026-04-28T17:02:46.664714809Z,55801900
20260428,142306,1579160,IMPC,0,2180,900,AK,F,BK,F,4198169,3919576,2026-04-28T17:02:46.664717541Z,55801901
20260428,142306,1579161,IMPC,0,2180,1200,HD,F,BK,F,4198171,3919576,2026-04-28T17:02:46.664931342Z,55801902
20260428,142306,1579162,IMPC,0,2180,600,HD,F,AK,F,4198171,3939194,2026-04-28T17:02:46.665014987Z,55801903
20260428,142306,1579163,IMPC,0,2180,600,HD,F,AK,F,4198171,3966684,2026-04-28T17:02:46.665018712Z,55801904
20260428,142306,1579164,IMPC,0,2180,1600,HD,F,XC,D,4198171,3992731,2026-04-28T17:02:46.665062277Z,55801905
20260428,142306,1579165,IMPC,0,2180,100,HD,F,CP,D,4198171,3993748,2026-04-28T17:02:46.66522001Z,55801906
20260428,142306,1579166,IMPC,0,2180,500,HD,F,AK,F,4198171,3996141,2026-04-28T17:02:46.66522559Z,55801907
20260428,142306,1579167,IMPC,0,2180,200,HD,F,AK,F,4198171,3998542,2026-04-28T17:02:46.665231096Z,55801908
20260428,142306,1579168,IMPC,0,2180,200,HD,F,AK,F,4198171,4001837,2026-04-28T17:02:46.66523648Z,55801909
20260428,142306,1579169,IMPC,0,2180,900,HD,F,XL,D,4198171,4014807,2026-04-28T17:02:46.665242084Z,55801910
20260428,142306,1579170,IMPC,0,2180,500,HD,F,AK,F,4198171,4019268,2026-04-28T17:02:46.665400384Z,55801911
20260428,142306,1579171,IMPC,0,2180,600,HD,F,AK,F,4198171,4035951,2026-04-28T17:02:46.665529278Z,55801912
20260428,142306,1579172,IMPC,0,2180,300,HD,F,AK,F,4198171,4040222,2026-04-28T17:02:46.665533114Z,55801913
20260428,142306,1579173,IMPC,0,2180,500,HD,F,AK,F,4198171,4059260,2026-04-28T17:02:46.665536387Z,55801914
20260428,142306,1579174,IMPC,0,2180,200,HD,F,AK,F,4198171,4063809,2026-04-28T17:02:46.665541337Z,55801915
20260428,142306,1579175,IMPC,0,2180,3200,HD,F,AK,F,4198171,4078343,2026-04-28T17:02:46.665544776Z,55801916
20260428,142306,1579176,IMPC,0,2180,3300,HD,F,AK,F,4198171,4078344,2026-04-28T17:02:46.665548184Z,55801917
20260428,142306,1579177,IMPC,0,2180,600,HD,F,AK,F,4198171,4078390,2026-04-28T17:02:46.665656591Z,55801918
20260428,142306,1579178,IMPC,0,2180,3500,HD,F,AK,F,4198171,4079848,2026-04-28T17:02:46.665765637Z,55801919
20260428,142306,1579179,IMPC,0,2180,3800,HD,F,AK,F,4198171,4097149,2026-04-28T17:02:46.665840681Z,55801920
20260428,142306,1579180,IMPC,0,2180,300,HD,F,AK,F,4198171,4111014,2026-04-28T17:02:46.665952402Z,55801921
20260428,142306,1579182,IMPC,0,2180,3100,AK,F,AK,F,4198179,4111014,2026-04-28T17:02:46.666285485Z,55801923
20260428,142306,1579183,IMPC,0,2180,600,AK,F,AK,F,4198179,4112925,2026-04-28T17:02:46.666289163Z,55801924
20260428,142306,1579184,IMPC,0,2180,200,AK,F,AK,F,4198179,4116067,2026-04-28T17:02:46.666292746Z,55801925
20260428,142306,1579185,IMPC,0,2180,200,AK,F,AK,F,4198179,4160037,2026-04-28T17:02:46.66629618Z,55801926
20260428,142306,1579186,IMPC,0,2180,300,AK,F,AK,F,4198179,4170746,2026-04-28T17:02:46.666300336Z,55801927
20260428,142306,1579187,IMPC,0,2180,5000,AK,F,CC,D,4198179,4191073,2026-04-28T17:02:46.666303885Z,55801928
20260428,142306,1579210,IMPC,0,2180,1700,AK,F,AK,F,4198201,4198193,2026-04-28T17:02:46.667093582Z,55801951
20260428,142306,1579211,IMPC,0,2180,1700,AK,F,AK,F,4198203,4198195,2026-04-28T17:02:46.667097081Z,55801952
20260428,142306,1579212,IMPC,0,2180,1700,AK,F,AK,F,4198204,4198195,2026-04-28T17:02:46.667151361Z,55801953
20260428,142306,1579216,IMPC,0,2180,300,AK,F,AK,F,4198211,4198195,2026-04-28T17:02:46.667164968Z,55801957
20260428,142307,1579241,IMPC,0,2170,3700,AK,F,ZP,F,4079789,4198256,2026-04-28T17:02:46.668001898Z,55801982
20260428,142308,1579373,IMPC,0,2190,3900,CC,F,XL,D,4198479,3705330,2026-04-28T17:02:46.670056061Z,55802114
20260428,142308,1579409,IMPC,0,2190,4000,CC,F,XL,D,4198558,3705330,2026-04-28T17:02:46.671122523Z,55802150
20260428,142309,1579442,IMPC,0,2170,3700,AK,F,ZP,F,4079789,4198619,2026-04-28T17:02:46.67152015Z,55802183
20260428,142311,1579613,IMPC,0,2190,900,CC,F,XL,D,4199019,3705330,2026-04-28T17:02:46.674539168Z,55802354
20260428,142326,1580421,IMPC,0,2190,200,ZP,F,XL,D,4201488,3705330,2026-04-28T17:02:46.693443989Z,55803163
20260428,142356,1582532,IMPC,0,2190,1000,XL,D,XL,D,4206516,3705330,2026-04-28T17:02:46.737866055Z,55805274
20260428,142446,1586524,IMPC,0,2180,100,XL,D,CC,F,4199705,4215128,2026-04-28T17:02:46.841372267Z,55809267
20260428,142446,1586525,IMPC,0,2180,1300,CC,F,CC,F,4199906,4215128,2026-04-28T17:02:46.841375265Z,55809268
20260428,142446,1586526,IMPC,0,2180,1200,CC,F,CC,F,4200000,4215128,2026-04-28T17:02:46.841378017Z,55809269
20260428,142446,1586527,IMPC,0,2180,1000,CC,F,CC,F,4200043,4215128,2026-04-28T17:02:46.841534428Z,55809270
20260428,142446,1586528,IMPC,0,2180,100,ZP,F,CC,F,4200061,4215128,2026-04-28T17:02:46.841639056Z,55809271
20260428,142446,1586529,IMPC,0,2180,200,ZP,F,CC,F,4201847,4215128,2026-04-28T17:02:46.841643031Z,55809272
20260428,142446,1586530,IMPC,0,2180,4500,CC,F,CC,F,4200411,4215128,2026-04-28T17:02:46.841646739Z,55809273
20260428,142446,1586531,IMPC,0,2180,100,XL,D,CC,F,4200976,4215128,2026-04-28T17:02:46.841664906Z,55809274
20260428,142446,1586532,IMPC,0,2180,6100,XL,D,CC,F,4201089,4215128,2026-04-28T17:02:46.841761778Z,55809275
20260428,142446,1586533,IMPC,0,2180,6900,AZ,D,CC,F,4204864,4215128,2026-04-28T17:02:46.841848625Z,55809276
20260428,142446,1586534,IMPC,0,2180,50000,XC,D,CC,F,4211974,4215128,2026-04-28T17:02:46.841853347Z,55809277
20260428,142446,1586535,IMPC,0,2180,1400,CC,F,CC,F,4212325,4215128,2026-04-28T17:02:46.841953429Z,55809278
20260428,142446,1586536,IMPC,0,2180,100,ZP,F,CC,F,4212356,4215128,2026-04-28T17:02:46.842043338Z,55809279
20260428,142446,1586537,IMPC,0,2180,1500,CC,F,CC,F,4212471,4215128,2026-04-28T17:02:46.842225022Z,55809280
20260428,142446,1586538,IMPC,0,2180,1500,CC,F,CC,F,4212552,4215128,2026-04-28T17:02:46.842296379Z,55809281
20260428,142446,1586570,IMPC,0,2170,3800,XL,D,ZP,F,4088269,4215226,2026-04-28T17:02:46.843807888Z,55809313
20260428,142452,1587088,IMPC,0,2180,100,CP,D,HD,F,4216384,4215129,2026-04-28T17:02:46.863340735Z,55809831
20260428,142457,1587533,IMPC,0,2170,5000,XL,D,XC,D,4088269,4217264,2026-04-28T17:02:46.87147262Z,55810276
20260428,142518,1589683,IMPC,0,2180,4400,XL,D,HD,F,4220986,4215129,2026-04-28T17:02:46.969458888Z,55812426
20260428,142518,1589684,IMPC,0,2180,400,XL,D,BK,F,4220986,4215170,2026-04-28T17:02:46.969509684Z,55812427
20260428,142529,1590662,IMPC,0,2170,2500,XL,D,XL,D,4088269,4222920,2026-04-28T17:02:47.013510532Z,55813405
20260428,142539,1591318,IMPC,0,2170,700,XL,D,XL,D,4088269,4224552,2026-04-28T17:02:47.06864595Z,55814061
20260428,142600,1592436,IMPC,0,2170,200,XL,D,XL,D,4088269,4227733,2026-04-28T17:02:47.116869251Z,55815179
20260428,142821,1604188,IMPC,0,2180,2300,PD,D,KI,D,4253098,4215608,2026-04-28T17:02:47.375914751Z,55826935
20260428,143014,1612693,IMPC,0,2170,1600,XL,D,AK,F,4098879,4273533,2026-04-28T17:02:47.548455052Z,55835441
20260428,143014,1612694,IMPC,0,2170,1000,LG,D,AK,F,4099850,4273533,2026-04-28T17:02:47.548460908Z,55835442
20260428,143014,1612695,IMPC,0,2170,200,XL,D,AK,F,4109070,4273533,2026-04-28T17:02:47.548466626Z,55835443
20260428,143014,1612696,IMPC,0,2170,100,XL,D,AK,F,4116512,4273533,2026-04-28T17:02:47.548472537Z,55835444
20260428,143014,1612697,IMPC,0,2170,400,XL,D,AK,F,4136991,4273533,2026-04-28T17:02:47.548478999Z,55835445
20260428,143014,1612716,IMPC,0,2170,1900,XL,D,ZP,F,4136991,4273609,2026-04-28T17:02:47.548609588Z,55835464
20260428,143014,1612717,IMPC,0,2170,200,XL,D,ZP,F,4137113,4273609,2026-04-28T17:02:47.548615353Z,55835465
20260428,143014,1612718,IMPC,0,2170,1500,XL,D,ZP,F,4154253,4273609,2026-04-28T17:02:47.548625299Z,55835466
20260428,143052,1616731,IMPC,0,2170,1000,XL,D,AK,F,4154253,4280887,2026-04-28T17:02:47.653264246Z,55839479
20260428,143052,1616732,IMPC,0,2170,100,XC,D,AK,F,4157112,4280887,2026-04-28T17:02:47.653267092Z,55839480
20260428,143052,1616733,IMPC,0,2170,100,XL,D,AK,F,4165694,4280887,2026-04-28T17:02:47.653269949Z,55839481
20260428,143052,1616734,IMPC,0,2170,100,KK,D,AK,F,4179968,4280887,2026-04-28T17:02:47.653273458Z,55839482
20260428,143052,1616735,IMPC,0,2170,2100,XL,D,AK,F,4191189,4280887,2026-04-28T17:02:47.653276503Z,55839483
20260428,143110,1618553,IMPC,0,2170,700,XL,D,XL,D,4191189,4284221,2026-04-28T17:02:47.714825046Z,55841301
20260428,143128,1619999,IMPC,0,2170,1900,XL,D,XL,D,4191189,4287777,2026-04-28T17:02:47.755107191Z,55842747
20260428,143128,1620000,IMPC,0,2170,500,XL,D,XL,D,4199023,4287777,2026-04-28T17:02:47.755110892Z,55842748
20260428,143211,1624246,IMPC,0,2170,200,XL,D,XL,D,4199023,4295982,2026-04-28T17:02:47.907657882Z,55847002
20260428,143211,1624247,IMPC,0,2170,800,CC,F,XL,D,4215225,4295982,2026-04-28T17:02:47.907825507Z,55847003
20260428,143211,1624253,IMPC,0,2170,200,CC,F,ZP,F,4215225,4296006,2026-04-28T17:02:47.907848736Z,55847009
20260428,143211,1624254,IMPC,0,2170,1000,CC,F,ZP,F,4215683,4296006,2026-04-28T17:02:47.907852717Z,55847010
20260428,143211,1624255,IMPC,0,2170,1000,CC,F,ZP,F,4215889,4296006,2026-04-28T17:02:47.907857548Z,55847011
20260428,143211,1624256,IMPC,0,2170,24200,CC,F,ZP,F,4217106,4296006,2026-04-28T17:02:47.907861686Z,55847012
20260428,143211,1624257,IMPC,0,2170,200,CC,F,ZP,F,4217361,4296006,2026-04-28T17:02:47.907865414Z,55847013
20260428,143211,1624258,IMPC,0,2170,200,CC,F,ZP,F,4217537,4296006,2026-04-28T17:02:47.907869026Z,55847014
20260428,143211,1624259,IMPC,0,2170,200,CC,F,ZP,F,4217603,4296006,2026-04-28T17:02:47.907978557Z,55847015
20260428,143211,1624260,IMPC,0,2170,400,CC,F,ZP,F,4221109,4296006,2026-04-28T17:02:47.907984295Z,55847016
20260428,143211,1624261,IMPC,0,2170,400,CC,F,ZP,F,4221175,4296006,2026-04-28T17:02:47.90801716Z,55847017
20260428,143211,1624262,IMPC,0,2170,400,CC,F,ZP,F,4221668,4296006,2026-04-28T17:02:47.908021166Z,55847018
20260428,143211,1624263,IMPC,0,2170,400,XL,D,ZP,F,4226457,4296006,2026-04-28T17:02:47.908241566Z,55847019
20260428,143211,1624264,IMPC,0,2170,100,ZP,F,ZP,F,4227779,4296006,2026-04-28T17:02:47.908247861Z,55847020
20260428,143211,1624265,IMPC,0,2170,2500,XL,D,ZP,F,4241570,4296006,2026-04-28T17:02:47.908251589Z,55847021
20260428,143211,1624266,IMPC,0,2170,100,ZP,F,ZP,F,4256188,4296006,2026-04-28T17:02:47.908255489Z,55847022
20260428,143211,1624267,IMPC,0,2170,5600,XC,D,ZP,F,4259119,4296006,2026-04-28T17:02:47.90825917Z,55847023
20260428,143211,1624268,IMPC,0,2170,700,XL,D,ZP,F,4259945,4296006,2026-04-28T17:02:47.90826313Z,55847024
20260428,143211,1624269,IMPC,0,2170,9300,XL,D,ZP,F,4263424,4296006,2026-04-28T17:02:47.908266879Z,55847025
20260428,143211,1624270,IMPC,0,2170,200,PD,D,ZP,F,4272342,4296006,2026-04-28T17:02:47.908270726Z,55847026
20260428,143211,1624271,IMPC,0,2170,100,XL,D,ZP,F,4275960,4296006,2026-04-28T17:02:47.908274617Z,55847027
20260428,143211,1624272,IMPC,0,2170,100,ZP,F,ZP,F,4278285,4296006,2026-04-28T17:02:47.908410511Z,55847028
20260428,143211,1624273,IMPC,0,2170,20000,PD,D,ZP,F,4278340,4296006,2026-04-28T17:02:47.908462427Z,55847029
20260428,143211,1624274,IMPC,0,2170,900,CC,F,ZP,F,4278668,4296006,2026-04-28T17:02:47.908467218Z,55847030
20260428,143211,1624275,IMPC,0,2170,900,CC,F,ZP,F,4278847,4296006,2026-04-28T17:02:47.908472546Z,55847031
20260428,143211,1624276,IMPC,0,2170,900,CC,F,ZP,F,4278909,4296006,2026-04-28T17:02:47.908589919Z,55847032
20260428,143211,1624279,IMPC,0,2160,1300,PD,D,BK,F,2816048,4296015,2026-04-28T17:02:47.90870775Z,55847035
20260428,143211,1624280,IMPC,0,2160,100,PD,D,BK,F,2822930,4296015,2026-04-28T17:02:47.908711508Z,55847036
20260428,143211,1624281,IMPC,0,2160,500,YP,D,BK,F,2830063,4296015,2026-04-28T17:02:47.908715917Z,55847037
20260428,143211,1624282,IMPC,0,2160,200,XL,D,BK,F,2896102,4296015,2026-04-28T17:02:47.908817269Z,55847038
20260428,143211,1624284,IMPC,0,2160,9800,XL,D,XL,D,2896102,4296021,2026-04-28T17:02:47.908825669Z,55847040
20260428,143211,1624285,IMPC,0,2160,500,YP,D,XL,D,2930080,4296021,2026-04-28T17:02:47.908829616Z,55847041
20260428,143211,1624286,IMPC,0,2160,500,YP,D,XL,D,2944353,4296021,2026-04-28T17:02:47.90883353Z,55847042
20260428,143211,1624287,IMPC,0,2160,1500,YP,D,XL,D,2951976,4296021,2026-04-28T17:02:47.908875069Z,55847043
20260428,143211,1624288,IMPC,0,2160,10000,CP,D,XL,D,2996386,4296021,2026-04-28T17:02:47.909010828Z,55847044
20260428,143211,1624289,IMPC,0,2160,100,XL,D,XL,D,3007320,4296021,2026-04-28T17:02:47.909124745Z,55847045
20260428,143211,1624290,IMPC,0,2160,200,XL,D,XL,D,3253273,4296021,2026-04-28T17:02:47.909128334Z,55847046
20260428,143211,1624291,IMPC,0,2160,10000,CC,D,XL,D,3317301,4296021,2026-04-28T17:02:47.909131805Z,55847047
20260428,143211,1624292,IMPC,0,2160,5000,KK,D,XL,D,3421668,4296021,2026-04-28T17:02:47.909135651Z,55847048
20260428,143211,1624293,IMPC,0,2160,2000,CP,D,XL,D,3504609,4296021,2026-04-28T17:02:47.909139114Z,55847049
20260428,143211,1624294,IMPC,0,2160,300,KK,D,XL,D,3509784,4296021,2026-04-28T17:02:47.909258314Z,55847050
20260428,143211,1624295,IMPC,0,2160,4600,XL,D,XL,D,3523636,4296021,2026-04-28T17:02:47.909302926Z,55847051
20260428,143211,1624296,IMPC,0,2160,1200,XL,D,XL,D,3555051,4296021,2026-04-28T17:02:47.909410295Z,55847052
20260428,143211,1624297,IMPC,0,2160,500,XL,D,XL,D,3575880,4296021,2026-04-28T17:02:47.909413799Z,55847053
20260428,143211,1624298,IMPC,0,2160,2900,KK,D,XL,D,3684459,4296021,2026-04-28T17:02:47.90941651Z,55847054
20260428,143211,1624299,IMPC,0,2160,2100,KK,D,XL,D,3684459,4296022,2026-04-28T17:02:47.909444074Z,55847055
20260428,143211,1624300,IMPC,0,2160,300,YB,D,XL,D,3731585,4296022,2026-04-28T17:02:47.909446886Z,55847056
20260428,143211,1624301,IMPC,0,2160,100,YP,D,XL,D,3757959,4296022,2026-04-28T17:02:47.909744498Z,55847057
20260428,143211,1624302,IMPC,0,2160,1100,YP,D,XL,D,3757959,4296023,2026-04-28T17:02:47.909749833Z,55847058
20260428,143211,1624303,IMPC,0,2160,100,YP,D,XL,D,3804928,4296023,2026-04-28T17:02:47.909817585Z,55847059
20260428,143212,1624324,IMPC,0,2160,300,YP,D,ZP,F,3804928,4296111,2026-04-28T17:02:47.911445964Z,55847080
20260428,143212,1624325,IMPC,0,2160,400,YP,D,ZP,F,3804943,4296111,2026-04-28T17:02:47.911484076Z,55847081
20260428,143212,1624326,IMPC,0,2160,2000,YP,D,ZP,F,3804958,4296111,2026-04-28T17:02:47.911610344Z,55847082
20260428,143212,1624327,IMPC,0,2160,1200,YP,D,ZP,F,3804984,4296111,2026-04-28T17:02:47.911614357Z,55847083
20260428,143223,1625787,IMPC,0,2160,800,YP,D,AK,F,3804984,4298095,2026-04-28T17:02:48.014694979Z,55848543
20260428,143223,1625788,IMPC,0,2160,2000,YP,D,AK,F,3805019,4298095,2026-04-28T17:02:48.014698289Z,55848544
20260428,143223,1625789,IMPC,0,2160,300,YP,D,AK,F,3805032,4298095,2026-04-28T17:02:48.014701469Z,55848545
20260428,143301,1629663,IMPC,0,2170,1000,XL,D,HD,F,4305119,4296007,2026-04-28T17:02:48.111938178Z,55852419
20260428,143304,1630029,IMPC,0,2160,300,YP,D,XC,D,3805032,4305779,2026-04-28T17:02:48.128730132Z,55852785
20260428,143304,1630050,IMPC,0,2160,1400,YP,D,AK,F,3805032,4305838,2026-04-28T17:02:48.129505037Z,55852806
20260428,143304,1630051,IMPC,0,2160,300,YP,D,AK,F,3805050,4305838,2026-04-28T17:02:48.129639014Z,55852807
20260428,143304,1630052,IMPC,0,2160,600,XL,D,AK,F,3853653,4305838,2026-04-28T17:02:48.129764961Z,55852808
20260428,143304,1630053,IMPC,0,2160,1000,XL,D,AK,F,3861368,4305838,2026-04-28T17:02:48.129848842Z,55852809
20260428,143844,1661598,IMPC,0,2150,2300,CC,D,XL,D,3410109,4373414,2026-04-28T17:02:48.179160886Z,55854362
20260428,143844,1661599,IMPC,0,2150,5000,KK,D,XL,D,3422151,4373414,2026-04-28T17:02:48.179290712Z,55854363
20260428,143844,1661600,IMPC,0,2150,6000,CC,D,XL,D,3430065,4373414,2026-04-28T17:02:48.179458249Z,55854364
20260428,143854,1662517,IMPC,0,2150,2400,CC,D,AK,F,3430065,4375550,2026-04-28T17:02:48.212426392Z,55855281
20260428,143854,1662518,IMPC,0,2150,500,XL,D,AK,F,3488231,4375550,2026-04-28T17:02:48.212453167Z,55855282
20260428,143854,1662519,IMPC,0,2150,400,CP,D,AK,F,3502788,4375550,2026-04-28T17:02:48.212455957Z,55855283
20260428,143931,1665324,IMPC,0,2160,900,XC,D,AK,F,4382370,4345910,2026-04-28T17:02:48.290465313Z,55858088
20260428,144000,1667867,IMPC,0,2160,100,XL,D,AK,F,4388375,4345911,2026-04-28T17:02:48.318637241Z,55860631
20260428,144025,1669945,IMPC,0,2150,1000,XL,D,BK,F,3515596,4393106,2026-04-28T17:02:48.366197468Z,55862709
20260428,144025,1669946,IMPC,0,2150,1100,XL,D,BK,F,3525190,4393106,2026-04-28T17:02:48.366201323Z,55862710
20260428,144044,1671617,IMPC,0,2160,1000,XL,D,AK,F,4396777,4345923,2026-04-28T17:02:48.397966066Z,55864381
20260428,144057,1672434,IMPC,0,2160,2000,XL,D,AK,F,4398809,4345923,2026-04-28T17:02:48.438566933Z,55865198
20260428,144242,1682958,IMPC,0,2150,3200,YP,D,AK,F,3741662,4419418,2026-04-28T17:02:48.706631035Z,55875724
20260428,144302,1684660,IMPC,0,2150,100,YP,D,XL,D,3741662,4422987,2026-04-28T17:02:48.740229108Z,55877426
20260428,144303,1684699,IMPC,0,2160,200,CC,F,AK,F,4423140,4348125,2026-04-28T17:02:48.741792606Z,55877465
20260428,144303,1684700,IMPC,0,2160,200,CC,F,AK,F,4423140,4348132,2026-04-28T17:02:48.741796206Z,55877466
20260428,144303,1684701,IMPC,0,2160,200,CC,F,AK,F,4423140,4348133,2026-04-28T17:02:48.74179991Z,55877467
20260428,144303,1684702,IMPC,0,2160,100,CC,F,AK,F,4423140,4348134,2026-04-28T17:02:48.741803459Z,55877468
20260428,144353,1688763,IMPC,0,2170,5000,XL,D,HD,F,4432174,4296007,2026-04-28T17:02:48.830354994Z,55881533
20260428,144404,1689428,IMPC,0,2170,900,CC,F,HD,F,4434239,4296007,2026-04-28T17:02:48.859574595Z,55882198
20260428,144405,1689490,IMPC,0,2170,1000,CC,F,HD,F,4434408,4296007,2026-04-28T17:02:48.862480566Z,55882260
20260428,144406,1689510,IMPC,0,2170,900,CC,F,HD,F,4434500,4296007,2026-04-28T17:02:48.862554813Z,55882280
20260428,144441,1692441,IMPC,0,2170,600,CC,F,HD,F,4441601,4296007,2026-04-28T17:02:48.934828205Z,55885212
20260428,144442,1692493,IMPC,0,2170,500,CC,F,HD,F,4441792,4296007,2026-04-28T17:02:48.934973323Z,55885264
20260428,144443,1692519,IMPC,0,2170,100,CC,F,HD,F,4441863,4296007,2026-04-28T17:02:48.935046186Z,55885290
20260428,144443,1692520,IMPC,0,2170,500,CC,F,BK,F,4441863,4296257,2026-04-28T17:02:48.935048843Z,55885291
20260428,144445,1692876,IMPC,0,2160,5000,BQ,D,XL,D,4430026,4442429,2026-04-28T17:02:48.951425296Z,55885647
20260428,144446,1692976,IMPC,0,2160,3900,BQ,D,ZP,F,4430026,4442513,2026-04-28T17:02:48.95227862Z,55885747
20260428,144530,1696940,IMPC,0,2170,500,XL,D,BK,F,4451209,4296257,2026-04-28T17:02:49.056472337Z,55889711
20260428,144657,1705343,IMPC,0,2170,2200,XC,D,BK,F,4468177,4296257,2026-04-28T17:02:49.345000134Z,55898114
20260428,144657,1705344,IMPC,0,2170,1000,XC,D,BK,F,4468177,4296607,2026-04-28T17:02:49.345002957Z,55898115
20260428,144657,1705345,IMPC,0,2170,100,XC,D,XL,D,4468177,4298050,2026-04-28T17:02:49.345030845Z,55898116
20260428,144657,1705346,IMPC,0,2170,500,XC,D,KI,D,4468177,4300566,2026-04-28T17:02:49.345034541Z,55898117
20260428,144700,1705614,IMPC,0,2170,400,CC,F,KI,D,4468657,4300566,2026-04-28T17:02:49.356109198Z,55898385
20260428,144701,1705669,IMPC,0,2170,5000,XL,D,KI,D,4468815,4300566,2026-04-28T17:02:49.361006766Z,55898440
20260428,144701,1705681,IMPC,0,2170,500,CC,F,KI,D,4468864,4300566,2026-04-28T17:02:49.361667142Z,55898452
20260428,144701,1705745,IMPC,0,2170,400,CC,F,KI,D,4468978,4300566,2026-04-28T17:02:49.3640065Z,55898516
20260428,144703,1705927,IMPC,0,2170,100,XL,D,KI,D,4469283,4300566,2026-04-28T17:02:49.38565479Z,55898698
20260428,144710,1706562,IMPC,0,2170,100,ZP,F,KI,D,4470609,4300566,2026-04-28T17:02:49.433494356Z,55899333
20260428,145453,1748281,IMPC,0,2160,100,XL,D,AK,F,4450601,4556047,2026-04-28T17:02:49.696957796Z,55911061
20260428,145453,1748282,IMPC,0,2160,100,XL,D,AK,F,4450601,4556049,2026-04-28T17:02:49.696962069Z,55911062
20260428,145453,1748283,IMPC,0,2160,3200,CP,D,AK,F,4451604,4556049,2026-04-28T17:02:49.696999497Z,55911063
20260428,145542,1756819,IMPC,0,2160,1500,CP,D,AK,F,4451604,4565295,2026-04-28T17:02:49.936818536Z,55919601
20260428,145542,1756820,IMPC,0,2160,1100,YU,D,AK,F,4454697,4565295,2026-04-28T17:02:49.936821365Z,55919602
20260428,145542,1756822,IMPC,0,2160,700,YU,D,AK,F,4454697,4565299,2026-04-28T17:02:49.936889272Z,55919604
20260428,145618,1760685,IMPC,0,2160,900,YU,D,AK,F,4454697,4573179,2026-04-28T17:02:50.007777427Z,55923468
20260428,145618,1760687,IMPC,0,2160,2400,YU,D,AK,F,4454697,4573182,2026-04-28T17:02:50.007782757Z,55923470
20260428,145648,1763444,IMPC,0,2170,100,ZP,F,KI,D,4579120,4303833,2026-04-28T17:02:50.124076906Z,55926227
20260428,145654,1763946,IMPC,0,2160,2000,YU,D,BK,F,4454697,4580343,2026-04-28T17:02:50.138139965Z,55926729
20260428,145704,1765184,IMPC,0,2160,2600,YU,D,AK,F,4454697,4582478,2026-04-28T17:02:50.16175029Z,55927967
20260428,145704,1765185,IMPC,0,2160,600,XL,D,AK,F,4455077,4582478,2026-04-28T17:02:50.161753128Z,55927968
20260428,145704,1765186,IMPC,0,2160,500,XL,D,AK,F,4455077,4582479,2026-04-28T17:02:50.161755979Z,55927969
20260428,145728,1767433,IMPC,0,2160,200,XL,D,XC,D,4455077,4587405,2026-04-28T17:02:50.194532217Z,55930216
20260428,145749,1769655,IMPC,0,2160,400,XL,D,AK,F,4455077,4591929,2026-04-28T17:02:50.262448949Z,55932438
20260428,145749,1769660,IMPC,0,2160,1300,XL,D,AK,F,4455077,4591934,2026-04-28T17:02:50.262461642Z,55932443
20260428,145749,1769661,IMPC,0,2160,100,PD,D,AK,F,4459618,4591934,2026-04-28T17:02:50.26246452Z,55932444
20260428,145749,1769662,IMPC,0,2160,1500,XL,D,AK,F,4472316,4591934,2026-04-28T17:02:50.262467016Z,55932445
20260428,145829,1774186,IMPC,0,2160,3000,XL,D,AK,F,4472316,4600732,2026-04-28T17:02:50.383034489Z,55936971
20260428,145829,1774187,IMPC,0,2160,100,LG,D,AK,F,4473222,4600732,2026-04-28T17:02:50.383037611Z,55936972
20260428,145829,1774188,IMPC,0,2160,100,XC,D,AK,F,4484983,4600733,2026-04-28T17:02:50.38304096Z,55936973
20260428,145909,1777143,IMPC,0,2170,500,XL,D,KI,D,4607895,4303833,2026-04-28T17:02:50.444483738Z,55939928
20260428,145914,1777625,IMPC,0,2160,2400,XC,D,AK,F,4484983,4608777,2026-04-28T17:02:50.458041816Z,55940410
20260428,145914,1777626,IMPC,0,2160,700,CP,D,AK,F,4496696,4608777,2026-04-28T17:02:50.458044479Z,55940411
20260428,145935,1779028,IMPC,0,2160,300,CP,D,BK,F,4496696,4612665,2026-04-28T17:02:50.486706228Z,55941813
20260428,145935,1779029,IMPC,0,2160,100,XL,D,BK,F,4503260,4612665,2026-04-28T17:02:50.486709211Z,55941814
20260428,145935,1779030,IMPC,0,2160,100,BQ,D,BK,F,4517405,4612665,2026-04-28T17:02:50.486712058Z,55941815
20260428,145935,1779031,IMPC,0,2160,100,XL,D,BK,F,4524134,4612665,2026-04-28T17:02:50.486714984Z,55941816
20260428,145935,1779032,IMPC,0,2160,100,ZP,F,BK,F,4525167,4612665,2026-04-28T17:02:50.486717656Z,55941817
20260428,145935,1779033,IMPC,0,2160,1400,KK,D,BK,F,4539903,4612665,2026-04-28T17:02:50.486720387Z,55941818
20260428,145940,1779498,IMPC,0,2170,600,XL,D,KI,D,4613621,4303833,2026-04-28T17:02:50.488844638Z,55942283
20260428,145947,1779994,IMPC,0,2170,500,XL,D,KI,D,4614898,4303833,2026-04-28T17:02:50.502851232Z,55942779
20260428,145957,1780693,IMPC,0,2160,3100,KK,D,AK,F,4539903,4616606,2026-04-28T17:02:50.509479991Z,55943478
20260428,150006,1781508,IMPC,0,2170,500,XL,D,KI,D,4619241,4303833,2026-04-28T17:02:50.528336777Z,55944293
20260428,150021,1782722,IMPC,0,2170,500,XL,D,KI,D,4621917,4303833,2026-04-28T17:02:50.623225032Z,55945507
20260428,150024,1782934,IMPC,0,2170,100,XC,D,KI,D,4622422,4303833,2026-04-28T17:02:50.625385989Z,55945719
20260428,150030,1783419,IMPC,0,2170,400,XL,D,KI,D,4623718,4303833,2026-04-28T17:02:50.715138572Z,55946204
20260428,150040,1784725,IMPC,0,2160,3500,KK,D,AK,F,4539903,4626036,2026-04-28T17:02:50.785269083Z,55947510
20260428,150124,1788977,IMPC,0,2170,900,XL,D,KI,D,4635218,4303833,2026-04-28T17:02:50.843644509Z,55951762
20260428,150234,1794319,IMPC,0,2160,3600,CC,F,AK,F,4542691,4648443,2026-04-28T17:02:50.950369978Z,55957105
20260428,150328,1799899,IMPC,0,2160,3200,CC,F,AK,F,4542691,4659059,2026-04-28T17:02:51.074770983Z,55962685
20260428,150329,1800009,IMPC,0,2170,100,XL,D,KI,D,4659219,4303833,2026-04-28T17:02:51.075916836Z,55962795
20260428,150340,1801120,IMPC,0,2160,300,CC,F,SQ,D,4542691,4661421,2026-04-28T17:02:51.110883493Z,55963906
20260428,150340,1801121,IMPC,0,2160,100,NI,D,SQ,D,4543260,4661421,2026-04-28T17:02:51.110890915Z,55963907
20260428,150421,1805650,IMPC,0,2160,400,NI,D,AK,F,4543260,4669367,2026-04-28T17:02:51.211373492Z,55968443
20260428,150421,1805651,IMPC,0,2160,400,CC,F,AK,F,4543707,4669367,2026-04-28T17:02:51.211384341Z,55968444
20260428,150421,1805652,IMPC,0,2160,100,ZP,F,AK,F,4551734,4669367,2026-04-28T17:02:51.21139472Z,55968445
20260428,150421,1805653,IMPC,0,2160,200,XL,D,AK,F,4557951,4669367,2026-04-28T17:02:51.211405136Z,55968446
20260428,150421,1805654,IMPC,0,2160,2200,XL,D,AK,F,4562160,4669367,2026-04-28T17:02:51.211415533Z,55968447
20260428,150421,1805702,IMPC,0,2170,2300,XL,D,KI,D,4669485,4303833,2026-04-28T17:02:51.215269968Z,55968495
20260428,150443,1807326,IMPC,0,2170,100,XL,D,KI,D,4673694,4303833,2026-04-28T17:02:51.258069638Z,55970119
20260428,150455,1808298,IMPC,0,2170,500,XL,D,KI,D,4675995,4303833,2026-04-28T17:02:51.279504263Z,55971091
20260428,150506,1809406,IMPC,0,2160,600,XL,D,BK,F,4562160,4678595,2026-04-28T17:02:51.312920288Z,55972199
20260428,150506,1809407,IMPC,0,2160,100,ZP,F,BK,F,4565386,4678595,2026-04-28T17:02:51.31292549Z,55972200
20260428,150506,1809408,IMPC,0,2160,100,ZP,F,BK,F,4573195,4678595,2026-04-28T17:02:51.312929688Z,55972201
20260428,150506,1809409,IMPC,0,2160,100,XC,D,BK,F,4574172,4678595,2026-04-28T17:02:51.312933947Z,55972202
20260428,150506,1809410,IMPC,0,2160,500,XL,D,BK,F,4593226,4678595,2026-04-28T17:02:51.312938086Z,55972203
20260428,150506,1809411,IMPC,0,2160,800,XL,D,BK,F,4596168,4678595,2026-04-28T17:02:51.312942291Z,55972204
20260428,150519,1810267,IMPC,0,2160,3500,XL,D,AK,F,4596168,4681121,2026-04-28T17:02:51.345086949Z,55973060
20260428,151240,1844363,IMPC,0,2160,5100,XC,D,BK,F,4764706,4732911,2026-04-28T17:02:51.441129201Z,55977160
20260428,151240,1844364,IMPC,0,2160,200,XC,D,AK,F,4764706,4734770,2026-04-28T17:02:51.441133522Z,55977161
20260428,151240,1844365,IMPC,0,2160,200,XC,D,AK,F,4764706,4734771,2026-04-28T17:02:51.441137652Z,55977162
20260428,151240,1844366,IMPC,0,2160,200,XC,D,AK,F,4764706,4734777,2026-04-28T17:02:51.441142313Z,55977163
20260428,151240,1844367,IMPC,0,2160,200,XC,D,AK,F,4764706,4734779,2026-04-28T17:02:51.441147655Z,55977164
20260428,151240,1844368,IMPC,0,2160,200,XC,D,AK,F,4764706,4734780,2026-04-28T17:02:51.44115395Z,55977165
20260428,151240,1844369,IMPC,0,2160,300,XC,D,AK,F,4764706,4734782,2026-04-28T17:02:51.441159131Z,55977166
20260428,151240,1844370,IMPC,0,2160,200,XC,D,AK,F,4764706,4734783,2026-04-28T17:02:51.441164746Z,55977167
20260428,151240,1844371,IMPC,0,2160,3300,XC,D,AK,F,4764706,4734785,2026-04-28T17:02:51.441170494Z,55977168
20260428,151240,1844372,IMPC,0,2160,3400,XC,D,AK,F,4764706,4734786,2026-04-28T17:02:51.441175629Z,55977169
20260428,151240,1844373,IMPC,0,2160,2800,XC,D,AK,F,4764706,4734787,2026-04-28T17:02:51.441181409Z,55977170
20260428,151240,1844374,IMPC,0,2160,500,XC,D,AK,F,4764706,4734789,2026-04-28T17:02:51.441327212Z,55977171
20260428,151240,1844375,IMPC,0,2160,500,XC,D,AK,F,4764706,4734790,2026-04-28T17:02:51.441332932Z,55977172
20260428,151240,1844376,IMPC,0,2160,500,XC,D,AK,F,4764706,4734791,2026-04-28T17:02:51.441337343Z,55977173
20260428,151240,1844377,IMPC,0,2160,600,XC,D,AK,F,4764706,4734792,2026-04-28T17:02:51.441341823Z,55977174
20260428,151240,1844378,IMPC,0,2160,600,XC,D,AK,F,4764706,4734793,2026-04-28T17:02:51.441346256Z,55977175
20260428,151240,1844379,IMPC,0,2160,500,XC,D,AK,F,4764706,4734794,2026-04-28T17:02:51.441350592Z,55977176
20260428,151240,1844380,IMPC,0,2160,500,XC,D,AK,F,4764706,4734795,2026-04-28T17:02:51.441355332Z,55977177
20260428,151240,1844381,IMPC,0,2160,500,XC,D,AK,F,4764706,4734796,2026-04-28T17:02:51.441359541Z,55977178
20260428,151240,1844382,IMPC,0,2160,500,XC,D,AK,F,4764706,4734797,2026-04-28T17:02:51.441363767Z,55977179
20260428,151240,1844383,IMPC,0,2160,300,XC,D,AK,F,4764706,4734798,2026-04-28T17:02:51.441368255Z,55977180
20260428,151240,1844384,IMPC,0,2160,400,XC,D,AK,F,4764706,4734801,2026-04-28T17:02:51.441372862Z,55977181
20260428,151240,1844385,IMPC,0,2160,2500,XC,D,AK,F,4764706,4734802,2026-04-28T17:02:51.441376981Z,55977182
20260428,151240,1844386,IMPC,0,2160,1700,XC,D,KI,D,4764706,4737736,2026-04-28T17:02:51.441381112Z,55977183
20260428,151438,1853785,IMPC,0,2160,500,CP,D,KI,D,4808583,4737736,2026-04-28T17:02:51.742626199Z,55986583
20260428,151450,1854915,IMPC,0,2160,8600,XC,D,KI,D,4813149,4737736,2026-04-28T17:02:51.77945819Z,55987713
20260428,151450,1854916,IMPC,0,2160,100,XC,D,CP,D,4813149,4738811,2026-04-28T17:02:51.779462487Z,55987714
20260428,151450,1854917,IMPC,0,2160,3500,XC,D,AK,F,4813149,4739185,2026-04-28T17:02:51.779465708Z,55987715
20260428,151450,1854918,IMPC,0,2160,100,XC,D,AZ,D,4813149,4742346,2026-04-28T17:02:51.779468392Z,55987716
20260428,151450,1854919,IMPC,0,2160,2000,XC,D,KK,D,4813149,4744954,2026-04-28T17:02:51.779471073Z,55987717
20260428,151450,1854920,IMPC,0,2160,11400,XC,D,KI,D,4813149,4746001,2026-04-28T17:02:51.77947375Z,55987718
20260428,151528,1858205,IMPC,0,2150,1000,XL,D,NI,D,3863000,4827727,2026-04-28T17:02:51.854694393Z,55991003
20260428,151609,1861522,IMPC,0,2160,2100,CC,D,KI,D,4843227,4746001,2026-04-28T17:02:51.952971877Z,55994320
20260428,151609,1861523,IMPC,0,2160,3400,CC,D,AK,F,4843227,4748798,2026-04-28T17:02:51.952975176Z,55994321
20260428,151609,1861524,IMPC,0,2160,11700,CC,D,KI,D,4843227,4749434,2026-04-28T17:02:51.952978497Z,55994322
20260428,151609,1861525,IMPC,0,2160,3700,CC,D,ZP,F,4843227,4751631,2026-04-28T17:02:51.952981407Z,55994323
20260428,151609,1861526,IMPC,0,2160,4500,CC,D,PD,D,4843227,4753020,2026-04-28T17:02:51.952984462Z,55994324
20260428,151609,1861527,IMPC,0,2160,4100,CC,D,BK,F,4843227,4753353,2026-04-28T17:02:51.952987319Z,55994325
20260428,151609,1861528,IMPC,0,2160,80600,CC,D,YU,F,4843227,4755173,2026-04-28T17:02:51.952990137Z,55994326
20260428,151609,1861529,IMPC,0,2160,3700,CC,D,AK,F,4843227,4761557,2026-04-28T17:02:51.952992802Z,55994327
20260428,151609,1861530,IMPC,0,2160,200,CC,D,AK,F,4843227,4764763,2026-04-28T17:02:51.95299549Z,55994328
20260428,151609,1861531,IMPC,0,2160,900,CC,D,AK,F,4843227,4764765,2026-04-28T17:02:51.952998161Z,55994329
20260428,151609,1861532,IMPC,0,2160,2100,CC,D,BK,F,4843227,4766269,2026-04-28T17:02:51.953000844Z,55994330
20260428,151609,1861533,IMPC,0,2160,14400,CC,D,KI,D,4843227,4772356,2026-04-28T17:02:51.953003492Z,55994331
20260428,151609,1861534,IMPC,0,2160,21400,CC,D,KI,D,4843227,4778605,2026-04-28T17:02:51.953006157Z,55994332
20260428,151609,1861535,IMPC,0,2160,3400,CC,D,AK,F,4843227,4778689,2026-04-28T17:02:51.953008804Z,55994333
20260428,151609,1861536,IMPC,0,2160,200,CC,D,AK,F,4843227,4782959,2026-04-28T17:02:51.953011458Z,55994334
20260428,151609,1861537,IMPC,0,2160,500,CC,D,AK,F,4843227,4788281,2026-04-28T17:02:51.953014135Z,55994335
20260428,151609,1861538,IMPC,0,2160,700,CC,D,XC,D,4843227,4800822,2026-04-28T17:02:51.953016808Z,55994336
20260428,151609,1861539,IMPC,0,2160,3200,CC,D,AK,F,4843227,4804693,2026-04-28T17:02:51.953019494Z,55994337
20260428,151609,1861540,IMPC,0,2160,3100,CC,D,AK,F,4843227,4822708,2026-04-28T17:02:51.953022161Z,55994338
20260428,151609,1861541,IMPC,0,2160,600,CC,D,AK,F,4843227,4826904,2026-04-28T17:02:51.95302482Z,55994339
20260428,151609,1861542,IMPC,0,2160,2100,CC,D,BK,F,4843227,4831429,2026-04-28T17:02:51.953027516Z,55994340
20260428,151609,1861543,IMPC,0,2160,3500,CC,D,AK,F,4843227,4840903,2026-04-28T17:02:51.953030176Z,55994341
20260428,151609,1861556,IMPC,0,2160,3500,CC,D,AK,F,4843227,4843286,2026-04-28T17:02:51.953067051Z,55994354
20260428,151609,1861557,IMPC,0,2160,300,CC,D,AK,F,4843227,4843289,2026-04-28T17:02:51.953069712Z,55994355
20260428,151611,1861650,IMPC,0,2170,3400,CC,F,KI,D,4843956,4315944,2026-04-28T17:02:51.954096657Z,55994448
20260428,151613,1861748,IMPC,0,2170,2900,CC,F,KI,D,4844572,4315944,2026-04-28T17:02:51.954508331Z,55994546
20260428,151613,1861749,IMPC,0,2170,400,CC,F,KI,D,4844572,4318382,2026-04-28T17:02:51.954512202Z,55994547
20260428,151613,1861810,IMPC,0,2170,3500,CC,F,KI,D,4844793,4318382,2026-04-28T17:02:51.955046728Z,55994608
20260428,151655,1864604,IMPC,0,2160,50000,CC,D,CP,D,4843227,4860193,2026-04-28T17:02:52.030942856Z,55997402
20260428,151705,1865587,IMPC,0,2160,500,CC,D,YP,D,4843227,4864044,2026-04-28T17:02:52.05693022Z,55998385
20260428,151742,1867983,IMPC,0,2160,4100,CC,D,XL,D,4843227,4877130,2026-04-28T17:02:52.110988022Z,56000781
20260428,151829,1871662,IMPC,0,2170,100,ZP,F,KI,D,4894031,4318382,2026-04-28T17:02:52.254173465Z,56004461
20260428,151838,1872266,IMPC,0,2170,700,XL,D,KI,D,4897538,4318382,2026-04-28T17:02:52.29610339Z,56005065
20260428,151838,1872279,IMPC,0,2170,8800,XL,D,KI,D,4897623,4318382,2026-04-28T17:02:52.297469166Z,56005078
20260428,151838,1872280,IMPC,0,2170,1300,XL,D,KI,D,4897623,4320111,2026-04-28T17:02:52.297613249Z,56005079
20260428,152003,1878750,IMPC,0,2170,1200,XL,D,KI,D,4929411,4320111,2026-04-28T17:02:52.53751553Z,56011550
20260428,152005,1878888,IMPC,0,2160,14400,CC,D,KI,D,4843227,4930017,2026-04-28T17:02:52.545080865Z,56011688
20260428,152022,1880179,IMPC,0,2160,23500,CC,D,KI,D,4843227,4936259,2026-04-28T17:02:52.55493732Z,56012980
20260428,152023,1880213,IMPC,0,2160,3600,CC,D,ZP,F,4843227,4936425,2026-04-28T17:02:52.555129219Z,56013014
20260428,152023,1880233,IMPC,0,2160,3700,CC,D,ZP,F,4843227,4936601,2026-04-28T17:02:52.555233921Z,56013034
20260428,152118,1883894,IMPC,0,2170,100,ZP,F,KI,D,4956217,4320111,2026-04-28T17:02:52.699036326Z,56016695
20260428,152125,1884293,IMPC,0,2170,100,XL,D,KI,D,4958766,4320111,2026-04-28T17:02:52.731558467Z,56017094
20260428,152147,1886009,IMPC,0,2160,11600,CC,D,KI,D,4843227,4966764,2026-04-28T17:02:52.761169757Z,56018810
20260428,152150,1886288,IMPC,0,2160,200,CC,D,BQ,D,4843227,4968087,2026-04-28T17:02:52.770191331Z,56019089
20260428,152226,1889044,IMPC,0,2160,3300,CC,D,AK,F,4843227,4981294,2026-04-28T17:02:52.836509459Z,56021846
20260428,152738,1920106,IMPC,0,2160,800,XL,D,AK,F,4956629,5102945,2026-04-28T17:02:52.903559999Z,56022913
20260428,152738,1920107,IMPC,0,2160,700,XL,D,AK,F,4967210,5102945,2026-04-28T17:02:52.903578882Z,56022914
20260428,152848,1925874,IMPC,0,2160,3200,XL,D,AK,F,4967210,5128585,2026-04-28T17:02:53.128243898Z,56028686
20260428,152912,1927881,IMPC,0,2160,2200,XL,D,BK,F,4967210,5137858,2026-04-28T17:02:53.173526442Z,56030693
20260428,152916,1928210,IMPC,0,2160,1200,XL,D,KI,D,4967210,5139331,2026-04-28T17:02:53.185709086Z,56031022
20260428,152916,1928211,IMPC,0,2160,1000,CC,F,KI,D,4968371,5139331,2026-04-28T17:02:53.185725504Z,56031023
20260428,152916,1928212,IMPC,0,2160,1000,CC,F,KI,D,4968580,5139331,2026-04-28T17:02:53.185838389Z,56031024
20260428,152916,1928213,IMPC,0,2160,400,YP,D,KI,D,4981211,5139331,2026-04-28T17:02:53.18584403Z,56031025
20260428,152916,1928214,IMPC,0,2160,700,CC,F,KI,D,4981395,5139331,2026-04-28T17:02:53.185921358Z,56031026
20260428,152916,1928215,IMPC,0,2160,3300,LG,D,KI,D,4999059,5139331,2026-04-28T17:02:53.185995358Z,56031027
20260428,152946,1931115,IMPC,0,2160,3400,CC,D,AK,F,5003926,5150759,2026-04-28T17:02:53.258316409Z,56033927
20260428,153028,1935021,IMPC,0,2160,3000,CC,D,AK,F,5003926,5166856,2026-04-28T17:02:53.334709349Z,56037833
20260428,153028,1935022,IMPC,0,2160,1000,CC,F,AK,F,5004162,5166856,2026-04-28T17:02:53.334735246Z,56037834
20260428,153046,1936549,IMPC,0,2160,200,PD,D,XL,D,5004203,5173512,2026-04-28T17:02:53.352012141Z,56039361
20260428,153046,1936550,IMPC,0,2160,1200,CC,F,XL,D,5004696,5173512,2026-04-28T17:02:53.35213708Z,56039362
20260428,153046,1936551,IMPC,0,2160,1200,CC,F,XL,D,5004936,5173512,2026-04-28T17:02:53.352141441Z,56039363
20260428,153046,1936552,IMPC,0,2160,100,ZP,F,XL,D,5038726,5173512,2026-04-28T17:02:53.352144402Z,56039364
20260428,153046,1936553,IMPC,0,2160,2300,XL,D,XL,D,5039307,5173512,2026-04-28T17:02:53.352186649Z,56039365
20260428,153046,1936554,IMPC,0,2160,1000,CC,D,XL,D,5046615,5173512,2026-04-28T17:02:53.352239968Z,56039366
20260428,153046,1936555,IMPC,0,2160,300,XL,D,XL,D,5048734,5173512,2026-04-28T17:02:53.352275683Z,56039367
20260428,153046,1936556,IMPC,0,2160,200,XL,D,XL,D,5051444,5173512,2026-04-28T17:02:53.352278747Z,56039368
20260428,153050,1936940,IMPC,0,2170,100,AZ,D,KI,D,5174873,4320111,2026-04-28T17:02:53.36422942Z,56039752
20260428,153103,1938094,IMPC,0,2160,4500,XL,D,AK,F,5051444,5179853,2026-04-28T17:02:53.412667483Z,56040906
20260428,153134,1940742,IMPC,0,2160,700,XL,D,AK,F,5051444,5191581,2026-04-28T17:02:53.471417434Z,56043554
20260428,153134,1940743,IMPC,0,2160,2500,XL,D,AK,F,5051444,5191585,2026-04-28T17:02:53.471479572Z,56043555
20260428,153139,1940976,IMPC,0,2160,2100,XL,D,BK,F,5051444,5193179,2026-04-28T17:02:53.484809351Z,56043788
20260428,153139,1940977,IMPC,0,2160,100,CC,D,BK,F,5080689,5193179,2026-04-28T17:02:53.485038115Z,56043789
20260428,153207,1943052,IMPC,0,2160,100,CC,D,AK,F,5080689,5203423,2026-04-28T17:02:53.51777478Z,56045864
20260428,153207,1943053,IMPC,0,2160,2700,XL,D,AK,F,5081362,5203423,2026-04-28T17:02:53.517777509Z,56045865
20260428,153207,1943054,IMPC,0,2160,1800,XL,D,AK,F,5081362,5203424,2026-04-28T17:02:53.517780222Z,56045866
20260428,153207,1943088,IMPC,0,2160,15500,XL,D,BK,F,5081362,5203457,2026-04-28T17:02:53.518995743Z,56045900
20260428,153207,1943089,IMPC,0,2160,800,CC,F,BK,F,5081507,5203457,2026-04-28T17:02:53.518999483Z,56045901
20260428,153207,1943090,IMPC,0,2160,800,CC,F,BK,F,5081747,5203457,2026-04-28T17:02:53.519003171Z,56045902
20260428,153207,1943091,IMPC,0,2160,900,CC,F,BK,F,5082520,5203457,2026-04-28T17:02:53.519006969Z,56045903
20260428,153207,1943092,IMPC,0,2160,100,ZP,F,BK,F,5093569,5203457,2026-04-28T17:02:53.519010515Z,56045904
20260428,153207,1943093,IMPC,0,2160,100,SQ,D,BK,F,5104790,5203457,2026-04-28T17:02:53.519014267Z,56045905
20260428,153207,1943094,IMPC,0,2160,100,XC,D,BK,F,5133775,5203457,2026-04-28T17:02:53.519017801Z,56045906
20260428,153207,1943095,IMPC,0,2160,100,ZP,F,BK,F,5135795,5203457,2026-04-28T17:02:53.519021341Z,56045907
20260428,153207,1943096,IMPC,0,2160,1000,XL,D,BK,F,5146659,5203457,2026-04-28T17:02:53.51902504Z,56045908
20260428,153207,1943097,IMPC,0,2160,300,XL,D,BK,F,5150668,5203457,2026-04-28T17:02:53.51902864Z,56045909
20260428,153207,1943098,IMPC,0,2160,10000,XL,D,BK,F,5160150,5203457,2026-04-28T17:02:53.519059111Z,56045910
20260428,153207,1943099,IMPC,0,2160,1400,XC,D,BK,F,5171304,5203457,2026-04-28T17:02:53.519062722Z,56045911
20260428,153207,1943100,IMPC,0,2160,100,ZP,F,BK,F,5176000,5203457,2026-04-28T17:02:53.519333143Z,56045912
20260428,153207,1943101,IMPC,0,2160,200,XL,D,BK,F,5194024,5203457,2026-04-28T17:02:53.519336232Z,56045913
20260428,153207,1943128,IMPC,0,2160,1900,XL,D,AK,F,5194024,5203498,2026-04-28T17:02:53.519932485Z,56045940
20260428,153207,1943129,IMPC,0,2160,200,XL,D,AK,F,5199474,5203498,2026-04-28T17:02:53.519957716Z,56045941
20260428,153207,1943131,IMPC,0,2170,100,ZP,F,KI,D,5203506,4320111,2026-04-28T17:02:53.519963643Z,56045943
20260428,153209,1944228,IMPC,0,2160,500,XL,D,ZP,F,5204115,5203657,2026-04-28T17:02:53.56258752Z,56047041
20260428,153216,1944704,IMPC,0,2160,1000,XC,D,ZP,F,5206933,5203657,2026-04-28T17:02:53.577672344Z,56047517
20260428,153237,1946386,IMPC,0,2150,100,XL,D,XL,D,3863000,5214512,2026-04-28T17:02:53.615146924Z,56049200
20260428,153237,1946397,IMPC,0,2150,2600,XL,D,AK,F,3863000,5214603,2026-04-28T17:02:53.616452309Z,56049211
20260428,153237,1946398,IMPC,0,2150,900,XL,D,AK,F,3863000,5214604,2026-04-28T17:02:53.616455486Z,56049212
20260428,153254,1948271,IMPC,0,2160,2300,YJ,D,ZP,F,5221564,5203657,2026-04-28T17:02:53.65705907Z,56051085
20260428,153254,1948272,IMPC,0,2160,3300,YJ,D,AK,F,5221564,5203874,2026-04-28T17:02:53.657202478Z,56051086
20260428,153254,1948273,IMPC,0,2160,3700,YJ,D,AK,F,5221564,5203875,2026-04-28T17:02:53.657205562Z,56051087
20260428,153254,1948274,IMPC,0,2160,700,YJ,D,AK,F,5221564,5203876,2026-04-28T17:02:53.657303273Z,56051088
20260428,153310,1949800,IMPC,0,2150,100,XL,D,XL,D,3863000,5227572,2026-04-28T17:02:53.681462185Z,56052614
20260428,153411,1955706,IMPC,0,2150,900,XL,D,AK,F,3863000,5251888,2026-04-28T17:02:53.848070513Z,56058521
20260428,153411,1955707,IMPC,0,2150,2500,XL,D,AK,F,3863000,5251895,2026-04-28T17:02:53.848073633Z,56058522
20260428,153445,1958757,IMPC,0,2160,500,XL,D,AK,F,5265050,5203880,2026-04-28T17:02:53.891151786Z,56061572
20260428,153445,1958758,IMPC,0,2160,700,XL,D,AK,F,5265050,5203889,2026-04-28T17:02:53.891154288Z,56061573
20260428,153445,1958759,IMPC,0,2160,200,XL,D,AK,F,5265050,5204192,2026-04-28T17:02:53.891156838Z,56061574
20260428,153445,1958760,IMPC,0,2160,200,XL,D,AK,F,5265050,5204193,2026-04-28T17:02:53.891159335Z,56061575
20260428,153445,1958761,IMPC,0,2160,300,XL,D,AK,F,5265050,5204194,2026-04-28T17:02:53.891161867Z,56061576
20260428,153445,1958762,IMPC,0,2160,200,XL,D,AK,F,5265050,5204195,2026-04-28T17:02:53.891164412Z,56061577
20260428,153445,1958763,IMPC,0,2160,200,XL,D,AK,F,5265050,5204202,2026-04-28T17:02:53.891166939Z,56061578
20260428,153445,1958764,IMPC,0,2160,200,XL,D,AK,F,5265050,5204203,2026-04-28T17:02:53.891169471Z,56061579
20260428,153445,1958765,IMPC,0,2160,100,XL,D,AK,F,5265050,5204204,2026-04-28T17:02:53.891172029Z,56061580
20260428,153445,1958766,IMPC,0,2160,100,XL,D,AK,F,5265050,5251885,2026-04-28T17:02:53.89117455Z,56061581
20260428,153446,1958784,IMPC,0,2150,300,XL,D,AK,F,3863000,5265099,2026-04-28T17:02:53.89792116Z,56061599
20260428,153446,1958785,IMPC,0,2150,700,PD,D,AK,F,3884159,5265099,2026-04-28T17:02:53.897923933Z,56061600
20260428,153446,1958786,IMPC,0,2150,300,PD,D,AK,F,3884159,5265101,2026-04-28T17:02:53.897929539Z,56061601
20260428,153446,1958787,IMPC,0,2150,2700,GR,D,AK,F,3895971,5265101,2026-04-28T17:02:53.897932446Z,56061602
20260428,153453,1959372,IMPC,0,2150,900,GR,D,BK,F,3895971,5267804,2026-04-28T17:02:53.915904765Z,56062187
20260428,153453,1959373,IMPC,0,2150,1000,XL,D,BK,F,3904629,5267804,2026-04-28T17:02:53.915907471Z,56062188
20260428,153457,1959762,IMPC,0,2160,500,NI,D,AK,F,5269581,5251885,2026-04-28T17:02:53.921561509Z,56062577
20260428,153457,1959763,IMPC,0,2160,100,NI,D,AK,F,5269581,5265096,2026-04-28T17:02:53.921564521Z,56062578
20260428,153457,1959764,IMPC,0,2160,600,NI,D,AK,F,5269581,5204208,2026-04-28T17:02:53.921567013Z,56062579
20260428,153457,1959765,IMPC,0,2160,300,NI,D,AK,F,5269581,5204209,2026-04-28T17:02:53.921569504Z,56062580
20260428,153522,1962311,IMPC,0,2150,200,XL,D,AK,F,3904629,5279446,2026-04-28T17:02:53.980292251Z,56065126
20260428,153522,1962312,IMPC,0,2150,100,XL,D,AK,F,3915033,5279446,2026-04-28T17:02:53.980295105Z,56065127
20260428,153522,1962313,IMPC,0,2150,900,XL,D,AK,F,3915033,5279450,2026-04-28T17:02:53.980298149Z,56065128
20260428,153522,1962314,IMPC,0,2150,2200,XA,D,AK,F,3944286,5279450,2026-04-28T17:02:53.980301024Z,56065129
20260428,153532,1963038,IMPC,0,2160,7300,XL,D,BK,F,5283296,5204941,2026-04-28T17:02:53.993924764Z,56065854
20260428,153532,1963039,IMPC,0,2160,100,XL,D,BK,F,5283296,5205514,2026-04-28T17:02:53.993927601Z,56065855
20260428,153532,1963040,IMPC,0,2160,4600,XL,D,XC,D,5283296,5208597,2026-04-28T17:02:53.993930394Z,56065856
20260428,153545,1964068,IMPC,0,2150,100,XA,D,MG,D,3944286,5288175,2026-04-28T17:02:54.035450436Z,56066884
20260428,153557,1964922,IMPC,0,2150,2900,XA,D,AK,F,3944286,5292421,2026-04-28T17:02:54.056066296Z,56067740
20260428,153557,1964925,IMPC,0,2150,900,XA,D,AK,F,3944286,5292436,2026-04-28T17:02:54.056076412Z,56067743
20260428,153557,1964951,IMPC,0,2160,100,XL,D,XC,D,5292589,5208597,2026-04-28T17:02:54.056999494Z,56067769
20260428,153605,1965652,IMPC,0,2150,11700,XA,D,KK,D,3944286,5295364,2026-04-28T17:02:54.079777874Z,56068470
20260428,153618,1967061,IMPC,0,2160,9600,XL,D,XC,D,5300231,5208597,2026-04-28T17:02:54.133842373Z,56069880
20260428,153618,1967062,IMPC,0,2160,10400,XL,D,KI,D,5300231,5213298,2026-04-28T17:02:54.133845862Z,56069881
20260428,153643,1969512,IMPC,0,2150,1900,XA,D,AK,F,3944286,5309719,2026-04-28T17:02:54.211725849Z,56072332
20260428,153645,1969772,IMPC,0,2160,1200,XL,D,KI,D,5310568,5213298,2026-04-28T17:02:54.223852227Z,56072592
20260428,153645,1969773,IMPC,0,2160,3800,XL,D,PD,D,5310568,5216449,2026-04-28T17:02:54.223880495Z,56072593
20260428,153656,1970730,IMPC,0,2150,300,XA,D,AK,F,3944286,5314795,2026-04-28T17:02:54.255915359Z,56073550
20260428,153656,1970731,IMPC,0,2150,500,XL,D,AK,F,3961956,5314795,2026-04-28T17:02:54.255918315Z,56073551
20260428,153656,1970732,IMPC,0,2150,100,XC,D,AK,F,3962377,5314795,2026-04-28T17:02:54.255921056Z,56073552
20260428,153656,1970733,IMPC,0,2150,200,XL,D,AK,F,3970411,5314795,2026-04-28T17:02:54.255923961Z,56073553
20260428,153656,1970734,IMPC,0,2150,2200,CP,D,AK,F,4008332,5314795,2026-04-28T17:02:54.25592678Z,56073554
20260428,153700,1971015,IMPC,0,2160,1200,DR,D,PD,D,5316210,5216449,2026-04-28T17:02:54.266548752Z,56073835
20260428,153700,1971016,IMPC,0,2160,3800,DR,D,KI,D,5316210,5218391,2026-04-28T17:02:54.266613314Z,56073836
20260428,153734,1974053,IMPC,0,2150,2300,CP,D,AK,F,4008332,5329155,2026-04-28T17:02:54.395361745Z,56076874
20260428,153753,1975993,IMPC,0,2160,100,ZP,F,KI,D,5336786,5218391,2026-04-28T17:02:54.441456535Z,56078817
20260428,153758,1976480,IMPC,0,2150,3700,CP,D,AK,F,4008332,5338893,2026-04-28T17:02:54.448263983Z,56079304
20260428,153835,1979991,IMPC,0,2150,3500,CP,D,AK,F,4008332,5353543,2026-04-28T17:02:54.510108535Z,56082816
20260428,153855,1981927,IMPC,0,2160,10000,YP,D,KI,D,5361183,5218391,2026-04-28T17:02:54.524759789Z,56084753
20260428,153859,1982263,IMPC,0,2160,1000,XL,D,KI,D,5362522,5218391,2026-04-28T17:02:54.532992467Z,56085089
20260428,153908,1983284,IMPC,0,2160,100,ZP,F,KI,D,5366047,5218391,2026-04-28T17:02:54.564197994Z,56086110
20260428,153913,1983805,IMPC,0,2150,3200,CP,D,AK,F,4008332,5368117,2026-04-28T17:02:54.575139568Z,56086631
20260428,153931,1985238,IMPC,0,2160,6400,XL,D,KI,D,5374819,5218391,2026-04-28T17:02:54.620305568Z,56088064
20260428,153931,1985239,IMPC,0,2160,8100,XL,D,KI,D,5374819,5222986,2026-04-28T17:02:54.620308313Z,56088065
20260428,153931,1985240,IMPC,0,2160,300,XL,D,AK,F,5374819,5227139,2026-04-28T17:02:54.620311023Z,56088066
20260428,153931,1985241,IMPC,0,2160,5200,XL,D,KI,D,5374819,5229035,2026-04-28T17:02:54.620386319Z,56088067
20260428,153935,1986052,IMPC,0,2160,1000,XL,D,KI,D,5376799,5229035,2026-04-28T17:02:54.646566524Z,56088878
20260428,153940,1986452,IMPC,0,2150,1000,CP,D,PD,D,4008332,5378407,2026-04-28T17:02:54.662316793Z,56089278
20260428,153940,1986598,IMPC,0,2150,24100,CP,D,PD,D,4008332,5378554,2026-04-28T17:02:54.668045148Z,56089424
20260428,153940,1986599,IMPC,0,2150,1900,XL,D,PD,D,4048705,5378554,2026-04-28T17:02:54.668048109Z,56089425
20260428,153941,1986793,IMPC,0,2160,600,CC,F,KI,D,5378953,5229035,2026-04-28T17:02:54.675644323Z,56089619
20260428,153941,1986830,IMPC,0,2160,600,CC,F,KI,D,5379177,5229035,2026-04-28T17:02:54.676532357Z,56089656
20260428,153944,1986965,IMPC,0,2160,600,CC,F,KI,D,5380080,5229035,2026-04-28T17:02:54.693439303Z,56089791
20260428,153944,1987050,IMPC,0,2150,500,XL,D,AK,F,4048705,5380145,2026-04-28T17:02:54.693761298Z,56089876
20260428,153944,1987051,IMPC,0,2150,1000,XL,D,AK,F,4053698,5380145,2026-04-28T17:02:54.69376407Z,56089877
20260428,153944,1987052,IMPC,0,2150,200,CC,D,AK,F,4085868,5380145,2026-04-28T17:02:54.693766862Z,56089878
20260428,153944,1987053,IMPC,0,2150,100,XL,D,AK,F,4118647,5380145,2026-04-28T17:02:54.693780766Z,56089879
20260428,153944,1987054,IMPC,0,2150,1000,XL,D,AK,F,4125012,5380145,2026-04-28T17:02:54.693783362Z,56089880
20260428,153944,1987055,IMPC,0,2150,900,XC,D,AK,F,4154955,5380145,2026-04-28T17:02:54.693785935Z,56089881
20260428,153951,1988097,IMPC,0,2150,1100,XC,D,BK,F,4154955,5383084,2026-04-28T17:02:54.739693606Z,56090924
20260428,153951,1988098,IMPC,0,2150,1200,GR,D,BK,F,4188059,5383084,2026-04-28T17:02:54.740073683Z,56090925
20260428,154017,1993098,IMPC,0,2150,3400,GR,D,AK,F,4188059,5394431,2026-04-28T17:02:54.886084173Z,56095927
20260428,154017,1993299,IMPC,0,2160,200,ZP,F,KI,D,5394697,5229035,2026-04-28T17:02:54.893426752Z,56096128
20260428,154031,1995808,IMPC,0,2160,100,CC,D,KI,D,5401359,5229035,2026-04-28T17:02:54.912882821Z,56098651
20260428,154044,1998008,IMPC,0,2150,400,GR,D,AK,F,4188059,5407402,2026-04-28T17:02:54.957515378Z,56100851
20260428,154044,1998009,IMPC,0,2150,3200,PD,D,AK,F,4334624,5407402,2026-04-28T17:02:54.957528445Z,56100852
20260428,154044,1998013,IMPC,0,2150,2000,PD,D,AK,F,4334624,5407407,2026-04-28T17:02:54.957540615Z,56100856
20260428,154047,1998479,IMPC,0,2150,1000,PD,D,YP,D,4334624,5408742,2026-04-28T17:02:54.965197282Z,56101322
20260428,154051,1999132,IMPC,0,2160,4600,XL,D,KI,D,5410944,5229035,2026-04-28T17:02:54.978581185Z,56101975
20260428,154051,1999133,IMPC,0,2160,8600,XL,D,KI,D,5410944,5230116,2026-04-28T17:02:54.978584632Z,56101976
20260428,154051,1999134,IMPC,0,2160,3900,XL,D,ZP,F,5410944,5230206,2026-04-28T17:02:54.978588093Z,56101977
20260428,154051,1999135,IMPC,0,2160,2200,XL,D,BK,F,5410944,5231202,2026-04-28T17:02:54.978591581Z,56101978
20260428,154051,1999136,IMPC,0,2160,700,XL,D,KK,D,5410944,5234663,2026-04-28T17:02:54.978594953Z,56101979
20260428,154114,2002322,IMPC,0,2150,2700,PD,D,AK,F,4334624,5420976,2026-04-28T17:02:55.097270487Z,56105166
20260428,154122,2003520,IMPC,0,2150,1000,PD,D,XL,D,4334624,5424393,2026-04-28T17:02:55.198554808Z,56106364
20260428,154130,2004296,IMPC,0,2160,100,ZP,F,KK,D,5427557,5234663,2026-04-28T17:02:55.252953136Z,56107140
20260428,154130,2004323,IMPC,0,2150,3900,PD,D,AK,F,4334624,5427676,2026-04-28T17:02:55.253043053Z,56107167
20260428,154148,2006740,IMPC,0,2160,4200,XL,D,KK,D,5435500,5234663,2026-04-28T17:02:55.313583762Z,56109585
20260428,154148,2006741,IMPC,0,2160,9800,XL,D,XL,D,5435500,5234951,2026-04-28T17:02:55.313586433Z,56109586
20260428,154213,2009607,IMPC,0,2150,3500,MG,D,AK,F,4379270,5446045,2026-04-28T17:02:55.356031642Z,56112453
20260428,154237,2011869,IMPC,0,2150,1100,MG,D,AK,F,4379270,5455700,2026-04-28T17:02:55.406176079Z,56114715
20260428,154237,2011870,IMPC,0,2150,2600,CP,D,AK,F,4382045,5455700,2026-04-28T17:02:55.406178753Z,56114716
20260428,154238,2012119,IMPC,0,2150,7400,CP,D,MG,D,4382045,5456368,2026-04-28T17:02:55.424104765Z,56114965
20260428,154238,2012120,IMPC,0,2150,600,XC,D,MG,D,4465782,5456368,2026-04-28T17:02:55.424107938Z,56114966
20260428,154238,2012121,IMPC,0,2150,2000,TP,D,MG,D,4466760,5456368,2026-04-28T17:02:55.424110548Z,56114967
20260428,154240,2012553,IMPC,0,2160,7300,XL,D,XL,D,5457135,5234951,2026-04-28T17:02:55.440239622Z,56115399
20260428,154240,2012554,IMPC,0,2160,12700,XL,D,YU,F,5457135,5249359,2026-04-28T17:02:55.440243668Z,56115400
20260428,154240,2012597,IMPC,0,2160,100,ZP,F,YU,F,5457249,5249359,2026-04-28T17:02:55.442928517Z,56115443
20260428,154240,2012601,IMPC,0,2160,1000,CC,F,YU,F,5457294,5249359,2026-04-28T17:02:55.44293891Z,56115447
20260428,154241,2012632,IMPC,0,2160,900,CC,F,YU,F,5457474,5249359,2026-04-28T17:02:55.443024145Z,56115478
20260428,154243,2012974,IMPC,0,2160,1500,XL,D,YU,F,5458295,5249359,2026-04-28T17:02:55.455189083Z,56115821
20260428,154252,2014050,IMPC,0,2160,22800,XL,D,YU,F,5461850,5249359,2026-04-28T17:02:55.458439669Z,56116897
20260428,154252,2014051,IMPC,0,2160,8400,XL,D,BK,F,5461850,5249904,2026-04-28T17:02:55.458443048Z,56116898
20260428,154252,2014052,IMPC,0,2160,2100,XL,D,BK,F,5461850,5252913,2026-04-28T17:02:55.458446371Z,56116899
20260428,154252,2014053,IMPC,0,2160,200,XL,D,AK,F,5461850,5256204,2026-04-28T17:02:55.458449928Z,56116900
20260428,154252,2014054,IMPC,0,2160,8200,XL,D,BK,F,5461850,5257659,2026-04-28T17:02:55.458453528Z,56116901
20260428,154252,2014055,IMPC,0,2160,3100,XL,D,AK,F,5461850,5261610,2026-04-28T17:02:55.458456983Z,56116902
20260428,154252,2014056,IMPC,0,2160,3200,XL,D,BK,F,5461850,5267327,2026-04-28T17:02:55.458460476Z,56116903
20260428,154252,2014057,IMPC,0,2160,3400,XL,D,AK,F,5461850,5273871,2026-04-28T17:02:55.458464115Z,56116904
20260428,154252,2014058,IMPC,0,2160,900,XL,D,BK,F,5461850,5275390,2026-04-28T17:02:55.458467603Z,56116905
20260428,154252,2014059,IMPC,0,2160,3100,XL,D,AK,F,5461850,5288279,2026-04-28T17:02:55.458471454Z,56116906
20260428,154252,2014060,IMPC,0,2160,800,XL,D,BK,F,5461850,5294559,2026-04-28T17:02:55.458475169Z,56116907
20260428,154252,2014061,IMPC,0,2160,10000,XL,D,YP,D,5461850,5295624,2026-04-28T17:02:55.458478578Z,56116908
20260428,154252,2014062,IMPC,0,2160,100,XL,D,CP,D,5461850,5296827,2026-04-28T17:02:55.459509068Z,56116909
20260428,154252,2014063,IMPC,0,2160,12000,XL,D,YP,D,5461850,5298867,2026-04-28T17:02:55.459523734Z,56116910
20260428,154252,2014064,IMPC,0,2160,1100,XL,D,BK,F,5461850,5300362,2026-04-28T17:02:55.459527523Z,56116911
20260428,154252,2014065,IMPC,0,2160,3100,XL,D,AK,F,5461850,5304208,2026-04-28T17:02:55.459532403Z,56116912
20260428,154252,2014066,IMPC,0,2160,25000,XL,D,YP,D,5461850,5309616,2026-04-28T17:02:55.459536017Z,56116913
20260428,154252,2014067,IMPC,0,2160,1000,XL,D,BK,F,5461850,5310534,2026-04-28T17:02:55.459539502Z,56116914
20260428,154252,2014068,IMPC,0,2160,3100,XL,D,YP,D,5461850,5314051,2026-04-28T17:02:55.459543169Z,56116915
20260428,154252,2014071,IMPC,0,2160,18900,AK,F,YP,D,5461870,5314051,2026-04-28T17:02:55.459553899Z,56116918
20260428,154252,2014072,IMPC,0,2160,1200,AK,F,BK,F,5461870,5315713,2026-04-28T17:02:55.459557297Z,56116919
20260428,154252,2014073,IMPC,0,2160,200,AK,F,AK,F,5461870,5321223,2026-04-28T17:02:55.459561136Z,56116920
20260428,154252,2014074,IMPC,0,2160,900,AK,F,BK,F,5461870,5460730,2026-04-28T17:02:55.459565295Z,56116921
20260428,154252,2014075,IMPC,0,2160,3100,AK,F,AK,F,5461870,5325797,2026-04-28T17:02:55.459570061Z,56116922
20260428,154252,2014076,IMPC,0,2160,1200,AK,F,BK,F,5461870,5327177,2026-04-28T17:02:55.459654983Z,56116923
20260428,154252,2014077,IMPC,0,2160,200,AK,F,AK,F,5461870,5333265,2026-04-28T17:02:55.459659254Z,56116924
20260428,154252,2014078,IMPC,0,2160,12900,AK,F,KI,D,5461870,5354217,2026-04-28T17:02:55.459662664Z,56116925
20260428,154252,2014079,IMPC,0,2160,7600,AK,F,KI,D,5461870,5359011,2026-04-28T17:02:55.459666024Z,56116926
20260428,154252,2014080,IMPC,0,2160,300,AK,F,AK,F,5461870,5359094,2026-04-28T17:02:55.459669348Z,56116927
20260428,154252,2014081,IMPC,0,2160,200,AK,F,AK,F,5461870,5372386,2026-04-28T17:02:55.459672697Z,56116928
20260428,154252,2014082,IMPC,0,2160,7200,AK,F,KI,D,5461870,5403329,2026-04-28T17:02:55.459676121Z,56116929
20260428,154252,2014083,IMPC,0,2160,9100,AK,F,KI,D,5461870,5407301,2026-04-28T17:02:55.459679538Z,56116930
20260428,154252,2014084,IMPC,0,2160,3700,AK,F,ZP,F,5461870,5411231,2026-04-28T17:02:55.459682986Z,56116931
20260428,154252,2014085,IMPC,0,2160,9100,AK,F,KI,D,5461870,5411260,2026-04-28T17:02:55.459686455Z,56116932
20260428,154252,2014086,IMPC,0,2160,3300,AK,F,AK,F,5461870,5416459,2026-04-28T17:02:55.45968994Z,56116933
20260428,154252,2014087,IMPC,0,2160,14400,AK,F,KI,D,5461870,5421297,2026-04-28T17:02:55.459693261Z,56116934
20260428,154252,2014088,IMPC,0,2160,200,AK,F,AK,F,5461870,5424494,2026-04-28T17:02:55.459696718Z,56116935
20260428,154252,2014089,IMPC,0,2160,23500,AK,F,KI,D,5461870,5427377,2026-04-28T17:02:55.459700173Z,56116936
20260428,154252,2014090,IMPC,0,2160,32800,AK,F,CP,D,5461870,5436021,2026-04-28T17:02:55.45970349Z,56116937
20260428,154252,2014091,IMPC,0,2160,127200,AK,F,CP,D,5461871,5436021,2026-04-28T17:02:55.459706836Z,56116938
20260428,154252,2014099,IMPC,0,2160,5800,AK,F,AK,F,5461917,5461899,2026-04-28T17:02:55.459733992Z,56116946
20260428,154253,2014242,IMPC,0,2170,3900,CC,F,KI,D,5462350,4320111,2026-04-28T17:02:55.464330972Z,56117089
20260428,154253,2014243,IMPC,0,2170,100,CC,F,CP,D,5462350,4377013,2026-04-28T17:02:55.464333459Z,56117090
20260428,154253,2014244,IMPC,0,2170,800,CC,F,BK,F,5462350,4449625,2026-04-28T17:02:55.464335924Z,56117091
20260428,154253,2014245,IMPC,0,2170,1000,CC,F,BK,F,5462350,4453330,2026-04-28T17:02:55.464338404Z,56117092
20260428,154253,2014246,IMPC,0,2170,2000,CC,F,BK,F,5462350,4468500,2026-04-28T17:02:55.464340902Z,56117093
20260428,154253,2014287,IMPC,0,2170,500,CC,F,BK,F,5462557,4468500,2026-04-28T17:02:55.4644723Z,56117134
20260428,154253,2014288,IMPC,0,2170,700,CC,F,BK,F,5462557,4475083,2026-04-28T17:02:55.46447477Z,56117135
20260428,154253,2014289,IMPC,0,2170,400,CC,F,KK,D,5462557,4492158,2026-04-28T17:02:55.464477236Z,56117136
20260428,154253,2014290,IMPC,0,2170,6500,CC,F,KI,D,5462557,4541066,2026-04-28T17:02:55.46447972Z,56117137
20260428,154255,2014651,IMPC,0,2170,7900,CC,F,KI,D,5463548,4541066,2026-04-28T17:02:55.481736774Z,56117501
20260428,154255,2014652,IMPC,0,2170,700,CC,F,BK,F,5463548,4587296,2026-04-28T17:02:55.481739856Z,56117502
20260428,154255,2014653,IMPC,0,2170,500,CC,F,BK,F,5463548,4592240,2026-04-28T17:02:55.481744181Z,56117503
20260428,154322,2018132,IMPC,0,2170,400,XL,D,BK,F,5475091,4592240,2026-04-28T17:02:55.562988895Z,56120984
20260428,154322,2018133,IMPC,0,2170,1100,XL,D,XL,D,5475091,4663099,2026-04-28T17:02:55.56299161Z,56120985
20260428,154358,2022304,IMPC,0,2170,1700,XL,D,XL,D,5490135,4663099,2026-04-28T17:02:55.655726076Z,56125156
20260428,154358,2022305,IMPC,0,2170,800,XL,D,BK,F,5490135,4706306,2026-04-28T17:02:55.655730809Z,56125157
20260428,154358,2022306,IMPC,0,2170,10300,XL,D,KI,D,5490135,4726792,2026-04-28T17:02:55.655735527Z,56125158
20260428,154359,2022386,IMPC,0,2160,100,ZP,F,ZP,F,5462311,5490301,2026-04-28T17:02:55.656790677Z,56125238
20260428,154359,2022387,IMPC,0,2160,200,ZP,F,ZP,F,5462524,5490301,2026-04-28T17:02:55.656795899Z,56125239
20260428,154359,2022388,IMPC,0,2160,3300,CP,D,ZP,F,5465128,5490301,2026-04-28T17:02:55.656799634Z,56125240
20260428,154407,2023333,IMPC,0,2170,13200,XL,D,KI,D,5493524,4726792,2026-04-28T17:02:55.685676925Z,56126186
20260428,154407,2023334,IMPC,0,2170,12000,XL,D,KI,D,5493524,4728377,2026-04-28T17:02:55.685679611Z,56126187
20260428,154407,2023335,IMPC,0,2170,1600,XL,D,BK,F,5493524,4893933,2026-04-28T17:02:55.685683474Z,56126188
20260428,154407,2023336,IMPC,0,2170,500,XL,D,BK,F,5493524,4906298,2026-04-28T17:02:55.685686257Z,56126189
20260428,154407,2023337,IMPC,0,2170,900,XL,D,YP,D,5493524,4925496,2026-04-28T17:02:55.685689041Z,56126190
20260428,154407,2023338,IMPC,0,2170,100,XL,D,XC,D,5493524,4961514,2026-04-28T17:02:55.685691753Z,56126191
20260428,154407,2023339,IMPC,0,2170,2100,XL,D,YP,D,5493524,5022402,2026-04-28T17:02:55.685694684Z,56126192
20260428,154407,2023340,IMPC,0,2170,6600,XL,D,KI,D,5493524,5026430,2026-04-28T17:02:55.685697558Z,56126193
20260428,154423,2024987,IMPC,0,2170,4900,XL,D,KI,D,5500328,5026430,2026-04-28T17:02:55.727619827Z,56127840
20260428,154431,2025914,IMPC,0,2160,800,CP,D,PD,D,5465128,5504012,2026-04-28T17:02:55.752688438Z,56128767
20260428,154435,2026404,IMPC,0,2160,600,CP,D,XL,D,5465128,5505578,2026-04-28T17:02:55.777383674Z,56129257
20260428,154435,2026405,IMPC,0,2160,100,PD,D,XL,D,5465617,5505578,2026-04-28T17:02:55.777387286Z,56129258
20260428,154435,2026406,IMPC,0,2160,400,CC,F,XL,D,5465776,5505578,2026-04-28T17:02:55.777390799Z,56129259
20260428,154517,2031455,IMPC,0,2160,3000,CC,F,XC,D,5465776,5524560,2026-04-28T17:02:55.873973092Z,56134311
20260428,154517,2031456,IMPC,0,2160,5500,CC,F,XC,D,5465930,5524560,2026-04-28T17:02:55.873975759Z,56134312
20260428,154517,2031457,IMPC,0,2160,100,CC,F,XC,D,5466925,5524560,2026-04-28T17:02:55.873978533Z,56134313
20260428,154544,2035212,IMPC,0,2160,200,CC,F,AK,F,5466925,5535871,2026-04-28T17:02:55.929917329Z,56138068
20260428,154544,2035213,IMPC,0,2160,3500,CC,F,AK,F,5466925,5535880,2026-04-28T17:02:55.929919814Z,56138069
20260428,154552,2036166,IMPC,0,2160,1700,CC,F,BK,F,5466925,5539323,2026-04-28T17:02:55.958645486Z,56139022
20260428,154552,2036167,IMPC,0,2160,500,XL,D,BK,F,5482131,5539323,2026-04-28T17:02:55.958649614Z,56139023
20260428,154554,2036368,IMPC,0,2160,500,XL,D,PD,D,5482131,5539866,2026-04-28T17:02:55.967682236Z,56139224
20260428,154554,2036369,IMPC,0,2160,100,ZP,F,PD,D,5485859,5539866,2026-04-28T17:02:55.967727935Z,56139225
20260428,154554,2036370,IMPC,0,2160,100,KK,D,PD,D,5494248,5539866,2026-04-28T17:02:55.967736164Z,56139226
20260428,154554,2036371,IMPC,0,2160,1300,CC,F,PD,D,5494456,5539866,2026-04-28T17:02:55.967743972Z,56139227
20260428,154554,2036372,IMPC,0,2160,1000,CC,F,PD,D,5494966,5539866,2026-04-28T17:02:55.967751769Z,56139228
20260428,154558,2036987,IMPC,0,2160,100,CC,F,XL,D,5494966,5541842,2026-04-28T17:02:55.978848519Z,56139843
20260428,154559,2037101,IMPC,0,2170,9900,PI,D,KI,D,5542115,5026430,2026-04-28T17:02:55.979385925Z,56139957
20260428,154559,2037102,IMPC,0,2170,7600,PI,D,KI,D,5542115,5133507,2026-04-28T17:02:55.979391751Z,56139958
20260428,154559,2037103,IMPC,0,2170,2500,PI,D,BK,F,5542115,5133970,2026-04-28T17:02:55.979397389Z,56139959
20260428,154610,2038762,IMPC,0,2160,300,CC,F,AK,F,5494966,5546855,2026-04-28T17:02:56.014271205Z,56141618
20260428,154610,2038765,IMPC,0,2160,100,CC,F,AK,F,5494966,5546859,2026-04-28T17:02:56.014278851Z,56141621
20260428,154610,2038766,IMPC,0,2160,1500,CC,F,AK,F,5495139,5546859,2026-04-28T17:02:56.014281389Z,56141622
20260428,154610,2038767,IMPC,0,2160,1500,XL,D,AK,F,5497244,5546859,2026-04-28T17:02:56.014283908Z,56141623
20260428,154619,2040058,IMPC,0,2170,1000,XL,D,BK,F,5550989,5133970,2026-04-28T17:02:56.07882291Z,56142915
20260428,154632,2042170,IMPC,0,2160,3100,XL,D,AK,F,5497244,5557483,2026-04-28T17:02:56.240113396Z,56145027
20260428,154637,2043018,IMPC,0,2170,400,XL,D,BK,F,5559512,5133970,2026-04-28T17:02:56.284894586Z,56145875
20260428,154646,2044407,IMPC,0,2160,2000,XL,D,BK,F,5497244,5563670,2026-04-28T17:02:56.313807998Z,56147265
20260428,154656,2045636,IMPC,0,2170,400,XL,D,KI,D,5568295,5162699,2026-04-28T17:02:56.317712554Z,56148494
20260428,154656,2045668,IMPC,0,2160,2800,XL,D,AK,F,5497244,5568451,2026-04-28T17:02:56.318288494Z,56148526
20260428,154656,2045669,IMPC,0,2160,500,XL,D,AK,F,5497244,5568476,2026-04-28T17:02:56.318291621Z,56148527
20260428,154713,2047710,IMPC,0,2170,100,ZP,F,KI,D,5575673,5162699,2026-04-28T17:02:56.371338244Z,56150568
20260428,154713,2047746,IMPC,0,2170,100,ZP,F,KI,D,5575864,5162699,2026-04-28T17:02:56.37201977Z,56150604
20260428,154724,2049159,IMPC,0,2160,100,XL,D,AK,F,5497244,5580282,2026-04-28T17:02:56.389327719Z,56152017
20260428,154724,2049160,IMPC,0,2160,100,XL,D,AK,F,5507806,5580282,2026-04-28T17:02:56.389331505Z,56152018
20260428,154724,2049161,IMPC,0,2160,100,ZP,F,AK,F,5509161,5580282,2026-04-28T17:02:56.389335156Z,56152019
20260428,154724,2049162,IMPC,0,2160,2800,XC,D,AK,F,5518676,5580282,2026-04-28T17:02:56.389338783Z,56152020
20260428,154724,2049163,IMPC,0,2160,1000,XC,D,AK,F,5518676,5580288,2026-04-28T17:02:56.389342527Z,56152021
20260428,154749,2052834,IMPC,0,2160,500,XC,D,XL,D,5518676,5591617,2026-04-28T17:02:56.462031932Z,56155693
20260428,154826,2060426,IMPC,0,2170,100,BQ,D,KI,D,5610272,5162699,2026-04-28T17:02:56.639807681Z,56163296
20260428,154836,2062195,IMPC,0,2160,2900,XC,D,CP,D,5518676,5615525,2026-04-28T17:02:56.689810097Z,56165065
20260428,154836,2062196,IMPC,0,2160,1000,XL,D,CP,D,5518687,5615525,2026-04-28T17:02:56.689814596Z,56165066
20260428,154836,2062197,IMPC,0,2160,400,CC,F,CP,D,5537219,5615525,2026-04-28T17:02:56.68982671Z,56165067
20260428,154836,2062198,IMPC,0,2160,400,CC,F,CP,D,5536062,5615525,2026-04-28T17:02:56.689831544Z,56165068
20260428,154836,2062199,IMPC,0,2160,300,CC,F,CP,D,5536249,5615525,2026-04-28T17:02:56.689836242Z,56165069
20260428,154836,2062200,IMPC,0,2160,100,XL,D,CP,D,5520643,5615525,2026-04-28T17:02:56.689842362Z,56165070
20260428,154836,2062201,IMPC,0,2160,500,XL,D,CP,D,5528845,5615525,2026-04-28T17:02:56.689845474Z,56165071
20260428,154836,2062202,IMPC,0,2160,100,ZP,F,CP,D,5533480,5615525,2026-04-28T17:02:56.689849173Z,56165072
20260428,154836,2062203,IMPC,0,2160,4300,XL,D,CP,D,5548136,5615525,2026-04-28T17:02:56.689852243Z,56165073
20260428,154849,2064824,IMPC,0,2160,12700,XL,D,XL,D,5548136,5622647,2026-04-28T17:02:56.757140353Z,56167694
20260428,154850,2064890,IMPC,0,2160,9100,XL,D,KI,D,5548136,5622886,2026-04-28T17:02:56.758821815Z,56167760
20260428,154850,2064968,IMPC,0,2160,3800,XL,D,ZP,F,5548136,5623158,2026-04-28T17:02:56.761229589Z,56167838
20260428,154854,2065586,IMPC,0,2170,100,ZP,F,KI,D,5624961,5162699,2026-04-28T17:02:56.778560747Z,56168456
20260428,154856,2066178,IMPC,0,2160,11800,XL,D,KI,D,5548136,5626440,2026-04-28T17:02:56.800519787Z,56169048
20260428,154901,2067422,IMPC,0,2160,2000,XL,D,BK,F,5548136,5629092,2026-04-28T17:02:56.828189988Z,56170292
20260428,154904,2068020,IMPC,0,2160,6300,XL,D,KI,D,5548136,5630719,2026-04-28T17:02:56.839594358Z,56170890
20260428,154904,2068021,IMPC,0,2160,2000,BK,F,KI,D,5551863,5630719,2026-04-28T17:02:56.839597601Z,56170891
20260428,154904,2068022,IMPC,0,2160,1800,CC,F,KI,D,5610723,5630719,2026-04-28T17:02:56.839600309Z,56170892
20260428,154904,2068023,IMPC,0,2160,1800,CC,F,KI,D,5611294,5630719,2026-04-28T17:02:56.839603035Z,56170893
20260428,154904,2068024,IMPC,0,2160,1600,CC,F,KI,D,5614635,5630719,2026-04-28T17:02:56.839605902Z,56170894
20260428,154905,2068214,IMPC,0,2160,200,CC,F,BK,F,5614635,5631380,2026-04-28T17:02:56.844143185Z,56171084
20260428,154905,2068299,IMPC,0,2160,500,YP,D,XC,D,5555068,5631669,2026-04-28T17:02:56.846508101Z,56171169
20260428,154907,2068731,IMPC,0,2160,500,YP,D,KI,D,5555068,5632549,2026-04-28T17:02:56.859655307Z,56171601
20260428,154907,2068732,IMPC,0,2160,10300,XL,D,KI,D,5557676,5632549,2026-04-28T17:02:56.859657983Z,56171602
20260428,154915,2070775,IMPC,0,2160,500,XL,D,XC,D,5557676,5636300,2026-04-28T17:02:56.898608388Z,56173645
20260428,154916,2071074,IMPC,0,2160,3100,XL,D,KI,D,5557676,5636873,2026-04-28T17:02:56.903466781Z,56173944
20260428,154929,2074124,IMPC,0,2160,400,XL,D,BK,F,5557676,5642440,2026-04-28T17:02:56.983534577Z,56176994
20260428,154945,2078216,IMPC,0,2160,200,XL,D,BK,F,5557676,5649425,2026-04-28T17:02:57.07177999Z,56181086
20260428,154949,2079318,IMPC,0,2160,200,XL,D,BK,F,5557676,5651142,2026-04-28T17:02:57.093520776Z,56182188
20260428,154956,2080853,IMPC,0,2170,200,XL,D,AK,F,5653793,5461927,2026-04-28T17:02:57.204504247Z,56183723
20260428,154956,2080854,IMPC,0,2170,1800,XL,D,ZP,F,5653793,5462154,2026-04-28T17:02:57.204507141Z,56183724
20260428,160000,2100002,IMPC,0,2150,200,XC,D,XL,D,5688692,5697657,2026-04-28T17:02:57.687821586Z,56202879
20260428,160000,2100003,IMPC,0,2150,2000,XL,D,XL,D,5708215,5697657,2026-04-28T17:02:57.68782495Z,56202880
20260428,160000,2100004,IMPC,0,2150,1600,XL,D,XL,D,5701276,5697657,2026-04-28T17:02:57.687828593Z,56202881
20260428,160000,2100005,IMPC,0,2150,300,XL,D,AK,F,5701276,5662125,2026-04-28T17:02:57.687831933Z,56202882
20260428,160000,2100006,IMPC,0,2150,2000,XL,D,AK,F,5701329,5662125,2026-04-28T17:02:57.687836933Z,56202883
20260428,160000,2100007,IMPC,0,2150,300,ZP,F,AK,F,5657582,5662125,2026-04-28T17:02:57.687840716Z,56202884
20260428,160000,2100008,IMPC,0,2150,700,XL,D,AK,F,5691410,5662125,2026-04-28T17:02:57.687878691Z,56202885
20260428,160000,2100009,IMPC,0,2150,400,XL,D,AK,F,5691410,5662132,2026-04-28T17:02:57.687882132Z,56202886
20260428,160000,2100010,IMPC,0,2150,900,XL,D,AK,F,5709919,5662132,2026-04-28T17:02:57.687885629Z,56202887
20260428,160000,2100011,IMPC,0,2150,500,XL,D,AK,F,5685970,5662132,2026-04-28T17:02:57.687889035Z,56202888
20260428,160000,2100012,IMPC,0,2150,1800,CC,F,AK,F,5714435,5662132,2026-04-28T17:02:57.687919718Z,56202889
20260428,160000,2100013,IMPC,0,2150,3400,CC,F,AK,F,5714435,5662135,2026-04-28T17:02:57.687922749Z,56202890
20260428,160000,2100014,IMPC,0,2150,1200,CC,F,AK,F,5714435,5662138,2026-04-28T17:02:57.68792571Z,56202891
20260428,160000,2100015,IMPC,0,2150,800,XL,D,AK,F,5658664,5662138,2026-04-28T17:02:57.687955236Z,56202892
20260428,160000,2100016,IMPC,0,2150,300,XL,D,AK,F,5666775,5662138,2026-04-28T17:02:57.687960089Z,56202893
20260428,160000,2100017,IMPC,0,2150,400,XL,D,AK,F,5675344,5662138,2026-04-28T17:02:57.68796515Z,56202894
20260428,160000,2100018,IMPC,0,2150,100,XL,D,AK,F,5688230,5662138,2026-04-28T17:02:57.68797035Z,56202895
20260428,160000,2100019,IMPC,0,2150,100,PD,D,AK,F,5683641,5662138,2026-04-28T17:02:57.687975721Z,56202896
20260428,160000,2100020,IMPC,0,2150,700,CC,F,AK,F,5714433,5662138,2026-04-28T17:02:57.68798067Z,56202897
20260428,160000,2100021,IMPC,0,2150,200,CC,F,AK,F,5714433,5662142,2026-04-28T17:02:57.687992257Z,56202898
20260428,160000,2100022,IMPC,0,2150,3300,CC,F,AK,F,5714433,5662189,2026-04-28T17:02:57.688026292Z,56202899
20260428,160000,2100023,IMPC,0,2150,10000,XL,D,AK,F,5663086,5662189,2026-04-28T17:02:57.688029929Z,56202900
20260428,160000,2100024,IMPC,0,2150,100,XL,D,AK,F,5671201,5662189,2026-04-28T17:02:57.688032758Z,56202901
20260428,160000,2100025,IMPC,0,2150,1500,AI,D,AK,F,5674267,5662189,2026-04-28T17:02:57.688065887Z,56202902
20260428,160000,2100026,IMPC,0,2150,1100,XL,D,AK,F,5676856,5662189,2026-04-28T17:02:57.688069017Z,56202903
20260428,160000,2100027,IMPC,0,2150,10000,CP,D,AK,F,5681107,5662189,2026-04-28T17:02:57.688071949Z,56202904
20260428,160000,2100028,IMPC,0,2150,2400,XL,D,AK,F,5684228,5662189,2026-04-28T17:02:57.688091985Z,56202905
20260428,160000,2100029,IMPC,0,2150,200,XC,D,AK,F,5693514,5662189,2026-04-28T17:02:57.688095228Z,56202906
20260428,160000,2100030,IMPC,0,2150,100,XL,D,AK,F,5696999,5662189,2026-04-28T17:02:57.688205973Z,56202907
20260428,160000,2100031,IMPC,0,2150,1000,SQ,D,AK,F,5698818,5662189,2026-04-28T17:02:57.688234214Z,56202908
20260428,160000,2100032,IMPC,0,2150,200,XL,D,AK,F,5700649,5662189,2026-04-28T17:02:57.688237251Z,56202909
20260428,160000,2100033,IMPC,0,2150,2500,XL,D,AK,F,5706268,5662189,2026-04-28T17:02:57.68824015Z,56202910
20260428,160000,2100034,IMPC,0,2150,100,XL,D,AK,F,5711744,5662189,2026-04-28T17:02:57.688262238Z,56202911
20260428,160000,2100035,IMPC,0,2150,1000,XC,D,AK,F,5716444,5662189,2026-04-28T17:02:57.688265108Z,56202912
20260428,160000,2100036,IMPC,0,2150,3300,XL,D,AK,F,5557676,5662189,2026-04-28T17:02:57.688269396Z,56202913
20260428,160000,2100037,IMPC,0,2150,2900,XL,D,AK,F,5580407,5662189,2026-04-28T17:02:57.688300028Z,56202914
20260428,160000,2100038,IMPC,0,2150,500,XL,D,AK,F,5614322,5662189,2026-04-28T17:02:57.688303459Z,56202915
20260428,160000,2100039,IMPC,0,2150,3000,XL,D,AK,F,5638698,5662189,2026-04-28T17:02:57.688306919Z,56202916
20260428,160000,2100040,IMPC,0,2150,100,XC,D,AK,F,5645955,5662189,2026-04-28T17:02:57.688324085Z,56202917
20260428,160000,2100041,IMPC,0,2150,5000,XL,D,AK,F,5653234,5662189,2026-04-28T17:02:57.688327694Z,56202918
20260428,160000,2100042,IMPC,0,2150,4100,PD,D,AK,F,5657848,5662189,2026-04-28T17:02:57.688331Z,56202919
20260428,160000,2100043,IMPC,0,2150,600,PD,D,AK,F,5657848,5662190,2026-04-28T17:02:57.688334546Z,56202920
20260428,160000,2100044,IMPC,0,2150,300,PD,D,ZP,F,5657848,5661992,2026-04-28T17:02:57.688347533Z,56202921
20260428,160000,2100045,IMPC,0,2150,1400,XL,D,ZP,F,5660179,5661992,2026-04-28T17:02:57.688370685Z,56202922
20260428,160000,2100046,IMPC,0,2150,5400,XL,D,ZP,F,5660179,5667140,2026-04-28T17:02:57.688373729Z,56202923
20260428,160000,2100047,IMPC,0,2150,3200,XL,D,ZP,F,5660179,5705059,2026-04-28T17:02:57.688376789Z,56202924
20260428,160000,2100048,IMPC,0,2150,600,XL,D,ZP,F,5660179,5709960,2026-04-28T17:02:57.688419229Z,56202925
20260428,160000,2100049,IMPC,0,2150,600,XL,D,ZP,F,5660179,5712202,2026-04-28T17:02:57.688422263Z,56202926
20260428,160000,2100050,IMPC,0,2150,100,XL,D,ZP,F,5660179,5714862,2026-04-28T17:02:57.688431732Z,56202927
20260428,160000,2100051,IMPC,0,2150,3400,XL,D,BK,F,5660179,5656012,2026-04-28T17:02:57.688461695Z,56202928
20260428,160000,2100052,IMPC,0,2150,300,XL,D,BK,F,5660179,5656194,2026-04-28T17:02:57.688464745Z,56202929
20260428,160000,2100053,IMPC,0,2150,8900,XL,D,BK,F,5665706,5656194,2026-04-28T17:02:57.688467578Z,56202930
20260428,160000,2100054,IMPC,0,2150,11400,XL,D,BK,F,5665706,5699215,2026-04-28T17:02:57.688470535Z,56202931
20260428,160000,2100055,IMPC,0,2150,300,XL,D,BK,F,5665706,5711574,2026-04-28T17:02:57.688473433Z,56202932
20260428,160000,2100056,IMPC,0,2150,100,XL,D,BK,F,5665706,5714304,2026-04-28T17:02:57.688516293Z,56202933
20260428,160000,2100057,IMPC,0,2150,11400,XL,D,YB,D,5665706,5707061,2026-04-28T17:02:57.688519353Z,56202934
20260428,160000,2100058,IMPC,0,2150,2300,XL,D,CC,D,5665706,5663618,2026-04-28T17:02:57.688522208Z,56202935
20260428,160000,2100059,IMPC,0,2150,6600,XL,D,BQ,D,5665706,5711484,2026-04-28T17:02:57.688525085Z,56202936
20260428,160000,2100060,IMPC,0,2150,3400,CP,D,BQ,D,5674917,5711484,2026-04-28T17:02:57.688528106Z,56202937
20260428,160000,2100061,IMPC,0,2150,500,CP,D,LG,D,5674917,5679935,2026-04-28T17:02:57.688559814Z,56202938
20260428,160000,2100062,IMPC,0,2150,6100,CP,D,CP,D,5674917,5662791,2026-04-28T17:02:57.688563258Z,56202939
20260428,160000,2100063,IMPC,0,2150,5000,YP,D,CP,D,5675039,5662791,2026-04-28T17:02:57.688566585Z,56202940
20260428,160000,2100064,IMPC,0,2150,1000,EP,D,CP,D,5687199,5662791,2026-04-28T17:02:57.688569959Z,56202941
20260428,160000,2100065,IMPC,0,2150,1000,XL,D,CP,D,5694779,5662791,2026-04-28T17:02:57.688596349Z,56202942
20260428,160000,2100066,IMPC,0,2150,1200,XL,D,CP,D,5703178,5662791,2026-04-28T17:02:57.688599333Z,56202943
20260428,160000,2100067,IMPC,0,2150,2500,XL,D,CP,D,5703291,5662791,2026-04-28T17:02:57.688623227Z,56202944
20260428,160000,2100068,IMPC,0,2150,500,YP,D,CP,D,5710853,5662791,2026-04-28T17:02:57.688626695Z,56202945
20260428,160000,2100069,IMPC,0,2150,4800,OD,D,CP,D,5710893,5662791,2026-04-28T17:02:57.688649007Z,56202946
20260428,160000,2100070,IMPC,0,2150,1100,XL,D,CP,D,5711537,5662791,2026-04-28T17:02:57.688661556Z,56202947
20260428,160000,2100071,IMPC,0,2150,4100,CC,F,CP,D,5714436,5662791,2026-04-28T17:02:57.688683846Z,56202948
20260428,160000,2100072,IMPC,0,2150,5000,CP,D,CP,D,5715856,5662791,2026-04-28T17:02:57.688696521Z,56202949
20260428,160000,2100073,IMPC,0,2150,700,XC,D,CP,D,4489317,5662791,2026-04-28T17:02:57.688712458Z,56202950
20260428,160000,2100074,IMPC,0,2150,2300,XC,D,XA,D,4489317,5675491,2026-04-28T17:02:57.688715439Z,56202951
20260428,160000,2100075,IMPC,0,2150,10000,XL,D,XA,D,4509626,5675491,2026-04-28T17:02:57.688731707Z,56202952
20260428,160000,2100076,IMPC,0,2150,100,BQ,D,XA,D,4517951,5675491,2026-04-28T17:02:57.688735702Z,56202953
20260428,160000,2100077,IMPC,0,2150,1700,XL,D,XA,D,4520930,5675491,2026-04-28T17:02:57.68874038Z,56202954
20260428,160000,2100078,IMPC,0,2150,500,XL,D,XA,D,4530489,5675491,2026-04-28T17:02:57.68875542Z,56202955
20260428,160000,2100079,IMPC,0,2150,1000,XC,D,XA,D,4541390,5675491,2026-04-28T17:02:57.688793855Z,56202956
20260428,160000,2100080,IMPC,0,2150,100,KK,D,XA,D,4569521,5675491,2026-04-28T17:02:57.688798668Z,56202957
20260428,160000,2100081,IMPC,0,2150,2500,XL,D,XA,D,4589759,5675491,2026-04-28T17:02:57.688804023Z,56202958
20260428,160000,2100082,IMPC,0,2150,100,PD,D,XA,D,4657637,5675491,2026-04-28T17:02:57.688808653Z,56202959
20260428,160000,2100083,IMPC,0,2150,100,XL,D,XA,D,4657955,5675491,2026-04-28T17:02:57.688813136Z,56202960
20260428,160000,2100084,IMPC,0,2150,8000,XL,D,XA,D,4672420,5675491,2026-04-28T17:02:57.688827615Z,56202961
20260428,160000,2100085,IMPC,0,2150,1000,XL,D,XA,D,4726866,5675491,2026-04-28T17:02:57.688845501Z,56202962
20260428,160000,2100086,IMPC,0,2150,1000,CC,D,XA,D,4731279,5675491,2026-04-28T17:02:57.688862231Z,56202963
20260428,160000,2100087,IMPC,0,2150,12000,CP,D,XA,D,4741705,5675491,2026-04-28T17:02:57.688865301Z,56202964
20260428,160000,2100088,IMPC,0,2150,2700,XL,D,XA,D,4747984,5675491,2026-04-28T17:02:57.688881033Z,56202965
20260428,160000,2100089,IMPC,0,2150,600,XL,D,XA,D,4762124,5675491,2026-04-28T17:02:57.688884082Z,56202966
20260428,160000,2100090,IMPC,0,2150,100,PD,D,XA,D,4763878,5675491,2026-04-28T17:02:57.688887217Z,56202967
20260428,160000,2100091,IMPC,0,2150,6200,XL,D,XA,D,4766775,5675491,2026-04-28T17:02:57.688931591Z,56202968
20260428,160000,2100092,IMPC,0,2150,1000,XL,D,YP,D,4766775,5696484,2026-04-28T17:02:57.688934986Z,56202969
20260428,160000,2100093,IMPC,0,2150,4700,XL,D,CP,D,4766775,5696972,2026-04-28T17:02:57.688938657Z,56202970
20260428,160000,2100094,IMPC,0,2150,3500,XL,D,CP,D,4775139,5696972,2026-04-28T17:02:57.688942024Z,56202971
20260428,160000,2100095,IMPC,0,2150,2800,XL,D,CP,D,4779211,5696972,2026-04-28T17:02:57.688958967Z,56202972
20260428,160000,2100096,IMPC,0,2150,400,XL,D,CP,D,4790694,5696972,2026-04-28T17:02:57.688979797Z,56202973
20260428,160000,2100097,IMPC,0,2150,1000,MG,D,CP,D,4814948,5696972,2026-04-28T17:02:57.688983328Z,56202974
20260428,160000,2100098,IMPC,0,2150,2600,XL,D,CP,D,4867969,5696972,2026-04-28T17:02:57.689018303Z,56202975
20260428,160000,2100099,IMPC,0,2150,500,XL,D,XL,D,4867969,5705984,2026-04-28T17:02:57.689021422Z,56202976
20260428,160000,2100100,IMPC,0,2150,1900,XL,D,XL,D,4867969,5714146,2026-04-28T17:02:57.68902442Z,56202977
20260428,160000,2100101,IMPC,0,2150,600,YP,D,XL,D,4885758,5714146,2026-04-28T17:02:57.689055791Z,56202978
