"timestamp_wib","timestamp_utc","stock","market","command","price","volume","buyer","buyer_type","seller","seller_type","buyer_order_no","seller_order_no","trade_no"
"2026-04-28T08:58:00.000000Z","2026-04-28T01:58:00.000000Z","IMPC","RG",0,2150.0,1600,"XL","D","XL","D",211079,218661,12259
"2026-04-28T08:58:00.000000Z","2026-04-28T01:58:00.000000Z","IMPC","RG",0,2150.0,700,"AZ","D","XL","D",214020,218661,12260
"2026-04-28T08:58:00.000000Z","2026-04-28T01:58:00.000000Z","IMPC","RG",0,2150.0,9300,"AZ","D","AK","F",214020,441780,12261
"2026-04-28T08:58:00.000000Z","2026-04-28T01:58:00.000000Z","IMPC","RG",0,2150.0,1000,"XC","D","AK","F",222433,441780,12262
"2026-04-28T08:58:00.000000Z","2026-04-28T01:58:00.000000Z","IMPC","RG",0,2150.0,400,"XL","D","AK","F",451706,441780,12263
"2026-04-28T08:58:00.000000Z","2026-04-28T01:58:00.000000Z","IMPC","RG",0,2150.0,1000,"XL","D","AK","F",452766,441780,12264
"2026-04-28T08:58:00.000000Z","2026-04-28T01:58:00.000000Z","IMPC","RG",0,2150.0,1100,"XL","D","AK","F",455917,441780,12265
"2026-04-28T08:58:00.000000Z","2026-04-28T01:58:00.000000Z","IMPC","RG",0,2150.0,5000,"XL","D","AK","F",465215,441780,12266
"2026-04-28T08:58:00.000000Z","2026-04-28T01:58:00.000000Z","IMPC","RG",0,2150.0,2300,"XL","D","AK","F",473472,441780,12267
"2026-04-28T08:58:00.000000Z","2026-04-28T01:58:00.000000Z","IMPC","RG",0,2150.0,200,"XL","D","AK","F",473472,437688,12268
"2026-04-28T08:58:00.000000Z","2026-04-28T01:58:00.000000Z","IMPC","RG",0,2150.0,100,"XL","D","AK","F",473472,438461,12269
"2026-04-28T08:58:00.000000Z","2026-04-28T01:58:00.000000Z","IMPC","RG",0,2150.0,1900,"XL","D","BK","F",473472,5705,12270
"2026-04-28T08:58:00.000000Z","2026-04-28T01:58:00.000000Z","IMPC","RG",0,2150.0,500,"XL","D","CC","D",473472,252290,12271
"2026-04-28T08:58:00.000000Z","2026-04-28T01:58:00.000000Z","IMPC","RG",0,2150.0,300,"ZP","F","CC","D",475729,252290,12272
"2026-04-28T08:58:00.000000Z","2026-04-28T01:58:00.000000Z","IMPC","RG",0,2150.0,900,"ZP","F","CC","D",486841,252290,12273
"2026-04-28T08:58:00.000000Z","2026-04-28T01:58:00.000000Z","IMPC","RG",0,2150.0,1800,"ZP","F","CC","D",492680,252290,12274
"2026-04-28T08:58:00.000000Z","2026-04-28T01:58:00.000000Z","IMPC","RG",0,2150.0,1800,"ZP","F","KI","D",492680,484602,12275
"2026-04-28T08:58:00.000000Z","2026-04-28T01:58:00.000000Z","IMPC","RG",0,2150.0,3800,"CC","F","KI","D",506913,484602,12276
"2026-04-28T08:58:00.000000Z","2026-04-28T01:58:00.000000Z","IMPC","RG",0,2150.0,100,"XL","D","KI","D",218142,484602,12277
"2026-04-28T08:58:00.000000Z","2026-04-28T01:58:00.000000Z","IMPC","RG",0,2150.0,200,"XL","D","KI","D",221344,484602,12278
"2026-04-28T08:58:00.000000Z","2026-04-28T01:58:00.000000Z","IMPC","RG",0,2150.0,300,"XL","D","KI","D",41028,484602,12279
"2026-04-28T08:58:00.000000Z","2026-04-28T01:58:00.000000Z","IMPC","RG",0,2150.0,300,"XL","D","KI","D",140190,484602,12280
"2026-04-28T08:58:00.000000Z","2026-04-28T01:58:00.000000Z","IMPC","RG",0,2150.0,1000,"XL","D","KI","D",170798,484602,12281
"2026-04-28T08:58:00.000000Z","2026-04-28T01:58:00.000000Z","IMPC","RG",0,2150.0,1000,"EP","D","KI","D",474085,484602,12282
"2026-04-28T08:58:00.000000Z","2026-04-28T01:58:00.000000Z","IMPC","RG",0,2150.0,50000,"YJ","D","KI","D",1396,484602,12283
"2026-04-28T08:58:00.000000Z","2026-04-28T01:58:00.000000Z","IMPC","RG",0,2150.0,3300,"XL","D","KI","D",42579,484602,12284
"2026-04-28T08:58:00.000000Z","2026-04-28T01:58:00.000000Z","IMPC","RG",0,2150.0,200,"XL","D","KI","D",77029,484602,12285
"2026-04-28T08:58:00.000000Z","2026-04-28T01:58:00.000000Z","IMPC","RG",0,2150.0,300,"XC","D","KI","D",259504,484602,12286
"2026-04-28T08:58:00.000000Z","2026-04-28T01:58:00.000000Z","IMPC","RG",0,2150.0,500,"XL","D","KI","D",399896,484602,12287
"2026-04-28T08:58:00.000000Z","2026-04-28T01:58:00.000000Z","IMPC","RG",0,2150.0,100,"XC","D","KI","D",456144,484602,12288
"2026-04-28T08:58:00.000000Z","2026-04-28T01:58:00.000000Z","IMPC","RG",0,2150.0,100,"XL","D","KI","D",458562,484602,12289
"2026-04-28T08:58:00.000000Z","2026-04-28T01:58:00.000000Z","IMPC","RG",0,2150.0,12000,"XL","D","KI","D",461262,484602,12290
"2026-04-28T08:58:00.000000Z","2026-04-28T01:58:00.000000Z","IMPC","RG",0,2150.0,100,"XC","D","KI","D",470414,484602,12291
"2026-04-28T08:58:00.000000Z","2026-04-28T01:58:00.000000Z","IMPC","RG",0,2150.0,50000,"XL","D","KI","D",473413,484602,12292
"2026-04-28T08:58:00.000000Z","2026-04-28T01:58:00.000000Z","IMPC","RG",0,2150.0,200,"YP","D","KI","D",477116,484602,12293
"2026-04-28T08:58:00.000000Z","2026-04-28T01:58:00.000000Z","IMPC","RG",0,2150.0,2200,"LG","D","KI","D",479981,484602,12294
"2026-04-28T08:58:00.000000Z","2026-04-28T01:58:00.000000Z","IMPC","RG",0,2150.0,200,"LG","D","XL","D",479981,191764,12295
"2026-04-28T08:58:00.000000Z","2026-04-28T01:58:00.000000Z","IMPC","RG",0,2150.0,1000,"LG","D","XC","D",479981,276993,12296
"2026-04-28T08:58:00.000000Z","2026-04-28T01:58:00.000000Z","IMPC","RG",0,2150.0,300,"LG","D","XC","D",479981,331426,12297
"2026-04-28T08:58:00.000000Z","2026-04-28T01:58:00.000000Z","IMPC","RG",0,2150.0,100,"LG","D","KK","D",479981,443426,12298
"2026-04-28T08:58:00.000000Z","2026-04-28T01:58:00.000000Z","IMPC","RG",0,2150.0,1200,"LG","D","XC","D",479981,458940,12299
"2026-04-28T08:58:00.000000Z","2026-04-28T01:58:00.000000Z","IMPC","RG",0,2150.0,400,"XL","D","XC","D",490780,458940,12300
"2026-04-28T09:00:01.000000Z","2026-04-28T02:00:01.000000Z","IMPC","RG",0,2140.0,8600,"CC","D","KI","D",353806,513173,31708
"2026-04-28T09:00:01.000000Z","2026-04-28T02:00:01.000000Z","IMPC","RG",0,2140.0,500,"XL","D","KI","D",427147,513173,31709
"2026-04-28T09:00:01.000000Z","2026-04-28T02:00:01.000000Z","IMPC","RG",0,2140.0,1000,"YB","D","KI","D",443448,513173,31710
"2026-04-28T09:00:01.000000Z","2026-04-28T02:00:01.000000Z","IMPC","RG",0,2140.0,2000,"XL","D","KI","D",445801,513173,31711
"2026-04-28T09:00:01.000000Z","2026-04-28T02:00:01.000000Z","IMPC","RG",0,2140.0,500,"XL","D","KI","D",447681,513173,31712
"2026-04-28T09:00:01.000000Z","2026-04-28T02:00:01.000000Z","IMPC","RG",0,2140.0,100,"XC","D","KI","D",455140,513173,31713
"2026-04-28T09:00:01.000000Z","2026-04-28T02:00:01.000000Z","IMPC","RG",0,2140.0,1000,"OD","D","KI","D",473144,513173,31714
"2026-04-28T09:00:01.000000Z","2026-04-28T02:00:01.000000Z","IMPC","RG",0,2140.0,7700,"SQ","D","KI","D",482636,513173,31715
"2026-04-28T09:00:01.000000Z","2026-04-28T02:00:01.000000Z","IMPC","RG",0,2140.0,1100,"SQ","D","KI","D",482636,513210,31723
"2026-04-28T09:00:01.000000Z","2026-04-28T02:00:01.000000Z","IMPC","RG",0,2140.0,10000,"SQ","D","KI","D",483321,513210,31724
"2026-04-28T09:00:01.000000Z","2026-04-28T02:00:01.000000Z","IMPC","RG",0,2140.0,1800,"YP","D","KI","D",486091,513210,31725
"2026-04-28T09:00:01.000000Z","2026-04-28T02:00:01.000000Z","IMPC","RG",0,2150.0,7500,"MG","D","XC","D",511963,458940,31543
"2026-04-28T09:00:01.000000Z","2026-04-28T02:00:01.000000Z","IMPC","RG",0,2150.0,2500,"MG","D","KI","D",511963,511178,31544
"2026-04-28T09:00:01.000000Z","2026-04-28T02:00:01.000000Z","IMPC","RG",0,2140.0,5000,"KK","D","KI","D",16690,512738,31645
"2026-04-28T09:00:01.000000Z","2026-04-28T02:00:01.000000Z","IMPC","RG",0,2140.0,400,"XL","D","KI","D",76827,512738,31646
"2026-04-28T09:00:01.000000Z","2026-04-28T02:00:01.000000Z","IMPC","RG",0,2140.0,500,"SQ","D","KI","D",83220,512738,31647
"2026-04-28T09:00:01.000000Z","2026-04-28T02:00:01.000000Z","IMPC","RG",0,2140.0,100,"YP","D","KI","D",125044,512738,31648
"2026-04-28T09:00:01.000000Z","2026-04-28T02:00:01.000000Z","IMPC","RG",0,2140.0,1800,"XL","D","KI","D",133715,512738,31649
"2026-04-28T09:00:01.000000Z","2026-04-28T02:00:01.000000Z","IMPC","RG",0,2140.0,1800,"XL","D","KI","D",135979,512738,31650
"2026-04-28T09:00:01.000000Z","2026-04-28T02:00:01.000000Z","IMPC","RG",0,2140.0,600,"XL","D","KI","D",158829,512738,31651
"2026-04-28T09:00:01.000000Z","2026-04-28T02:00:01.000000Z","IMPC","RG",0,2140.0,1600,"CC","D","KI","D",183151,512738,31652
"2026-04-28T09:00:01.000000Z","2026-04-28T02:00:01.000000Z","IMPC","RG",0,2140.0,1000,"XL","D","KI","D",206227,512738,31653
"2026-04-28T09:00:01.000000Z","2026-04-28T02:00:01.000000Z","IMPC","RG",0,2140.0,1400,"XL","D","KI","D",210412,512738,31654
"2026-04-28T09:00:01.000000Z","2026-04-28T02:00:01.000000Z","IMPC","RG",0,2140.0,500,"AZ","D","KI","D",211750,512738,31655
"2026-04-28T09:00:01.000000Z","2026-04-28T02:00:01.000000Z","IMPC","RG",0,2140.0,8800,"XL","D","KI","D",219430,512738,31656
"2026-04-28T09:00:01.000000Z","2026-04-28T02:00:01.000000Z","IMPC","RG",0,2140.0,5200,"XL","D","KI","D",219430,513133,31703
"2026-04-28T09:00:01.000000Z","2026-04-28T02:00:01.000000Z","IMPC","RG",0,2140.0,6400,"CC","D","KI","D",353806,513133,31704
"2026-04-28T09:00:01.000000Z","2026-04-28T02:00:01.000000Z","IMPC","RG",0,2150.0,11000,"CP","D","KI","D",513563,511178,31788
"2026-04-28T09:00:01.000000Z","2026-04-28T02:00:01.000000Z","IMPC","RG",0,2150.0,9000,"CP","D","KI","D",513563,512498,31789
"2026-04-28T09:00:01.000000Z","2026-04-28T02:00:01.000000Z","IMPC","RG",0,2150.0,1800,"CP","D","KI","D",513622,512498,31798
"2026-04-28T09:00:01.000000Z","2026-04-28T02:00:01.000000Z","IMPC","RG",0,2150.0,1900,"CP","D","BK","F",513622,514623,32065
"2026-04-28T09:00:02.000000Z","2026-04-28T02:00:02.000000Z","IMPC","RG",0,2170.0,3600,"XL","D","CP","D",534271,443396,37977
"2026-04-28T09:00:03.000000Z","2026-04-28T02:00:03.000000Z","IMPC","RG",0,2170.0,3700,"ZP","F","CP","D",537632,443396,38426
"2026-04-28T09:00:03.000000Z","2026-04-28T02:00:03.000000Z","IMPC","RG",0,2170.0,200,"ZP","F","BK","F",537632,517905,38427
"2026-04-28T09:00:13.000000Z","2026-04-28T02:00:13.000000Z","IMPC","RG",0,2160.0,17100,"CC","F","XL","D",561656,578188,49758
"2026-04-28T09:00:13.000000Z","2026-04-28T02:00:13.000000Z","IMPC","RG",0,2160.0,17900,"CC","F","AK","F",561656,578232,49764
"2026-04-28T09:00:15.000000Z","2026-04-28T02:00:15.000000Z","IMPC","RG",0,2160.0,14400,"XL","D","KI","D",563550,579882,50868
"2026-04-28T09:00:17.000000Z","2026-04-28T02:00:17.000000Z","IMPC","RG",0,2160.0,4600,"XL","D","AK","F",563550,581630,51923
"2026-04-28T09:00:17.000000Z","2026-04-28T02:00:17.000000Z","IMPC","RG",0,2160.0,2500,"XL","D","AK","F",572493,581630,51924
"2026-04-28T09:00:23.000000Z","2026-04-28T02:00:23.000000Z","IMPC","RG",0,2170.0,15400,"XL","D","BK","F",586741,517905,54242
"2026-04-28T09:00:23.000000Z","2026-04-28T02:00:23.000000Z","IMPC","RG",0,2170.0,500,"XL","D","AK","F",586741,546501,54243
"2026-04-28T09:00:23.000000Z","2026-04-28T02:00:23.000000Z","IMPC","RG",0,2170.0,6900,"XL","D","AK","F",586741,547907,54244
"2026-04-28T09:00:34.000000Z","2026-04-28T02:00:34.000000Z","IMPC","RG",0,2160.0,15000,"--","-","--","-",0,591610,58926
"2026-04-28T09:00:42.000000Z","2026-04-28T02:00:42.000000Z","IMPC","RG",0,2160.0,4000,"CC","D","CC","F",604738,591610,61997
"2026-04-28T09:00:42.000000Z","2026-04-28T02:00:42.000000Z","IMPC","RG",0,2160.0,15800,"CC","D","AK","F",604738,591838,61998
"2026-04-28T09:00:42.000000Z","2026-04-28T02:00:42.000000Z","IMPC","RG",0,2160.0,2200,"CC","D","BK","F",604738,595304,61999
"2026-04-28T09:00:42.000000Z","2026-04-28T02:00:42.000000Z","IMPC","RG",0,2160.0,200,"CC","D","AK","F",604738,597140,62000
"2026-04-28T09:00:42.000000Z","2026-04-28T02:00:42.000000Z","IMPC","RG",0,2160.0,3800,"CC","D","AK","F",604738,597143,62001
"2026-04-28T09:00:42.000000Z","2026-04-28T02:00:42.000000Z","IMPC","RG",0,2160.0,3600,"CC","D","AK","F",604738,597145,62002
"2026-04-28T09:00:42.000000Z","2026-04-28T02:00:42.000000Z","IMPC","RG",0,2160.0,1000,"CC","D","AK","F",604738,597164,62003
"2026-04-28T09:00:42.000000Z","2026-04-28T02:00:42.000000Z","IMPC","RG",0,2160.0,6300,"CC","D","AK","F",604738,597165,62004
"2026-04-28T09:00:42.000000Z","2026-04-28T02:00:42.000000Z","IMPC","RG",0,2160.0,9100,"CC","D","KI","D",604738,603178,62005
"2026-04-28T09:00:42.000000Z","2026-04-28T02:00:42.000000Z","IMPC","RG",0,2160.0,4000,"CC","D","AK","F",604738,604826,62032
"2026-04-28T09:00:43.000000Z","2026-04-28T02:00:43.000000Z","IMPC","RG",0,2170.0,200,"ZP","F","KK","D",605419,589205,62645
"2026-04-28T09:00:43.000000Z","2026-04-28T02:00:43.000000Z","IMPC","RG",0,2170.0,200,"ZP","F","XL","D",605419,590017,62646
"2026-04-28T09:00:43.000000Z","2026-04-28T02:00:43.000000Z","IMPC","RG",0,2170.0,3300,"ZP","F","KI","D",605419,590970,62647
"2026-04-28T09:00:45.000000Z","2026-04-28T02:00:45.000000Z","IMPC","RG",0,2170.0,8400,"XL","D","KI","D",607124,590970,63606
"2026-04-28T09:00:45.000000Z","2026-04-28T02:00:45.000000Z","IMPC","RG",0,2170.0,8600,"XL","D","AK","F",607124,604878,63607
"2026-04-28T09:00:45.000000Z","2026-04-28T02:00:45.000000Z","IMPC","RG",0,2170.0,200,"XL","D","AK","F",607124,605639,63608
"2026-04-28T09:00:45.000000Z","2026-04-28T02:00:45.000000Z","IMPC","RG",0,2170.0,22800,"XL","D","AK","F",607124,607181,63621
"2026-04-28T09:00:53.000000Z","2026-04-28T02:00:53.000000Z","IMPC","RG",0,2170.0,100,"XL","D","CC","F",614076,611732,66549
"2026-04-28T09:00:53.000000Z","2026-04-28T02:00:53.000000Z","IMPC","RG",0,2170.0,1200,"XL","D","CC","F",614228,611732,66628
"2026-04-28T09:00:56.000000Z","2026-04-28T02:00:56.000000Z","IMPC","RG",0,2170.0,2100,"AK","F","BK","F",617186,612742,67735
"2026-04-28T09:00:56.000000Z","2026-04-28T02:00:56.000000Z","IMPC","RG",0,2170.0,4800,"AK","F","AK","F",617186,612923,67736
"2026-04-28T09:01:00.000000Z","2026-04-28T02:01:00.000000Z","IMPC","RG",0,2180.0,500,"--","-","--","-",0,298461,69050
"2026-04-28T09:01:02.000000Z","2026-04-28T02:01:02.000000Z","IMPC","RG",0,2180.0,19500,"--","-","--","-",0,298461,69767
"2026-04-28T09:01:02.000000Z","2026-04-28T02:01:02.000000Z","IMPC","RG",0,2180.0,2000,"--","-","--","-",0,496532,69768
"2026-04-28T09:01:02.000000Z","2026-04-28T02:01:02.000000Z","IMPC","RG",0,2180.0,4600,"--","-","--","-",0,617302,69769
"2026-04-28T09:01:02.000000Z","2026-04-28T02:01:02.000000Z","IMPC","RG",0,2190.0,1700,"--","-","--","-",0,466453,69884
"2026-04-28T09:01:02.000000Z","2026-04-28T02:01:02.000000Z","IMPC","RG",0,2190.0,900,"--","-","--","-",0,578679,69885
"2026-04-28T09:01:02.000000Z","2026-04-28T02:01:02.000000Z","IMPC","RG",0,2190.0,8800,"--","-","--","-",0,619019,69886
"2026-04-28T09:01:02.000000Z","2026-04-28T02:01:02.000000Z","IMPC","RG",0,2190.0,3400,"--","-","--","-",0,622629,69887
"2026-04-28T09:01:06.000000Z","2026-04-28T02:01:06.000000Z","IMPC","RG",0,2190.0,5000,"--","-","--","-",0,626460,71034
"2026-04-28T09:01:12.000000Z","2026-04-28T02:01:12.000000Z","IMPC","RG",0,2190.0,100,"--","-","--","-",0,631729,73798
"2026-04-28T09:01:18.000000Z","2026-04-28T02:01:18.000000Z","IMPC","RG",0,2200.0,2000,"XL","D","YP","D",637075,29974,76708
"2026-04-28T09:01:18.000000Z","2026-04-28T02:01:18.000000Z","IMPC","RG",0,2190.0,1000,"YB","D","PD","D",633408,637126,76727
"2026-04-28T09:01:25.000000Z","2026-04-28T02:01:25.000000Z","IMPC","RG",0,2200.0,10500,"CC","D","YP","D",642627,29974,78955
"2026-04-28T09:01:25.000000Z","2026-04-28T02:01:25.000000Z","IMPC","RG",0,2200.0,400,"CC","D","XL","D",642627,220571,78956
"2026-04-28T09:01:25.000000Z","2026-04-28T02:01:25.000000Z","IMPC","RG",0,2200.0,4000,"CC","D","XC","D",642627,338242,78957
"2026-04-28T09:01:25.000000Z","2026-04-28T02:01:25.000000Z","IMPC","RG",0,2200.0,2300,"CC","D","XL","D",642627,453392,78958
"2026-04-28T09:01:25.000000Z","2026-04-28T02:01:25.000000Z","IMPC","RG",0,2200.0,2500,"CC","D","XL","D",642627,478005,78959
"2026-04-28T09:01:25.000000Z","2026-04-28T02:01:25.000000Z","IMPC","RG",0,2200.0,300,"CC","D","KI","D",642627,507318,78960
"2026-04-28T09:01:25.000000Z","2026-04-28T02:01:25.000000Z","IMPC","RG",0,2190.0,9000,"YB","D","XL","D",633408,643081,79078
"2026-04-28T09:01:25.000000Z","2026-04-28T02:01:25.000000Z","IMPC","RG",0,2190.0,1000,"XL","D","XL","D",636016,643081,79079
"2026-04-28T09:01:25.000000Z","2026-04-28T02:01:25.000000Z","IMPC","RG",0,2190.0,200,"CC","D","XL","D",639928,643081,79080
"2026-04-28T09:01:25.000000Z","2026-04-28T02:01:25.000000Z","IMPC","RG",0,2190.0,3500,"NI","D","XL","D",642644,643081,79081
"2026-04-28T09:01:25.000000Z","2026-04-28T02:01:25.000000Z","IMPC","RG",0,2200.0,3900,"ZP","F","KI","D",643186,507318,79176
"2026-04-28T09:01:27.000000Z","2026-04-28T02:01:27.000000Z","IMPC","RG",0,2190.0,6500,"NI","D","MG","D",642644,644050,79419
"2026-04-28T09:01:28.000000Z","2026-04-28T02:01:28.000000Z","IMPC","RG",0,2190.0,1000,"XL","D","MG","D",645236,644050,79855
"2026-04-28T09:01:28.000000Z","2026-04-28T02:01:28.000000Z","IMPC","RG",0,2190.0,300,"XL","D","MG","D",645578,644050,79965
"2026-04-28T09:01:32.000000Z","2026-04-28T02:01:32.000000Z","IMPC","RG",0,2190.0,1200,"XL","D","MG","D",650182,644050,81230
"2026-04-28T09:01:38.000000Z","2026-04-28T02:01:38.000000Z","IMPC","RG",0,2190.0,1000,"AK","F","MG","D",654157,644050,82714
"2026-04-28T09:01:38.000000Z","2026-04-28T02:01:38.000000Z","IMPC","RG",0,2190.0,200,"AK","F","AK","F",654157,645454,82715
"2026-04-28T09:01:38.000000Z","2026-04-28T02:01:38.000000Z","IMPC","RG",0,2190.0,200,"AK","F","AK","F",654157,645455,82716
"2026-04-28T09:01:38.000000Z","2026-04-28T02:01:38.000000Z","IMPC","RG",0,2190.0,3400,"AK","F","AK","F",654157,645456,82717
"2026-04-28T09:01:38.000000Z","2026-04-28T02:01:38.000000Z","IMPC","RG",0,2190.0,4400,"AK","F","AK","F",654157,645496,82718
"2026-04-28T09:01:46.000000Z","2026-04-28T02:01:46.000000Z","IMPC","RG",0,2190.0,1000,"XL","D","XL","D",659239,661416,85458
"2026-04-28T09:01:47.000000Z","2026-04-28T02:01:47.000000Z","IMPC","RG",0,2190.0,100,"XL","D","AK","F",659239,662314,85807
"2026-04-28T09:01:51.000000Z","2026-04-28T02:01:51.000000Z","IMPC","RG",0,2190.0,500,"XL","D","XL","D",664027,665524,87065
"2026-04-28T09:01:57.000000Z","2026-04-28T02:01:57.000000Z","IMPC","RG",0,2190.0,400,"XL","D","XL","D",664027,670293,88684
"2026-04-28T09:01:57.000000Z","2026-04-28T02:01:57.000000Z","IMPC","RG",0,2200.0,100,"XL","D","KI","D",670473,507318,88725
"2026-04-28T09:01:58.000000Z","2026-04-28T02:01:58.000000Z","IMPC","RG",0,2200.0,1000,"XL","D","KI","D",670746,507318,88808
"2026-04-28T09:02:00.000000Z","2026-04-28T02:02:00.000000Z","IMPC","RG",0,2200.0,5500,"XL","D","KI","D",672531,507318,89339
"2026-04-28T09:02:00.000000Z","2026-04-28T02:02:00.000000Z","IMPC","RG",0,2200.0,5200,"XL","D","KI","D",672531,512458,89340
"2026-04-28T09:02:06.000000Z","2026-04-28T02:02:06.000000Z","IMPC","RG",0,2200.0,8300,"KK","D","KI","D",677916,512458,91532
"2026-04-28T09:02:06.000000Z","2026-04-28T02:02:06.000000Z","IMPC","RG",0,2200.0,6700,"KK","D","XL","D",677916,531181,91533
"2026-04-28T09:02:09.000000Z","2026-04-28T02:02:09.000000Z","IMPC","RG",0,2200.0,2100,"XL","D","XL","D",680082,531181,92291
"2026-04-28T09:02:09.000000Z","2026-04-28T02:02:09.000000Z","IMPC","RG",0,2200.0,1400,"XL","D","XL","D",680082,563568,92292
"2026-04-28T09:02:09.000000Z","2026-04-28T02:02:09.000000Z","IMPC","RG",0,2200.0,1000,"XL","D","OD","D",680082,631761,92293
"2026-04-28T09:02:09.000000Z","2026-04-28T02:02:09.000000Z","IMPC","RG",0,2200.0,1200,"XL","D","XL","D",680082,637120,92294
"2026-04-28T09:02:09.000000Z","2026-04-28T02:02:09.000000Z","IMPC","RG",0,2200.0,700,"XL","D","XL","D",680082,638386,92295
"2026-04-28T09:02:09.000000Z","2026-04-28T02:02:09.000000Z","IMPC","RG",0,2200.0,4800,"XL","D","AK","F",680082,638513,92296
"2026-04-28T09:02:09.000000Z","2026-04-28T02:02:09.000000Z","IMPC","RG",0,2200.0,500,"XL","D","CC","D",680082,651541,92297
"2026-04-28T09:02:09.000000Z","2026-04-28T02:02:09.000000Z","IMPC","RG",0,2200.0,6200,"XL","D","AK","F",680082,654286,92298
"2026-04-28T09:02:09.000000Z","2026-04-28T02:02:09.000000Z","IMPC","RG",0,2200.0,8800,"XL","D","XL","D",680082,656406,92299
"2026-04-28T09:02:09.000000Z","2026-04-28T02:02:09.000000Z","IMPC","RG",0,2200.0,2000,"XL","D","BK","F",680082,656942,92300
"2026-04-28T09:02:09.000000Z","2026-04-28T02:02:09.000000Z","IMPC","RG",0,2200.0,7600,"XL","D","KI","D",680082,659289,92301
"2026-04-28T09:02:09.000000Z","2026-04-28T02:02:09.000000Z","IMPC","RG",0,2200.0,3100,"XL","D","AK","F",680082,661601,92302
"2026-04-28T09:02:09.000000Z","2026-04-28T02:02:09.000000Z","IMPC","RG",0,2200.0,300,"XL","D","AK","F",680082,665703,92303
"2026-04-28T09:02:09.000000Z","2026-04-28T02:02:09.000000Z","IMPC","RG",0,2200.0,5000,"XL","D","CC","D",680082,670077,92304
"2026-04-28T09:02:09.000000Z","2026-04-28T02:02:09.000000Z","IMPC","RG",0,2200.0,28200,"XL","D","CC","F",680082,670397,92305
"2026-04-28T09:02:10.000000Z","2026-04-28T02:02:10.000000Z","IMPC","RG",0,2200.0,5000,"XL","D","CC","F",681231,670397,92724
"2026-04-28T09:02:12.000000Z","2026-04-28T02:02:12.000000Z","IMPC","RG",0,2200.0,500,"XL","D","CC","F",682871,670397,93276
"2026-04-28T09:02:12.000000Z","2026-04-28T02:02:12.000000Z","IMPC","RG",0,2200.0,3100,"XL","D","AK","F",682871,672737,93277
"2026-04-28T09:02:13.000000Z","2026-04-28T02:02:13.000000Z","IMPC","RG",0,2200.0,600,"KK","D","AK","F",683447,672737,93414
"2026-04-28T09:02:13.000000Z","2026-04-28T02:02:13.000000Z","IMPC","RG",0,2200.0,100,"KK","D","BK","F",683447,674091,93415
"2026-04-28T09:02:13.000000Z","2026-04-28T02:02:13.000000Z","IMPC","RG",0,2200.0,4300,"KK","D","AK","F",683447,680183,93416
"2026-04-28T09:02:21.000000Z","2026-04-28T02:02:21.000000Z","IMPC","RG",0,2200.0,600,"XL","D","AK","F",689630,680183,95456
"2026-04-28T09:02:21.000000Z","2026-04-28T02:02:21.000000Z","IMPC","RG",0,2200.0,1700,"XL","D","AK","F",689630,680960,95457
"2026-04-28T09:02:38.000000Z","2026-04-28T02:02:38.000000Z","IMPC","RG",0,2190.0,15000,"--","-","--","-",664027,0,99948
"2026-04-28T09:02:38.000000Z","2026-04-28T02:02:38.000000Z","IMPC","RG",0,2200.0,2100,"--","-","--","-",0,680960,100110
"2026-04-28T09:02:38.000000Z","2026-04-28T02:02:38.000000Z","IMPC","RG",0,2200.0,200,"--","-","--","-",0,681401,100111
"2026-04-28T09:02:38.000000Z","2026-04-28T02:02:38.000000Z","IMPC","RG",0,2200.0,1400,"--","-","--","-",0,682976,100112
"2026-04-28T09:02:39.000000Z","2026-04-28T02:02:39.000000Z","IMPC","RG",0,2200.0,2300,"--","-","--","-",0,682976,100245
"2026-04-28T09:02:47.000000Z","2026-04-28T02:02:47.000000Z","IMPC","RG",0,2200.0,200,"LG","D","KK","D",708458,684249,102712
"2026-04-28T09:02:47.000000Z","2026-04-28T02:02:47.000000Z","IMPC","RG",0,2200.0,2700,"LG","D","AK","F",708458,684348,102713
"2026-04-28T09:02:47.000000Z","2026-04-28T02:02:47.000000Z","IMPC","RG",0,2200.0,3600,"LG","D","AK","F",708458,689735,102714
"2026-04-28T09:02:47.000000Z","2026-04-28T02:02:47.000000Z","IMPC","RG",0,2200.0,900,"LG","D","XL","D",708458,692997,102715
"2026-04-28T09:02:47.000000Z","2026-04-28T02:02:47.000000Z","IMPC","RG",0,2200.0,3200,"LG","D","YP","D",708458,695262,102716
"2026-04-28T09:02:49.000000Z","2026-04-28T02:02:49.000000Z","IMPC","RG",0,2200.0,600,"XL","D","YP","D",710294,695262,103446
"2026-04-28T09:02:52.000000Z","2026-04-28T02:02:52.000000Z","IMPC","RG",0,2200.0,800,"XL","D","YP","D",712124,695262,104001
"2026-04-28T09:02:54.000000Z","2026-04-28T02:02:54.000000Z","IMPC","RG",0,2200.0,4200,"CC","D","YP","D",713879,695262,104668
"2026-04-28T09:02:54.000000Z","2026-04-28T02:02:54.000000Z","IMPC","RG",0,2200.0,800,"CC","D","BK","F",713879,695462,104669
"2026-04-28T09:02:56.000000Z","2026-04-28T02:02:56.000000Z","IMPC","RG",0,2200.0,100,"XL","D","BK","F",715215,695462,105240
"2026-04-28T09:03:01.000000Z","2026-04-28T02:03:01.000000Z","IMPC","RG",0,2190.0,600,"XL","D","XL","D",664027,718878,106590
"2026-04-28T09:03:14.000000Z","2026-04-28T02:03:14.000000Z","IMPC","RG",0,2200.0,100,"XL","D","BK","F",728269,695462,110190
"2026-04-28T09:03:14.000000Z","2026-04-28T02:03:14.000000Z","IMPC","RG",0,2190.0,500,"XL","D","XL","D",664027,728309,110208
"2026-04-28T09:03:23.000000Z","2026-04-28T02:03:23.000000Z","IMPC","RG",0,2190.0,5500,"XL","D","CC","D",664027,734179,112438
"2026-04-28T09:03:23.000000Z","2026-04-28T02:03:23.000000Z","IMPC","RG",0,2190.0,1000,"XL","D","CC","D",664562,734179,112439
"2026-04-28T09:03:23.000000Z","2026-04-28T02:03:23.000000Z","IMPC","RG",0,2190.0,1900,"XL","D","AK","F",664562,734348,112496
"2026-04-28T09:03:23.000000Z","2026-04-28T02:03:23.000000Z","IMPC","RG",0,2190.0,1800,"YP","D","AK","F",664664,734348,112497
"2026-04-28T09:03:23.000000Z","2026-04-28T02:03:23.000000Z","IMPC","RG",0,2190.0,9100,"YP","D","AK","F",664664,734393,112513
"2026-04-28T09:03:23.000000Z","2026-04-28T02:03:23.000000Z","IMPC","RG",0,2190.0,100,"YP","D","AK","F",665985,734393,112514
"2026-04-28T09:03:23.000000Z","2026-04-28T02:03:23.000000Z","IMPC","RG",0,2190.0,2000,"XL","D","AK","F",666304,734393,112515
"2026-04-28T09:03:23.000000Z","2026-04-28T02:03:23.000000Z","IMPC","RG",0,2190.0,200,"YP","D","AK","F",667784,734393,112516
"2026-04-28T09:03:23.000000Z","2026-04-28T02:03:23.000000Z","IMPC","RG",0,2190.0,5000,"DH","D","AK","F",670143,734393,112517
"2026-04-28T09:03:23.000000Z","2026-04-28T02:03:23.000000Z","IMPC","RG",0,2190.0,300,"XL","D","AK","F",679038,734393,112518
"2026-04-28T09:03:23.000000Z","2026-04-28T02:03:23.000000Z","IMPC","RG",0,2190.0,300,"XC","D","AK","F",691688,734393,112519
"2026-04-28T09:03:23.000000Z","2026-04-28T02:03:23.000000Z","IMPC","RG",0,2190.0,24100,"XL","D","AK","F",698751,734393,112520
"2026-04-28T09:03:23.000000Z","2026-04-28T02:03:23.000000Z","IMPC","RG",0,2190.0,1400,"XL","D","AK","F",705333,734393,112521
"2026-04-28T09:03:23.000000Z","2026-04-28T02:03:23.000000Z","IMPC","RG",0,2190.0,1000,"XL","D","AK","F",715912,734393,112522
"2026-04-28T09:03:23.000000Z","2026-04-28T02:03:23.000000Z","IMPC","RG",0,2190.0,3000,"LG","D","AK","F",716236,734393,112523
"2026-04-28T09:03:23.000000Z","2026-04-28T02:03:23.000000Z","IMPC","RG",0,2190.0,100,"SQ","D","AK","F",726461,734393,112524
"2026-04-28T09:03:23.000000Z","2026-04-28T02:03:23.000000Z","IMPC","RG",0,2190.0,600,"XL","D","AK","F",723084,734393,112525
"2026-04-28T09:03:23.000000Z","2026-04-28T02:03:23.000000Z","IMPC","RG",0,2190.0,4000,"XL","D","AK","F",726391,734393,112526
"2026-04-28T09:03:23.000000Z","2026-04-28T02:03:23.000000Z","IMPC","RG",0,2190.0,100,"XC","D","AK","F",734008,734393,112527
"2026-04-28T09:03:25.000000Z","2026-04-28T02:03:25.000000Z","IMPC","RG",0,2180.0,500,"XL","D","AK","F",628055,735907,113167
"2026-04-28T09:03:25.000000Z","2026-04-28T02:03:25.000000Z","IMPC","RG",0,2180.0,600,"YP","D","AK","F",634844,735907,113168
"2026-04-28T09:03:25.000000Z","2026-04-28T02:03:25.000000Z","IMPC","RG",0,2180.0,6800,"XL","D","AK","F",652974,735907,113169
"2026-04-28T09:03:25.000000Z","2026-04-28T02:03:25.000000Z","IMPC","RG",0,2180.0,25300,"CC","D","AK","F",654118,735907,113170
"2026-04-28T09:03:31.000000Z","2026-04-28T02:03:31.000000Z","IMPC","RG",0,2180.0,1300,"--","-","--","-",654118,0,114997
"2026-04-28T09:03:31.000000Z","2026-04-28T02:03:31.000000Z","IMPC","RG",0,2180.0,1300,"--","-","--","-",654118,0,115186
"2026-04-28T09:03:32.000000Z","2026-04-28T02:03:32.000000Z","IMPC","RG",0,2180.0,10800,"--","-","--","-",654118,0,115266
"2026-04-28T09:03:36.000000Z","2026-04-28T02:03:36.000000Z","IMPC","RG",0,2180.0,200,"CC","D","YP","D",654118,743920,116973
"2026-04-28T09:03:36.000000Z","2026-04-28T02:03:36.000000Z","IMPC","RG",0,2180.0,5100,"CC","D","AK","F",654118,744140,117054
"2026-04-28T09:03:46.000000Z","2026-04-28T02:03:46.000000Z","IMPC","RG",0,2180.0,5400,"CC","D","XL","D",654118,751214,119588
"2026-04-28T09:03:46.000000Z","2026-04-28T02:03:46.000000Z","IMPC","RG",0,2180.0,5600,"CC","D","AK","F",654118,751363,119640
"2026-04-28T09:03:47.000000Z","2026-04-28T02:03:47.000000Z","IMPC","RG",0,2190.0,1100,"ZP","F","XL","D",751677,735863,119958
"2026-04-28T09:03:47.000000Z","2026-04-28T02:03:47.000000Z","IMPC","RG",0,2190.0,2000,"ZP","F","BK","F",751677,736004,119959
"2026-04-28T09:03:47.000000Z","2026-04-28T02:03:47.000000Z","IMPC","RG",0,2190.0,700,"ZP","F","AK","F",751677,736056,119960
"2026-04-28T09:03:47.000000Z","2026-04-28T02:03:47.000000Z","IMPC","RG",0,2190.0,200,"CC","D","AK","F",751968,736056,120048
"2026-04-28T09:03:55.000000Z","2026-04-28T02:03:55.000000Z","IMPC","RG",0,2190.0,2500,"YP","D","AK","F",757169,736056,121849
"2026-04-28T09:03:57.000000Z","2026-04-28T02:03:57.000000Z","IMPC","RG",0,2180.0,200,"CC","D","XL","D",654118,759075,122480
"2026-04-28T09:03:59.000000Z","2026-04-28T02:03:59.000000Z","IMPC","RG",0,2180.0,6000,"CC","D","AT","D",654118,760269,123031
"2026-04-28T09:04:04.000000Z","2026-04-28T02:04:04.000000Z","IMPC","RG",0,2180.0,208700,"CC","D","AK","F",654118,764053,124569
"2026-04-28T09:04:04.000000Z","2026-04-28T02:04:04.000000Z","IMPC","RG",0,2180.0,16400,"CC","D","AK","F",654118,764105,124600
"2026-04-28T09:04:04.000000Z","2026-04-28T02:04:04.000000Z","IMPC","RG",0,2180.0,13700,"CC","D","AK","F",654118,764108,124602
"2026-04-28T09:04:04.000000Z","2026-04-28T02:04:04.000000Z","IMPC","RG",0,2180.0,1000,"XL","D","AK","F",691949,764108,124603
"2026-04-28T09:04:04.000000Z","2026-04-28T02:04:04.000000Z","IMPC","RG",0,2180.0,3600,"GR","D","AK","F",700486,764108,124604
"2026-04-28T09:04:04.000000Z","2026-04-28T02:04:04.000000Z","IMPC","RG",0,2180.0,200,"PD","D","AK","F",733486,764108,124605
"2026-04-28T09:04:04.000000Z","2026-04-28T02:04:04.000000Z","IMPC","RG",0,2180.0,100,"XC","D","AK","F",742150,764108,124606
"2026-04-28T09:04:04.000000Z","2026-04-28T02:04:04.000000Z","IMPC","RG",0,2180.0,1500,"BQ","D","AK","F",753549,764108,124607
"2026-04-28T09:04:04.000000Z","2026-04-28T02:04:04.000000Z","IMPC","RG",0,2180.0,300,"XC","D","AK","F",756288,764108,124608
"2026-04-28T09:04:04.000000Z","2026-04-28T02:04:04.000000Z","IMPC","RG",0,2180.0,500,"XC","D","AK","F",761644,764108,124609
"2026-04-28T09:04:04.000000Z","2026-04-28T02:04:04.000000Z","IMPC","RG",0,2170.0,100,"XL","D","AK","F",628994,764155,124627
"2026-04-28T09:04:04.000000Z","2026-04-28T02:04:04.000000Z","IMPC","RG",0,2170.0,5000,"BQ","D","AK","F",743529,764155,124628
"2026-04-28T09:04:04.000000Z","2026-04-28T02:04:04.000000Z","IMPC","RG",0,2170.0,4900,"IF","D","AK","F",748006,764155,124629
"2026-04-28T09:04:04.000000Z","2026-04-28T02:04:04.000000Z","IMPC","RG",0,2170.0,100,"IF","D","XL","D",748006,764196,124639
"2026-04-28T09:04:04.000000Z","2026-04-28T02:04:04.000000Z","IMPC","RG",0,2170.0,20000,"GR","D","XL","D",757309,764196,124640
"2026-04-28T09:04:04.000000Z","2026-04-28T02:04:04.000000Z","IMPC","RG",0,2160.0,4900,"YU","D","XL","D",611304,764196,124641
"2026-04-28T09:04:05.000000Z","2026-04-28T02:04:05.000000Z","IMPC","RG",0,2170.0,3800,"ZP","F","YP","D",764394,764202,124798
"2026-04-28T09:04:11.000000Z","2026-04-28T02:04:11.000000Z","IMPC","RG",0,2170.0,500,"XL","D","YP","D",769267,764202,126828
"2026-04-28T09:04:12.000000Z","2026-04-28T02:04:12.000000Z","IMPC","RG",0,2170.0,3900,"ZP","F","YP","D",769790,764202,127032
"2026-04-28T09:04:12.000000Z","2026-04-28T02:04:12.000000Z","IMPC","RG",0,2160.0,4600,"YU","D","AK","F",611304,769512,126910
"2026-04-28T09:04:12.000000Z","2026-04-28T02:04:12.000000Z","IMPC","RG",0,2160.0,800,"XL","D","AK","F",619049,769512,126911
"2026-04-28T09:04:12.000000Z","2026-04-28T02:04:12.000000Z","IMPC","RG",0,2160.0,1200,"XL","D","AK","F",619049,769533,126913
"2026-04-28T09:04:12.000000Z","2026-04-28T02:04:12.000000Z","IMPC","RG",0,2160.0,800,"XL","D","AK","F",621539,769533,126914
"2026-04-28T09:04:12.000000Z","2026-04-28T02:04:12.000000Z","IMPC","RG",0,2160.0,2700,"XL","D","AK","F",630355,769533,126915
"2026-04-28T09:04:13.000000Z","2026-04-28T02:04:13.000000Z","IMPC","RG",0,2170.0,500,"YB","D","YP","D",770244,764202,127184
"2026-04-28T09:04:18.000000Z","2026-04-28T02:04:18.000000Z","IMPC","RG",0,2170.0,100,"XL","D","YP","D",774310,764202,128979
"2026-04-28T09:04:19.000000Z","2026-04-28T02:04:19.000000Z","IMPC","RG",0,2170.0,18800,"XL","D","YP","D",774585,764202,129087
"2026-04-28T09:04:19.000000Z","2026-04-28T02:04:19.000000Z","IMPC","RG",0,2170.0,2000,"XL","D","BK","F",774585,764231,129088
"2026-04-28T09:04:19.000000Z","2026-04-28T02:04:19.000000Z","IMPC","RG",0,2170.0,3800,"XL","D","AK","F",774585,764570,129089
"2026-04-28T09:04:19.000000Z","2026-04-28T02:04:19.000000Z","IMPC","RG",0,2170.0,1000,"XL","D","AK","F",774585,764574,129090
"2026-04-28T09:04:19.000000Z","2026-04-28T02:04:19.000000Z","IMPC","RG",0,2170.0,3600,"XL","D","AK","F",774585,764576,129091
"2026-04-28T09:04:19.000000Z","2026-04-28T02:04:19.000000Z","IMPC","RG",0,2170.0,3000,"XL","D","AK","F",774585,764580,129092
"2026-04-28T09:04:19.000000Z","2026-04-28T02:04:19.000000Z","IMPC","RG",0,2170.0,1700,"XL","D","AK","F",774585,764582,129093
"2026-04-28T09:04:19.000000Z","2026-04-28T02:04:19.000000Z","IMPC","RG",0,2170.0,3700,"XL","D","AK","F",774585,764583,129094
"2026-04-28T09:04:19.000000Z","2026-04-28T02:04:19.000000Z","IMPC","RG",0,2170.0,12400,"XL","D","AK","F",774585,767972,129095
"2026-04-28T09:04:31.000000Z","2026-04-28T02:04:31.000000Z","IMPC","RG",0,2160.0,100,"XL","D","XL","D",630355,783400,132909
"2026-04-28T09:04:33.000000Z","2026-04-28T02:04:33.000000Z","IMPC","RG",0,2170.0,1000,"AT","D","AK","F",785298,767972,133664
"2026-04-28T09:04:47.000000Z","2026-04-28T02:04:47.000000Z","IMPC","RG",0,2170.0,100,"XL","D","AK","F",795178,767972,137445
"2026-04-28T09:04:57.000000Z","2026-04-28T02:04:57.000000Z","IMPC","RG",0,2170.0,1000,"--","-","--","-",0,767972,139620
"2026-04-28T09:04:57.000000Z","2026-04-28T02:04:57.000000Z","IMPC","RG",0,2160.0,3400,"XL","D","AK","F",630355,801762,139664
"2026-04-28T09:04:57.000000Z","2026-04-28T02:04:57.000000Z","IMPC","RG",0,2160.0,300,"XL","D","AK","F",632077,801762,139665
"2026-04-28T09:05:11.000000Z","2026-04-28T02:05:11.000000Z","IMPC","RG",0,2160.0,2900,"--","-","--","-",632077,0,143086
"2026-04-28T09:05:11.000000Z","2026-04-28T02:05:11.000000Z","IMPC","RG",0,2160.0,2000,"--","-","--","-",632077,0,143099
"2026-04-28T09:05:21.000000Z","2026-04-28T02:05:21.000000Z","IMPC","RG",0,2170.0,1000,"--","-","--","-",0,767972,145698
"2026-04-28T09:05:21.000000Z","2026-04-28T02:05:21.000000Z","IMPC","RG",0,2170.0,200,"--","-","--","-",0,769507,145699
"2026-04-28T09:05:21.000000Z","2026-04-28T02:05:21.000000Z","IMPC","RG",0,2170.0,400,"--","-","--","-",0,769530,145700
"2026-04-28T09:05:21.000000Z","2026-04-28T02:05:21.000000Z","IMPC","RG",0,2170.0,900,"--","-","--","-",0,774496,145701
"2026-04-28T09:05:29.000000Z","2026-04-28T02:05:29.000000Z","IMPC","RG",0,2170.0,700,"--","-","--","-",0,774496,148076
"2026-04-28T09:05:34.000000Z","2026-04-28T02:05:34.000000Z","IMPC","RG",0,2160.0,5500,"--","-","--","-",632077,0,149234
"2026-04-28T09:05:34.000000Z","2026-04-28T02:05:34.000000Z","IMPC","RG",0,2160.0,3600,"XL","D","AK","F",632077,827448,149330
"2026-04-28T09:05:48.000000Z","2026-04-28T02:05:48.000000Z","IMPC","RG",0,2160.0,3100,"--","-","--","-",632077,0,152170
"2026-04-28T09:06:01.000000Z","2026-04-28T02:06:01.000000Z","IMPC","RG",0,2160.0,3600,"--","-","--","-",632077,0,158743
"2026-04-28T09:06:01.000000Z","2026-04-28T02:06:01.000000Z","IMPC","RG",0,2160.0,3200,"--","-","--","-",632077,0,158781
"2026-04-28T09:06:14.000000Z","2026-04-28T02:06:14.000000Z","IMPC","RG",0,2160.0,3600,"--","-","--","-",632077,0,165384
"2026-04-28T09:06:15.000000Z","2026-04-28T02:06:15.000000Z","IMPC","RG",0,2170.0,900,"--","-","--","-",0,774496,165723
"2026-04-28T09:06:15.000000Z","2026-04-28T02:06:15.000000Z","IMPC","RG",0,2170.0,1600,"--","-","--","-",0,774673,165724
"2026-04-28T09:06:19.000000Z","2026-04-28T02:06:19.000000Z","IMPC","RG",0,2170.0,100,"--","-","--","-",0,774673,166956
"2026-04-28T09:06:23.000000Z","2026-04-28T02:06:23.000000Z","IMPC","RG",0,2170.0,2500,"--","-","--","-",0,774673,168116
"2026-04-28T09:06:35.000000Z","2026-04-28T02:06:35.000000Z","IMPC","RG",0,2160.0,2000,"XL","D","GR","D",632077,872615,172616
"2026-04-28T09:06:36.000000Z","2026-04-28T02:06:36.000000Z","IMPC","RG",0,2160.0,9200,"XL","D","XL","D",632077,873242,172827
"2026-04-28T09:06:36.000000Z","2026-04-28T02:06:36.000000Z","IMPC","RG",0,2160.0,3200,"XL","D","AK","F",632077,873270,172832
"2026-04-28T09:06:36.000000Z","2026-04-28T02:06:36.000000Z","IMPC","RG",0,2160.0,4800,"XL","D","AK","F",632077,873272,172833
"2026-04-28T09:06:36.000000Z","2026-04-28T02:06:36.000000Z","IMPC","RG",0,2160.0,700,"XL","D","AK","F",649037,873272,172834
"2026-04-28T09:06:36.000000Z","2026-04-28T02:06:36.000000Z","IMPC","RG",0,2160.0,10000,"CP","D","AK","F",678752,873272,172835
"2026-04-28T09:06:36.000000Z","2026-04-28T02:06:36.000000Z","IMPC","RG",0,2160.0,1000,"XL","D","AK","F",710415,873272,172836
"2026-04-28T09:06:36.000000Z","2026-04-28T02:06:36.000000Z","IMPC","RG",0,2160.0,25000,"PD","D","AK","F",718081,873272,172837
"2026-04-28T09:06:36.000000Z","2026-04-28T02:06:36.000000Z","IMPC","RG",0,2160.0,200,"CC","D","AK","F",772025,873272,172838
"2026-04-28T09:06:36.000000Z","2026-04-28T02:06:36.000000Z","IMPC","RG",0,2160.0,14000,"CC","D","AK","F",785361,873272,172839
"2026-04-28T09:06:36.000000Z","2026-04-28T02:06:36.000000Z","IMPC","RG",0,2160.0,6000,"CC","D","AK","F",785361,873310,172851
"2026-04-28T09:06:36.000000Z","2026-04-28T02:06:36.000000Z","IMPC","RG",0,2160.0,5000,"XL","D","AK","F",787125,873310,172852
"2026-04-28T09:06:36.000000Z","2026-04-28T02:06:36.000000Z","IMPC","RG",0,2160.0,57700,"CC","D","AK","F",830367,873310,172853
"2026-04-28T09:06:36.000000Z","2026-04-28T02:06:36.000000Z","IMPC","RG",0,2160.0,32300,"CC","D","BK","F",830367,873319,172857
"2026-04-28T09:06:36.000000Z","2026-04-28T02:06:36.000000Z","IMPC","RG",0,2160.0,5000,"CP","D","BK","F",832969,873319,172858
"2026-04-28T09:06:36.000000Z","2026-04-28T02:06:36.000000Z","IMPC","RG",0,2160.0,20000,"YP","D","BK","F",842572,873319,172859
"2026-04-28T09:06:36.000000Z","2026-04-28T02:06:36.000000Z","IMPC","RG",0,2160.0,10000,"HP","D","BK","F",852899,873319,172860
"2026-04-28T09:06:36.000000Z","2026-04-28T02:06:36.000000Z","IMPC","RG",0,2160.0,15000,"YP","D","BK","F",856777,873319,172861
"2026-04-28T09:06:36.000000Z","2026-04-28T02:06:36.000000Z","IMPC","RG",0,2160.0,1000,"YB","D","BK","F",857876,873319,172862
"2026-04-28T09:06:36.000000Z","2026-04-28T02:06:36.000000Z","IMPC","RG",0,2160.0,100,"XC","D","BK","F",858775,873319,172863
"2026-04-28T09:06:36.000000Z","2026-04-28T02:06:36.000000Z","IMPC","RG",0,2160.0,100,"XC","D","BK","F",863445,873319,172864
"2026-04-28T09:06:36.000000Z","2026-04-28T02:06:36.000000Z","IMPC","RG",0,2160.0,3700,"ZP","F","BK","F",873663,873319,172970
"2026-04-28T09:06:39.000000Z","2026-04-28T02:06:39.000000Z","IMPC","RG",0,2150.0,8000,"CP","D","DX","D",513622,875899,174159
"2026-04-28T09:06:40.000000Z","2026-04-28T02:06:40.000000Z","IMPC","RG",0,2150.0,8300,"CP","D","CP","D",513622,876064,174220
"2026-04-28T09:06:40.000000Z","2026-04-28T02:06:40.000000Z","IMPC","RG",0,2150.0,20000,"CP","D","CP","D",513685,876064,174221
"2026-04-28T09:06:40.000000Z","2026-04-28T02:06:40.000000Z","IMPC","RG",0,2150.0,5000,"AZ","D","CP","D",518886,876064,174222
"2026-04-28T09:06:40.000000Z","2026-04-28T02:06:40.000000Z","IMPC","RG",0,2150.0,5000,"SQ","D","CP","D",520350,876064,174223
"2026-04-28T09:06:40.000000Z","2026-04-28T02:06:40.000000Z","IMPC","RG",0,2150.0,2500,"XL","D","CP","D",522350,876064,174224
"2026-04-28T09:06:40.000000Z","2026-04-28T02:06:40.000000Z","IMPC","RG",0,2150.0,10000,"XL","D","CP","D",528811,876064,174225
"2026-04-28T09:06:40.000000Z","2026-04-28T02:06:40.000000Z","IMPC","RG",0,2150.0,200,"PD","D","CP","D",530153,876064,174226
"2026-04-28T09:06:40.000000Z","2026-04-28T02:06:40.000000Z","IMPC","RG",0,2150.0,100,"XL","D","CP","D",530573,876064,174227
"2026-04-28T09:06:40.000000Z","2026-04-28T02:06:40.000000Z","IMPC","RG",0,2150.0,1900,"XL","D","CP","D",532700,876064,174228
"2026-04-28T09:06:40.000000Z","2026-04-28T02:06:40.000000Z","IMPC","RG",0,2150.0,25000,"XL","D","CP","D",533737,876064,174229
"2026-04-28T09:06:40.000000Z","2026-04-28T02:06:40.000000Z","IMPC","RG",0,2150.0,23300,"XL","D","CP","D",534108,876064,174230
"2026-04-28T09:06:40.000000Z","2026-04-28T02:06:40.000000Z","IMPC","RG",0,2150.0,6000,"XL","D","CP","D",542682,876064,174231
"2026-04-28T09:06:40.000000Z","2026-04-28T02:06:40.000000Z","IMPC","RG",0,2150.0,2800,"XL","D","CP","D",545269,876064,174232
"2026-04-28T09:06:40.000000Z","2026-04-28T02:06:40.000000Z","IMPC","RG",0,2150.0,16900,"YP","D","CP","D",551909,876064,174233
"2026-04-28T09:06:40.000000Z","2026-04-28T02:06:40.000000Z","IMPC","RG",0,2150.0,60400,"YP","D","AK","F",551909,876107,174264
"2026-04-28T09:06:40.000000Z","2026-04-28T02:06:40.000000Z","IMPC","RG",0,2150.0,22700,"YP","D","AK","F",551909,876137,174271
"2026-04-28T09:06:40.000000Z","2026-04-28T02:06:40.000000Z","IMPC","RG",0,2150.0,13600,"CP","D","AK","F",555882,876137,174272
"2026-04-28T09:06:40.000000Z","2026-04-28T02:06:40.000000Z","IMPC","RG",0,2150.0,200,"CP","D","AK","F",555882,876189,174279
"2026-04-28T09:06:40.000000Z","2026-04-28T02:06:40.000000Z","IMPC","RG",0,2150.0,6200,"CP","D","AK","F",555882,876226,174282
"2026-04-28T09:06:40.000000Z","2026-04-28T02:06:40.000000Z","IMPC","RG",0,2150.0,7200,"CP","D","AK","F",555900,876226,174283
"2026-04-28T09:06:40.000000Z","2026-04-28T02:06:40.000000Z","IMPC","RG",0,2160.0,100,"--","-","--","-",0,873463,174323
"2026-04-28T09:06:40.000000Z","2026-04-28T02:06:40.000000Z","IMPC","RG",0,2160.0,2200,"--","-","--","-",0,873479,174324
"2026-04-28T09:06:40.000000Z","2026-04-28T02:06:40.000000Z","IMPC","RG",0,2160.0,1600,"--","-","--","-",0,873490,174325
"2026-04-28T09:06:41.000000Z","2026-04-28T02:06:41.000000Z","IMPC","RG",0,2150.0,300,"--","-","--","-",555900,0,174516
"2026-04-28T09:06:43.000000Z","2026-04-28T02:06:43.000000Z","IMPC","RG",0,2160.0,1800,"ZP","F","AK","F",878195,873490,175156
"2026-04-28T09:06:43.000000Z","2026-04-28T02:06:43.000000Z","IMPC","RG",0,2160.0,2100,"ZP","F","AK","F",878195,873593,175157
"2026-04-28T09:06:45.000000Z","2026-04-28T02:06:45.000000Z","IMPC","RG",0,2150.0,400,"CP","D","XL","D",555900,880113,176206
"2026-04-28T09:06:50.000000Z","2026-04-28T02:06:50.000000Z","IMPC","RG",0,2150.0,100,"--","-","--","-",565047,0,178286
"2026-04-28T09:06:50.000000Z","2026-04-28T02:06:50.000000Z","IMPC","RG",0,2150.0,1000,"--","-","--","-",582120,0,178287
"2026-04-28T09:06:50.000000Z","2026-04-28T02:06:50.000000Z","IMPC","RG",0,2150.0,900,"--","-","--","-",642998,0,178288
"2026-04-28T09:06:51.000000Z","2026-04-28T02:06:51.000000Z","IMPC","RG",0,2150.0,500,"XL","D","XL","D",642998,884437,178430
"2026-04-28T09:06:55.000000Z","2026-04-28T02:06:55.000000Z","IMPC","RG",0,2150.0,1100,"XL","D","AK","F",642998,886863,179357
"2026-04-28T09:06:55.000000Z","2026-04-28T02:06:55.000000Z","IMPC","RG",0,2150.0,300,"XC","D","AK","F",650133,886863,179358
"2026-04-28T09:06:55.000000Z","2026-04-28T02:06:55.000000Z","IMPC","RG",0,2150.0,2400,"XL","D","AK","F",655343,886863,179359
"2026-04-28T09:06:55.000000Z","2026-04-28T02:06:55.000000Z","IMPC","RG",0,2150.0,10000,"PD","D","AK","F",686398,886863,179360
"2026-04-28T09:06:55.000000Z","2026-04-28T02:06:55.000000Z","IMPC","RG",0,2150.0,200,"AZ","D","AK","F",698036,886863,179361
"2026-04-28T09:06:55.000000Z","2026-04-28T02:06:55.000000Z","IMPC","RG",0,2150.0,10000,"CP","D","AK","F",782214,886863,179362
"2026-04-28T09:06:55.000000Z","2026-04-28T02:06:55.000000Z","IMPC","RG",0,2150.0,1000,"EP","D","AK","F",799285,886863,179363
"2026-04-28T09:06:55.000000Z","2026-04-28T02:06:55.000000Z","IMPC","RG",0,2150.0,1000,"YP","D","AK","F",800370,886863,179364
"2026-04-28T09:06:55.000000Z","2026-04-28T02:06:55.000000Z","IMPC","RG",0,2150.0,100,"XC","D","AK","F",804487,886863,179365
"2026-04-28T09:06:55.000000Z","2026-04-28T02:06:55.000000Z","IMPC","RG",0,2150.0,700,"XL","D","AK","F",823837,886863,179366
"2026-04-28T09:06:55.000000Z","2026-04-28T02:06:55.000000Z","IMPC","RG",0,2150.0,25000,"XL","D","AK","F",825587,886863,179367
"2026-04-28T09:06:55.000000Z","2026-04-28T02:06:55.000000Z","IMPC","RG",0,2150.0,1000,"XL","D","AK","F",862101,886863,179368
"2026-04-28T09:06:55.000000Z","2026-04-28T02:06:55.000000Z","IMPC","RG",0,2150.0,2500,"XL","D","AK","F",886450,886863,179369
"2026-04-28T09:07:02.000000Z","2026-04-28T02:07:02.000000Z","IMPC","RG",0,2150.0,400,"KK","D","CC","D",891752,889150,181550
"2026-04-28T09:07:02.000000Z","2026-04-28T02:07:02.000000Z","IMPC","RG",0,2150.0,3200,"KK","D","AK","F",891752,889312,181551
"2026-04-28T09:07:02.000000Z","2026-04-28T02:07:02.000000Z","IMPC","RG",0,2150.0,1400,"KK","D","AK","F",891752,889520,181552
"2026-04-28T09:07:03.000000Z","2026-04-28T02:07:03.000000Z","IMPC","RG",0,2140.0,1000,"XL","D","LG","D",489325,892308,181921
"2026-04-28T09:07:03.000000Z","2026-04-28T02:07:03.000000Z","IMPC","RG",0,2140.0,2400,"XL","D","LG","D",576345,892308,181922
"2026-04-28T09:07:03.000000Z","2026-04-28T02:07:03.000000Z","IMPC","RG",0,2140.0,5000,"XL","D","LG","D",603375,892308,181923
"2026-04-28T09:07:03.000000Z","2026-04-28T02:07:03.000000Z","IMPC","RG",0,2140.0,2200,"XL","D","LG","D",664543,892308,181924
"2026-04-28T09:07:05.000000Z","2026-04-28T02:07:05.000000Z","IMPC","RG",0,2140.0,800,"XL","D","XL","D",664543,893708,182556
"2026-04-28T09:07:13.000000Z","2026-04-28T02:07:13.000000Z","IMPC","RG",0,2150.0,100,"XL","D","AK","F",899060,889520,185166
"2026-04-28T09:07:15.000000Z","2026-04-28T02:07:15.000000Z","IMPC","RG",0,2150.0,3700,"AK","F","AK","F",900671,889521,185762
"2026-04-28T09:07:15.000000Z","2026-04-28T02:07:15.000000Z","IMPC","RG",0,2150.0,3300,"AK","F","AK","F",900671,889522,185763
"2026-04-28T09:07:15.000000Z","2026-04-28T02:07:15.000000Z","IMPC","RG",0,2150.0,5200,"AK","F","BK","F",900671,889606,185764
"2026-04-28T09:07:15.000000Z","2026-04-28T02:07:15.000000Z","IMPC","RG",0,2150.0,12900,"AK","F","KI","D",900671,890464,185765
"2026-04-28T09:07:15.000000Z","2026-04-28T02:07:15.000000Z","IMPC","RG",0,2150.0,3100,"AK","F","AK","F",900671,891867,185766
"2026-04-28T09:07:15.000000Z","2026-04-28T02:07:15.000000Z","IMPC","RG",0,2150.0,4300,"AK","F","AK","F",900671,891868,185767
"2026-04-28T09:07:15.000000Z","2026-04-28T02:07:15.000000Z","IMPC","RG",0,2150.0,300,"AK","F","AK","F",900671,891901,185768
"2026-04-28T09:07:15.000000Z","2026-04-28T02:07:15.000000Z","IMPC","RG",0,2150.0,300,"AK","F","AK","F",900671,891903,185769
"2026-04-28T09:07:15.000000Z","2026-04-28T02:07:15.000000Z","IMPC","RG",0,2150.0,300,"AK","F","AK","F",900671,891946,185770
"2026-04-28T09:07:15.000000Z","2026-04-28T02:07:15.000000Z","IMPC","RG",0,2150.0,23500,"AK","F","KI","D",900671,897760,185771
"2026-04-28T09:07:15.000000Z","2026-04-28T02:07:15.000000Z","IMPC","RG",0,2150.0,3300,"AK","F","AK","F",900671,897905,185772
"2026-04-28T09:07:15.000000Z","2026-04-28T02:07:15.000000Z","IMPC","RG",0,2150.0,5800,"AK","F","AK","F",900879,900807,185866
"2026-04-28T09:07:19.000000Z","2026-04-28T02:07:19.000000Z","IMPC","RG",0,2150.0,300,"--","-","--","-",0,903811,186799
"2026-04-28T09:07:26.000000Z","2026-04-28T02:07:26.000000Z","IMPC","RG",0,2140.0,1000,"XL","D","XL","D",664543,908443,188800
"2026-04-28T09:07:31.000000Z","2026-04-28T02:07:31.000000Z","IMPC","RG",0,2140.0,5000,"XL","D","XC","D",664543,911670,189751
"2026-04-28T09:08:22.000000Z","2026-04-28T02:08:22.000000Z","IMPC","RG",0,2140.0,15100,"XL","D","YP","D",664543,943475,204121
"2026-04-28T09:08:22.000000Z","2026-04-28T02:08:22.000000Z","IMPC","RG",0,2140.0,10000,"CP","D","YP","D",739855,943475,204122
"2026-04-28T09:08:22.000000Z","2026-04-28T02:08:22.000000Z","IMPC","RG",0,2140.0,10200,"XL","D","YP","D",786264,943475,204123
"2026-04-28T09:08:22.000000Z","2026-04-28T02:08:22.000000Z","IMPC","RG",0,2140.0,300,"XL","D","YP","D",836517,943475,204124
"2026-04-28T09:08:22.000000Z","2026-04-28T02:08:22.000000Z","IMPC","RG",0,2140.0,500,"XL","D","YP","D",837348,943475,204125
"2026-04-28T09:08:22.000000Z","2026-04-28T02:08:22.000000Z","IMPC","RG",0,2140.0,13900,"YP","D","YP","D",845494,943475,204126
"2026-04-28T09:08:23.000000Z","2026-04-28T02:08:23.000000Z","IMPC","RG",0,2150.0,3700,"ZP","F","KI","D",943840,908720,204242
"2026-04-28T09:08:23.000000Z","2026-04-28T02:08:23.000000Z","IMPC","RG",0,2140.0,1000,"YP","D","AT","D",845494,944036,204314
"2026-04-28T09:08:30.000000Z","2026-04-28T02:08:30.000000Z","IMPC","RG",0,2140.0,3000,"--","-","--","-",845494,0,206189
"2026-04-28T09:08:31.000000Z","2026-04-28T02:08:31.000000Z","IMPC","RG",0,2140.0,5000,"YP","D","PD","D",845494,948559,206444
"2026-04-28T09:08:41.000000Z","2026-04-28T02:08:41.000000Z","IMPC","RG",0,2140.0,2200,"YP","D","XL","D",845494,955008,210263
"2026-04-28T09:08:43.000000Z","2026-04-28T02:08:43.000000Z","IMPC","RG",0,2140.0,4900,"YP","D","CC","D",845494,955985,210635
"2026-04-28T09:08:43.000000Z","2026-04-28T02:08:43.000000Z","IMPC","RG",0,2140.0,100,"XL","D","CC","D",849456,955985,210636
"2026-04-28T09:08:43.000000Z","2026-04-28T02:08:43.000000Z","IMPC","RG",0,2140.0,4800,"YP","D","CC","D",901261,955985,210637
"2026-04-28T09:08:46.000000Z","2026-04-28T02:08:46.000000Z","IMPC","RG",0,2140.0,1200,"YP","D","XC","D",901261,958258,211416
"2026-04-28T09:08:53.000000Z","2026-04-28T02:08:53.000000Z","IMPC","RG",0,2140.0,700,"YP","D","YP","D",901261,961894,212989
"2026-04-28T09:09:04.000000Z","2026-04-28T02:09:04.000000Z","IMPC","RG",0,2140.0,100,"YP","D","XL","D",901261,968593,215785
"2026-04-28T09:09:04.000000Z","2026-04-28T02:09:04.000000Z","IMPC","RG",0,2140.0,3200,"YP","D","AK","F",901261,968755,215819
"2026-04-28T09:09:09.000000Z","2026-04-28T02:09:09.000000Z","IMPC","RG",0,2140.0,1000,"YB","D","XL","D",907679,971892,217413
"2026-04-28T09:09:09.000000Z","2026-04-28T02:09:09.000000Z","IMPC","RG",0,2140.0,2000,"XL","D","XL","D",916208,971892,217414
"2026-04-28T09:09:09.000000Z","2026-04-28T02:09:09.000000Z","IMPC","RG",0,2140.0,2400,"XC","D","XL","D",918066,971892,217415
"2026-04-28T09:09:09.000000Z","2026-04-28T02:09:09.000000Z","IMPC","RG",0,2140.0,1000,"XL","D","XL","D",925278,971892,217416
"2026-04-28T09:09:09.000000Z","2026-04-28T02:09:09.000000Z","IMPC","RG",0,2140.0,100,"NI","D","XL","D",929509,971892,217417
"2026-04-28T09:09:09.000000Z","2026-04-28T02:09:09.000000Z","IMPC","RG",0,2140.0,3800,"ZP","F","XL","D",944306,971892,217418
"2026-04-28T09:09:09.000000Z","2026-04-28T02:09:09.000000Z","IMPC","RG",0,2140.0,200,"XL","D","XL","D",947262,971892,217419
"2026-04-28T09:09:09.000000Z","2026-04-28T02:09:09.000000Z","IMPC","RG",0,2140.0,1000,"XL","D","XL","D",960931,971892,217420
"2026-04-28T09:09:09.000000Z","2026-04-28T02:09:09.000000Z","IMPC","RG",0,2140.0,1000,"YB","D","XL","D",969922,971892,217421
"2026-04-28T09:09:10.000000Z","2026-04-28T02:09:10.000000Z","IMPC","RG",0,2140.0,100,"CC","D","XL","D",972072,971892,217477
"2026-04-28T09:09:20.000000Z","2026-04-28T02:09:20.000000Z","IMPC","RG",0,2130.0,500,"KK","D","CC","D",27806,978306,219896
"2026-04-28T09:09:20.000000Z","2026-04-28T02:09:20.000000Z","IMPC","RG",0,2130.0,500,"KK","D","PD","D",27806,978312,219898
"2026-04-28T09:09:20.000000Z","2026-04-28T02:09:20.000000Z","IMPC","RG",0,2130.0,600,"XL","D","PD","D",77918,978312,219899
"2026-04-28T09:09:20.000000Z","2026-04-28T02:09:20.000000Z","IMPC","RG",0,2130.0,500,"PD","D","PD","D",232567,978312,219900
"2026-04-28T09:09:20.000000Z","2026-04-28T02:09:20.000000Z","IMPC","RG",0,2130.0,100,"PD","D","PD","D",304785,978312,219901
"2026-04-28T09:09:20.000000Z","2026-04-28T02:09:20.000000Z","IMPC","RG",0,2130.0,100,"XL","D","PD","D",485230,978312,219902
"2026-04-28T09:09:20.000000Z","2026-04-28T02:09:20.000000Z","IMPC","RG",0,2130.0,200,"PD","D","PD","D",486178,978312,219903
"2026-04-28T09:09:20.000000Z","2026-04-28T02:09:20.000000Z","IMPC","RG",0,2130.0,500,"XL","D","PD","D",679272,978312,219904
"2026-04-28T09:09:20.000000Z","2026-04-28T02:09:20.000000Z","IMPC","RG",0,2130.0,500,"CP","D","PD","D",719446,978312,219905
"2026-04-28T09:09:20.000000Z","2026-04-28T02:09:20.000000Z","IMPC","RG",0,2130.0,3600,"CP","D","XL","D",719446,978333,219911
"2026-04-28T09:09:20.000000Z","2026-04-28T02:09:20.000000Z","IMPC","RG",0,2130.0,3600,"CP","D","AK","F",719446,978482,219955
"2026-04-28T09:09:20.000000Z","2026-04-28T02:09:20.000000Z","IMPC","RG",0,2140.0,8500,"AK","F","XL","D",978835,971892,220016
"2026-04-28T09:09:20.000000Z","2026-04-28T02:09:20.000000Z","IMPC","RG",0,2140.0,400,"AK","F","AK","F",978835,972066,220017
"2026-04-28T09:09:20.000000Z","2026-04-28T02:09:20.000000Z","IMPC","RG",0,2140.0,1600,"AK","F","AK","F",978835,972070,220018
"2026-04-28T09:09:20.000000Z","2026-04-28T02:09:20.000000Z","IMPC","RG",0,2140.0,6200,"AK","F","AK","F",978835,972081,220019
"2026-04-28T09:09:20.000000Z","2026-04-28T02:09:20.000000Z","IMPC","RG",0,2140.0,3400,"AK","F","AK","F",978835,972205,220020
"2026-04-28T09:09:20.000000Z","2026-04-28T02:09:20.000000Z","IMPC","RG",0,2140.0,2200,"AK","F","AK","F",978835,972211,220021
"2026-04-28T09:09:20.000000Z","2026-04-28T02:09:20.000000Z","IMPC","RG",0,2140.0,4200,"AK","F","BK","F",978835,972657,220022
"2026-04-28T09:09:20.000000Z","2026-04-28T02:09:20.000000Z","IMPC","RG",0,2140.0,400,"AK","F","AK","F",978835,978457,220023
"2026-04-28T09:09:20.000000Z","2026-04-28T02:09:20.000000Z","IMPC","RG",0,2140.0,300,"AK","F","AK","F",978835,978467,220024
"2026-04-28T09:09:20.000000Z","2026-04-28T02:09:20.000000Z","IMPC","RG",0,2140.0,4400,"AK","F","AK","F",978835,978471,220025
"2026-04-28T09:09:21.000000Z","2026-04-28T02:09:21.000000Z","IMPC","RG",0,2140.0,6000,"AK","F","AK","F",978939,978905,220049
"2026-04-28T09:09:22.000000Z","2026-04-28T02:09:22.000000Z","IMPC","RG",0,2150.0,1500,"XC","D","KI","D",979528,908720,220359
"2026-04-28T09:09:26.000000Z","2026-04-28T02:09:26.000000Z","IMPC","RG",0,2130.0,2300,"CP","D","XL","D",719446,981788,221344
"2026-04-28T09:09:26.000000Z","2026-04-28T02:09:26.000000Z","IMPC","RG",0,2130.0,1000,"GR","D","XL","D",886222,981788,221345
"2026-04-28T09:09:26.000000Z","2026-04-28T02:09:26.000000Z","IMPC","RG",0,2130.0,2000,"CC","D","XL","D",892718,981788,221346
"2026-04-28T09:09:26.000000Z","2026-04-28T02:09:26.000000Z","IMPC","RG",0,2130.0,200,"XL","D","XL","D",949012,981788,221347
"2026-04-28T09:09:26.000000Z","2026-04-28T02:09:26.000000Z","IMPC","RG",0,2130.0,1200,"XL","D","XL","D",952690,981788,221348
"2026-04-28T09:09:26.000000Z","2026-04-28T02:09:26.000000Z","IMPC","RG",0,2130.0,14600,"MG","D","XL","D",978318,981788,221349
"2026-04-28T09:09:37.000000Z","2026-04-28T02:09:37.000000Z","IMPC","RG",0,2130.0,5400,"MG","D","PD","D",978318,989021,224794
"2026-04-28T09:09:37.000000Z","2026-04-28T02:09:37.000000Z","IMPC","RG",0,2130.0,4600,"AK","F","PD","D",978893,989021,224795
"2026-04-28T09:09:38.000000Z","2026-04-28T02:09:38.000000Z","IMPC","RG",0,2130.0,8400,"AK","F","XL","D",978893,989303,224932
"2026-04-28T09:09:39.000000Z","2026-04-28T02:09:39.000000Z","IMPC","RG",0,2130.0,7700,"AK","F","XL","D",978893,990121,225218
"2026-04-28T09:09:53.000000Z","2026-04-28T02:09:53.000000Z","IMPC","RG",0,2130.0,500,"ZP","F","XL","D",982048,998335,229040
"2026-04-28T09:09:55.000000Z","2026-04-28T02:09:55.000000Z","IMPC","RG",0,2130.0,1200,"ZP","F","XL","D",982048,999487,229504
"2026-04-28T09:10:11.000000Z","2026-04-28T02:10:11.000000Z","IMPC","RG",0,2130.0,1000,"ZP","F","LG","D",982048,1009105,234075
"2026-04-28T09:10:19.000000Z","2026-04-28T02:10:19.000000Z","IMPC","RG",0,2130.0,400,"ZP","F","AT","D",982048,1014036,236327
"2026-04-28T09:10:22.000000Z","2026-04-28T02:10:22.000000Z","IMPC","RG",0,2130.0,500,"ZP","F","PD","D",982048,1016143,237140
"2026-04-28T09:10:22.000000Z","2026-04-28T02:10:22.000000Z","IMPC","RG",0,2130.0,800,"SQ","D","PD","D",985346,1016143,237141
"2026-04-28T09:10:34.000000Z","2026-04-28T02:10:34.000000Z","IMPC","RG",0,2130.0,2900,"SQ","D","XL","D",985346,1023277,239767
"2026-04-28T09:10:40.000000Z","2026-04-28T02:10:40.000000Z","IMPC","RG",0,2140.0,1000,"AK","F","XL","D",1026920,990859,241442
"2026-04-28T09:10:40.000000Z","2026-04-28T02:10:40.000000Z","IMPC","RG",0,2140.0,2300,"AK","F","BK","F",1026920,993882,241443
"2026-04-28T09:10:40.000000Z","2026-04-28T02:10:40.000000Z","IMPC","RG",0,2140.0,50000,"AK","F","YP","D",1026920,994236,241444
"2026-04-28T09:10:40.000000Z","2026-04-28T02:10:40.000000Z","IMPC","RG",0,2140.0,2000,"AK","F","XL","D",1026920,995790,241445
"2026-04-28T09:10:40.000000Z","2026-04-28T02:10:40.000000Z","IMPC","RG",0,2140.0,200,"AK","F","AK","F",1026920,998464,241446
"2026-04-28T09:10:40.000000Z","2026-04-28T02:10:40.000000Z","IMPC","RG",0,2140.0,3500,"AK","F","AK","F",1026920,998465,241447
"2026-04-28T09:10:40.000000Z","2026-04-28T02:10:40.000000Z","IMPC","RG",0,2140.0,3700,"AK","F","AK","F",1026920,998504,241448
"2026-04-28T09:10:40.000000Z","2026-04-28T02:10:40.000000Z","IMPC","RG",0,2140.0,3800,"AK","F","AK","F",1026920,1006602,241449
"2026-04-28T09:10:40.000000Z","2026-04-28T02:10:40.000000Z","IMPC","RG",0,2140.0,200,"AK","F","AK","F",1026920,1009284,241450
"2026-04-28T09:10:40.000000Z","2026-04-28T02:10:40.000000Z","IMPC","RG",0,2140.0,3200,"AK","F","AK","F",1026920,1023430,241451
"2026-04-28T09:10:40.000000Z","2026-04-28T02:10:40.000000Z","IMPC","RG",0,2140.0,5800,"AK","F","AK","F",1027115,1027063,241575
"2026-04-28T09:10:42.000000Z","2026-04-28T02:10:42.000000Z","IMPC","RG",0,2140.0,4000,"AK","F","XL","D",1028157,1028120,241918
"2026-04-28T09:10:46.000000Z","2026-04-28T02:10:46.000000Z","IMPC","RG",0,2140.0,300,"AK","F","XL","D",1030519,1030479,242865
"2026-04-28T09:10:52.000000Z","2026-04-28T02:10:52.000000Z","IMPC","RG",0,2140.0,1200,"YP","D","PD","D",1032993,1034272,244209
"2026-04-28T09:10:52.000000Z","2026-04-28T02:10:52.000000Z","IMPC","RG",0,2130.0,1300,"SQ","D","PD","D",985346,1034272,244210
"2026-04-28T09:10:52.000000Z","2026-04-28T02:10:52.000000Z","IMPC","RG",0,2130.0,500,"XL","D","PD","D",985667,1034272,244211
"2026-04-28T09:10:52.000000Z","2026-04-28T02:10:52.000000Z","IMPC","RG",0,2130.0,2000,"XL","D","PD","D",987789,1034272,244212
"2026-04-28T09:11:05.000000Z","2026-04-28T02:11:05.000000Z","IMPC","RG",0,2130.0,1000,"XL","D","XL","D",987789,1041991,247030
"2026-04-28T09:11:06.000000Z","2026-04-28T02:11:06.000000Z","IMPC","RG",0,2130.0,11600,"XL","D","XL","D",987789,1043128,247387
"2026-04-28T09:11:32.000000Z","2026-04-28T02:11:32.000000Z","IMPC","RG",0,2140.0,100,"YP","D","XL","D",1056998,1042312,253725
"2026-04-28T09:11:44.000000Z","2026-04-28T02:11:44.000000Z","IMPC","RG",0,2140.0,100,"XL","D","XL","D",1063558,1042312,256108
"2026-04-28T09:11:45.000000Z","2026-04-28T02:11:45.000000Z","IMPC","RG",0,2130.0,9600,"XL","D","XL","D",987789,1064085,256358
"2026-04-28T09:11:45.000000Z","2026-04-28T02:11:45.000000Z","IMPC","RG",0,2130.0,100,"PD","D","XL","D",1000761,1064085,256359
"2026-04-28T09:11:45.000000Z","2026-04-28T02:11:45.000000Z","IMPC","RG",0,2130.0,200,"XL","D","XL","D",1006940,1064085,256360
"2026-04-28T09:11:45.000000Z","2026-04-28T02:11:45.000000Z","IMPC","RG",0,2130.0,500,"YP","D","XL","D",1008622,1064085,256361
"2026-04-28T09:11:45.000000Z","2026-04-28T02:11:45.000000Z","IMPC","RG",0,2130.0,800,"XL","D","XL","D",1011989,1064085,256362
"2026-04-28T09:11:45.000000Z","2026-04-28T02:11:45.000000Z","IMPC","RG",0,2130.0,2600,"CC","D","XL","D",1021971,1064085,256363
"2026-04-28T09:11:46.000000Z","2026-04-28T02:11:46.000000Z","IMPC","RG",0,2130.0,200,"CC","D","XL","D",1021971,1064633,256550
"2026-04-28T09:11:49.000000Z","2026-04-28T02:11:49.000000Z","IMPC","RG",0,2140.0,300,"XC","D","XL","D",1066266,1042312,257170
"2026-04-28T09:11:49.000000Z","2026-04-28T02:11:49.000000Z","IMPC","RG",0,2140.0,3800,"XC","D","AK","F",1066266,1043254,257171
"2026-04-28T09:11:49.000000Z","2026-04-28T02:11:49.000000Z","IMPC","RG",0,2140.0,1900,"XC","D","AK","F",1066266,1043255,257172
"2026-04-28T09:11:49.000000Z","2026-04-28T02:11:49.000000Z","IMPC","RG",0,2140.0,300,"XC","D","AK","F",1066266,1043269,257173
"2026-04-28T09:11:49.000000Z","2026-04-28T02:11:49.000000Z","IMPC","RG",0,2140.0,2200,"XC","D","BK","F",1066266,1043971,257174
"2026-04-28T09:11:49.000000Z","2026-04-28T02:11:49.000000Z","IMPC","RG",0,2140.0,3200,"XC","D","AK","F",1066266,1049985,257175
"2026-04-28T09:11:49.000000Z","2026-04-28T02:11:49.000000Z","IMPC","RG",0,2140.0,3400,"XC","D","XL","D",1066266,1056772,257176
"2026-04-28T09:11:49.000000Z","2026-04-28T02:11:49.000000Z","IMPC","RG",0,2140.0,2600,"XC","D","AK","F",1066266,1062438,257177
"2026-04-28T09:11:56.000000Z","2026-04-28T02:11:56.000000Z","IMPC","RG",0,2130.0,900,"CC","D","NI","D",1021971,1070003,258235
"2026-04-28T09:12:07.000000Z","2026-04-28T02:12:07.000000Z","IMPC","RG",0,2140.0,200,"--","-","--","-",0,1062438,260665
"2026-04-28T09:12:13.000000Z","2026-04-28T02:12:13.000000Z","IMPC","RG",0,2140.0,300,"AK","F","AK","F",1079929,1062438,262329
"2026-04-28T09:12:13.000000Z","2026-04-28T02:12:13.000000Z","IMPC","RG",0,2140.0,5200,"AK","F","AK","F",1079929,1066338,262330
"2026-04-28T09:12:13.000000Z","2026-04-28T02:12:13.000000Z","IMPC","RG",0,2140.0,200,"AK","F","AK","F",1079929,1070140,262331
"2026-04-28T09:12:13.000000Z","2026-04-28T02:12:13.000000Z","IMPC","RG",0,2140.0,2100,"AK","F","BK","F",1079929,1071216,262332
"2026-04-28T09:12:13.000000Z","2026-04-28T02:12:13.000000Z","IMPC","RG",0,2140.0,3100,"AK","F","AK","F",1079929,1076699,262333
"2026-04-28T09:12:13.000000Z","2026-04-28T02:12:13.000000Z","IMPC","RG",0,2140.0,3900,"AK","F","AK","F",1080070,1080032,262372
"2026-04-28T09:12:29.000000Z","2026-04-28T02:12:29.000000Z","IMPC","RG",0,2140.0,5000,"--","-","--","-",1088659,0,266060
"2026-04-28T09:12:30.000000Z","2026-04-28T02:12:30.000000Z","IMPC","RG",0,2140.0,5000,"--","-","--","-",1088884,0,266190
"2026-04-28T09:12:40.000000Z","2026-04-28T02:12:40.000000Z","IMPC","RG",0,2140.0,1000,"--","-","--","-",0,1092591,269196
"2026-04-28T09:12:42.000000Z","2026-04-28T02:12:42.000000Z","IMPC","RG",0,2140.0,9200,"XL","D","AK","F",1096257,1095477,269505
"2026-04-28T09:12:44.000000Z","2026-04-28T02:12:44.000000Z","IMPC","RG",0,2130.0,6100,"CC","D","AK","F",1021971,1097691,270384
"2026-04-28T09:12:44.000000Z","2026-04-28T02:12:44.000000Z","IMPC","RG",0,2130.0,10000,"CP","D","AK","F",1033056,1097691,270385
"2026-04-28T09:12:44.000000Z","2026-04-28T02:12:44.000000Z","IMPC","RG",0,2130.0,3800,"ZP","F","AK","F",1034547,1097691,270386
"2026-04-28T09:12:44.000000Z","2026-04-28T02:12:44.000000Z","IMPC","RG",0,2130.0,100,"NI","D","AK","F",1036010,1097691,270387
"2026-04-28T09:12:44.000000Z","2026-04-28T02:12:44.000000Z","IMPC","RG",0,2130.0,200,"XL","D","AK","F",1036881,1097691,270388
"2026-04-28T09:12:44.000000Z","2026-04-28T02:12:44.000000Z","IMPC","RG",0,2130.0,1500,"XL","D","AK","F",1037411,1097691,270389
"2026-04-28T09:12:44.000000Z","2026-04-28T02:12:44.000000Z","IMPC","RG",0,2130.0,100,"XL","D","AK","F",1041188,1097691,270390
"2026-04-28T09:12:44.000000Z","2026-04-28T02:12:44.000000Z","IMPC","RG",0,2130.0,600,"XL","D","AK","F",1044596,1097691,270391
"2026-04-28T09:12:44.000000Z","2026-04-28T02:12:44.000000Z","IMPC","RG",0,2130.0,40100,"XL","D","AK","F",1077754,1097691,270392
"2026-04-28T09:12:44.000000Z","2026-04-28T02:12:44.000000Z","IMPC","RG",0,2130.0,500,"XL","D","AK","F",1091452,1097691,270393
"2026-04-28T09:12:44.000000Z","2026-04-28T02:12:44.000000Z","IMPC","RG",0,2130.0,200,"XL","D","AK","F",1092496,1097691,270394
"2026-04-28T09:12:54.000000Z","2026-04-28T02:12:54.000000Z","IMPC","RG",0,2130.0,500,"XL","D","AK","F",1103441,1103466,272709
"2026-04-28T09:12:56.000000Z","2026-04-28T02:12:56.000000Z","IMPC","RG",0,2120.0,200,"KI","D","XL","D",18386,1104370,272993
"2026-04-28T09:12:56.000000Z","2026-04-28T02:12:56.000000Z","IMPC","RG",0,2120.0,800,"XL","D","XL","D",78274,1104370,272994
"2026-04-28T09:12:56.000000Z","2026-04-28T02:12:56.000000Z","IMPC","RG",0,2120.0,500,"PD","D","XL","D",232545,1104370,272995
"2026-04-28T09:12:56.000000Z","2026-04-28T02:12:56.000000Z","IMPC","RG",0,2120.0,300,"XL","D","XL","D",270345,1104370,272996
"2026-04-28T09:12:56.000000Z","2026-04-28T02:12:56.000000Z","IMPC","RG",0,2120.0,900,"XL","D","XL","D",389924,1104370,272997
"2026-04-28T09:12:56.000000Z","2026-04-28T02:12:56.000000Z","IMPC","RG",0,2120.0,4000,"XL","D","XL","D",440333,1104370,272998
"2026-04-28T09:12:56.000000Z","2026-04-28T02:12:56.000000Z","IMPC","RG",0,2120.0,700,"KK","D","XL","D",452345,1104370,272999
"2026-04-28T09:12:56.000000Z","2026-04-28T02:12:56.000000Z","IMPC","RG",0,2120.0,100,"XL","D","XL","D",485271,1104370,273000
"2026-04-28T09:12:56.000000Z","2026-04-28T02:12:56.000000Z","IMPC","RG",0,2120.0,200,"AZ","D","XL","D",518962,1104370,273001
"2026-04-28T09:12:56.000000Z","2026-04-28T02:12:56.000000Z","IMPC","RG",0,2120.0,5000,"XC","D","XL","D",740395,1104370,273002
"2026-04-28T09:12:56.000000Z","2026-04-28T02:12:56.000000Z","IMPC","RG",0,2120.0,10000,"CP","D","XL","D",784643,1104370,273003
"2026-04-28T09:12:56.000000Z","2026-04-28T02:12:56.000000Z","IMPC","RG",0,2120.0,500,"SQ","D","XL","D",862736,1104391,273009
"2026-04-28T09:12:56.000000Z","2026-04-28T02:12:56.000000Z","IMPC","RG",0,2120.0,500,"XL","D","XL","D",890673,1104391,273010
"2026-04-28T09:12:56.000000Z","2026-04-28T02:12:56.000000Z","IMPC","RG",0,2120.0,500,"XL","D","XL","D",890673,1104392,273011
"2026-04-28T09:12:56.000000Z","2026-04-28T02:12:56.000000Z","IMPC","RG",0,2120.0,100,"XL","D","XL","D",898462,1104393,273012
"2026-04-28T09:12:56.000000Z","2026-04-28T02:12:56.000000Z","IMPC","RG",0,2120.0,900,"YP","D","XL","D",931898,1104393,273013
"2026-04-28T09:12:56.000000Z","2026-04-28T02:12:56.000000Z","IMPC","RG",0,2120.0,5700,"YP","D","XL","D",931898,1104396,273015
"2026-04-28T09:12:56.000000Z","2026-04-28T02:12:56.000000Z","IMPC","RG",0,2120.0,2000,"YP","D","XL","D",931898,1104397,273016
"2026-04-28T09:12:56.000000Z","2026-04-28T02:12:56.000000Z","IMPC","RG",0,2120.0,11400,"YP","D","XL","D",931898,1104400,273017
"2026-04-28T09:12:56.000000Z","2026-04-28T02:12:56.000000Z","IMPC","RG",0,2120.0,600,"XL","D","XL","D",938879,1104400,273018
"2026-04-28T09:13:05.000000Z","2026-04-28T02:13:05.000000Z","IMPC","RG",0,2120.0,3100,"XL","D","XL","D",938879,1110054,275627
"2026-04-28T09:13:17.000000Z","2026-04-28T02:13:17.000000Z","IMPC","RG",0,2120.0,5600,"--","-","--","-",938879,0,277652
"2026-04-28T09:13:17.000000Z","2026-04-28T02:13:17.000000Z","IMPC","RG",0,2120.0,200,"--","-","--","-",950921,0,277653
"2026-04-28T09:13:17.000000Z","2026-04-28T02:13:17.000000Z","IMPC","RG",0,2120.0,2900,"--","-","--","-",967283,0,277654
"2026-04-28T09:13:17.000000Z","2026-04-28T02:13:17.000000Z","IMPC","RG",0,2120.0,500,"--","-","--","-",972794,0,277655
"2026-04-28T09:13:17.000000Z","2026-04-28T02:13:17.000000Z","IMPC","RG",0,2120.0,800,"--","-","--","-",999030,0,277656
"2026-04-28T09:13:17.000000Z","2026-04-28T02:13:17.000000Z","IMPC","RG",0,2120.0,500,"--","-","--","-",1010243,0,277657
"2026-04-28T09:13:17.000000Z","2026-04-28T02:13:17.000000Z","IMPC","RG",0,2120.0,200,"--","-","--","-",1038398,0,277658
"2026-04-28T09:13:17.000000Z","2026-04-28T02:13:17.000000Z","IMPC","RG",0,2120.0,500,"--","-","--","-",1040491,0,277659
"2026-04-28T09:13:17.000000Z","2026-04-28T02:13:17.000000Z","IMPC","RG",0,2120.0,10000,"--","-","--","-",1054474,0,277660
"2026-04-28T09:13:17.000000Z","2026-04-28T02:13:17.000000Z","IMPC","RG",0,2120.0,1200,"--","-","--","-",1080839,0,277661
"2026-04-28T09:13:17.000000Z","2026-04-28T02:13:17.000000Z","IMPC","RG",0,2120.0,2000,"--","-","--","-",1089222,0,277662
"2026-04-28T09:13:17.000000Z","2026-04-28T02:13:17.000000Z","IMPC","RG",0,2120.0,3600,"--","-","--","-",1098165,0,277663
"2026-04-28T09:13:17.000000Z","2026-04-28T02:13:17.000000Z","IMPC","RG",0,2120.0,500,"--","-","--","-",1108788,0,277664
"2026-04-28T09:13:17.000000Z","2026-04-28T02:13:17.000000Z","IMPC","RG",0,2120.0,5000,"--","-","--","-",1109830,0,277665
"2026-04-28T09:13:17.000000Z","2026-04-28T02:13:17.000000Z","IMPC","RG",0,2120.0,500,"--","-","--","-",1110549,0,277666
"2026-04-28T09:13:17.000000Z","2026-04-28T02:13:17.000000Z","IMPC","RG",0,2120.0,500,"--","-","--","-",1111159,0,277667
"2026-04-28T09:13:17.000000Z","2026-04-28T02:13:17.000000Z","IMPC","RG",0,2120.0,1000,"--","-","--","-",1112636,0,277668
"2026-04-28T09:13:25.000000Z","2026-04-28T02:13:25.000000Z","IMPC","RG",0,2110.0,1000,"--","-","--","-",44229,0,279351
"2026-04-28T09:13:25.000000Z","2026-04-28T02:13:25.000000Z","IMPC","RG",0,2110.0,400,"--","-","--","-",76302,0,279352
"2026-04-28T09:13:25.000000Z","2026-04-28T02:13:25.000000Z","IMPC","RG",0,2110.0,600,"--","-","--","-",76302,0,279356
"2026-04-28T09:13:25.000000Z","2026-04-28T02:13:25.000000Z","IMPC","RG",0,2110.0,400,"--","-","--","-",160050,0,279357
"2026-04-28T09:13:25.000000Z","2026-04-28T02:13:25.000000Z","IMPC","RG",0,2110.0,600,"--","-","--","-",160050,0,279373
"2026-04-28T09:13:25.000000Z","2026-04-28T02:13:25.000000Z","IMPC","RG",0,2110.0,1300,"--","-","--","-",160050,0,279376
"2026-04-28T09:13:25.000000Z","2026-04-28T02:13:25.000000Z","IMPC","RG",0,2110.0,1500,"--","-","--","-",200387,0,279377
"2026-04-28T09:13:25.000000Z","2026-04-28T02:13:25.000000Z","IMPC","RG",0,2110.0,200,"--","-","--","-",211764,0,279378
"2026-04-28T09:13:26.000000Z","2026-04-28T02:13:26.000000Z","IMPC","RG",0,2120.0,100,"NI","D","DH","D",1121110,1116033,279440
"2026-04-28T09:13:28.000000Z","2026-04-28T02:13:28.000000Z","IMPC","RG",0,2120.0,24400,"--","-","--","-",0,1116033,280009
"2026-04-28T09:13:28.000000Z","2026-04-28T02:13:28.000000Z","IMPC","RG",0,2120.0,36000,"--","-","--","-",0,1117764,280010
"2026-04-28T09:13:28.000000Z","2026-04-28T02:13:28.000000Z","IMPC","RG",0,2120.0,2200,"--","-","--","-",0,1118391,280011
"2026-04-28T09:13:28.000000Z","2026-04-28T02:13:28.000000Z","IMPC","RG",0,2120.0,3400,"--","-","--","-",0,1120921,280012
"2026-04-28T09:13:28.000000Z","2026-04-28T02:13:28.000000Z","IMPC","RG",0,2120.0,2600,"--","-","--","-",0,1120922,280013
"2026-04-28T09:13:28.000000Z","2026-04-28T02:13:28.000000Z","IMPC","RG",0,2120.0,300,"--","-","--","-",0,1120927,280014
"2026-04-28T09:13:28.000000Z","2026-04-28T02:13:28.000000Z","IMPC","RG",0,2120.0,6300,"--","-","--","-",0,1120932,280015
"2026-04-28T09:13:28.000000Z","2026-04-28T02:13:28.000000Z","IMPC","RG",0,2120.0,2500,"--","-","--","-",0,1122081,280016
"2026-04-28T09:13:29.000000Z","2026-04-28T02:13:29.000000Z","IMPC","RG",0,2120.0,15000,"--","-","--","-",0,1122771,280079
"2026-04-28T09:13:45.000000Z","2026-04-28T02:13:45.000000Z","IMPC","RG",0,2120.0,5000,"XL","D","XL","D",1123370,1131336,283993
"2026-04-28T09:13:45.000000Z","2026-04-28T02:13:45.000000Z","IMPC","RG",0,2120.0,4200,"AK","F","XL","D",1123417,1131336,283994
"2026-04-28T09:13:56.000000Z","2026-04-28T02:13:56.000000Z","IMPC","RG",0,2120.0,300,"AK","F","YP","D",1123417,1136430,286139
"2026-04-28T09:13:58.000000Z","2026-04-28T02:13:58.000000Z","IMPC","RG",0,2120.0,1200,"AK","F","XL","D",1123417,1137396,286668
"2026-04-28T09:13:59.000000Z","2026-04-28T02:13:59.000000Z","IMPC","RG",0,2130.0,100,"XL","D","XL","D",1137965,1111840,286976
"2026-04-28T09:14:01.000000Z","2026-04-28T02:14:01.000000Z","IMPC","RG",0,2120.0,19700,"AK","F","XL","D",1123417,1139306,287502
"2026-04-28T09:14:01.000000Z","2026-04-28T02:14:01.000000Z","IMPC","RG",0,2120.0,700,"XL","D","XL","D",1123768,1139306,287503
"2026-04-28T09:14:01.000000Z","2026-04-28T02:14:01.000000Z","IMPC","RG",0,2120.0,1700,"CC","D","XL","D",1127276,1139306,287504
"2026-04-28T09:14:01.000000Z","2026-04-28T02:14:01.000000Z","IMPC","RG",0,2120.0,100,"XL","D","XL","D",1129656,1139306,287505
"2026-04-28T09:14:01.000000Z","2026-04-28T02:14:01.000000Z","IMPC","RG",0,2120.0,1900,"ZP","F","XL","D",1131487,1139306,287506
"2026-04-28T09:14:02.000000Z","2026-04-28T02:14:02.000000Z","IMPC","RG",0,2130.0,600,"ZP","F","XL","D",1139620,1111840,287646
"2026-04-28T09:14:02.000000Z","2026-04-28T02:14:02.000000Z","IMPC","RG",0,2130.0,200,"ZP","F","AK","F",1139620,1112770,287647
"2026-04-28T09:14:02.000000Z","2026-04-28T02:14:02.000000Z","IMPC","RG",0,2130.0,2900,"ZP","F","AK","F",1139620,1115585,287648
"2026-04-28T09:14:04.000000Z","2026-04-28T02:14:04.000000Z","IMPC","RG",0,2120.0,2000,"ZP","F","XL","D",1131487,1140538,288165
"2026-04-28T09:14:04.000000Z","2026-04-28T02:14:04.000000Z","IMPC","RG",0,2120.0,3800,"ZP","F","XL","D",1131797,1140538,288166
"2026-04-28T09:14:04.000000Z","2026-04-28T02:14:04.000000Z","IMPC","RG",0,2120.0,200,"SQ","D","XL","D",1133555,1140538,288167
"2026-04-28T09:14:04.000000Z","2026-04-28T02:14:04.000000Z","IMPC","RG",0,2120.0,300,"NI","D","XL","D",1137307,1140538,288168
"2026-04-28T09:14:04.000000Z","2026-04-28T02:14:04.000000Z","IMPC","RG",0,2120.0,2000,"XL","D","XL","D",1138178,1140538,288169
"2026-04-28T09:14:04.000000Z","2026-04-28T02:14:04.000000Z","IMPC","RG",0,2120.0,14200,"AK","F","XL","D",1139330,1140538,288170
"2026-04-28T09:14:08.000000Z","2026-04-28T02:14:08.000000Z","IMPC","RG",0,2120.0,10000,"AK","F","MU","D",1139330,1142993,289104
"2026-04-28T09:14:20.000000Z","2026-04-28T02:14:20.000000Z","IMPC","RG",0,2120.0,1000,"--","-","--","-",1139330,0,292366
"2026-04-28T09:14:22.000000Z","2026-04-28T02:14:22.000000Z","IMPC","RG",0,2120.0,8700,"AK","F","XA","D",1139330,1150520,292771
"2026-04-28T09:14:22.000000Z","2026-04-28T02:14:22.000000Z","IMPC","RG",0,2120.0,1300,"XL","D","XA","D",1139468,1150520,292772
"2026-04-28T09:14:24.000000Z","2026-04-28T02:14:24.000000Z","IMPC","RG",0,2120.0,3700,"XL","D","XL","D",1139468,1151403,293332
"2026-04-28T09:14:24.000000Z","2026-04-28T02:14:24.000000Z","IMPC","RG",0,2120.0,1300,"XC","D","XL","D",1140061,1151403,293333
"2026-04-28T09:14:27.000000Z","2026-04-28T02:14:27.000000Z","IMPC","RG",0,2120.0,1000,"XC","D","XL","D",1140061,1152620,293758
"2026-04-28T09:14:27.000000Z","2026-04-28T02:14:27.000000Z","IMPC","RG",0,2120.0,17500,"XC","D","XL","D",1140061,1152629,293759
"2026-04-28T09:14:34.000000Z","2026-04-28T02:14:34.000000Z","IMPC","RG",0,2120.0,4100,"XC","D","KI","D",1140061,1156384,295311
"2026-04-28T09:14:34.000000Z","2026-04-28T02:14:34.000000Z","IMPC","RG",0,2120.0,4700,"AZ","D","KI","D",1145234,1156384,295312
"2026-04-28T09:14:34.000000Z","2026-04-28T02:14:34.000000Z","IMPC","RG",0,2120.0,12600,"XL","D","KI","D",1152762,1156384,295313
"2026-04-28T09:14:44.000000Z","2026-04-28T02:14:44.000000Z","IMPC","RG",0,2130.0,100,"XL","D","AK","F",1161695,1115585,297968
"2026-04-28T09:14:46.000000Z","2026-04-28T02:14:46.000000Z","IMPC","RG",0,2120.0,500,"XL","D","XC","D",1152762,1162310,298228
"2026-04-28T09:14:57.000000Z","2026-04-28T02:14:57.000000Z","IMPC","RG",0,2120.0,3000,"XL","D","AK","F",1152762,1168587,301041
"2026-04-28T09:15:12.000000Z","2026-04-28T02:15:12.000000Z","IMPC","RG",0,2120.0,3200,"XL","D","AK","F",1152762,1177054,304778
"2026-04-28T09:15:18.000000Z","2026-04-28T02:15:18.000000Z","IMPC","RG",0,2130.0,9200,"AK","F","AK","F",1180174,1115585,306175
"2026-04-28T09:15:18.000000Z","2026-04-28T02:15:18.000000Z","IMPC","RG",0,2130.0,5400,"AK","F","AK","F",1180174,1122698,306176
"2026-04-28T09:15:18.000000Z","2026-04-28T02:15:18.000000Z","IMPC","RG",0,2130.0,200,"AK","F","AK","F",1180174,1127389,306177
"2026-04-28T09:15:18.000000Z","2026-04-28T02:15:18.000000Z","IMPC","RG",0,2130.0,3300,"AK","F","AK","F",1180174,1131416,306178
"2026-04-28T09:15:18.000000Z","2026-04-28T02:15:18.000000Z","IMPC","RG",0,2130.0,1500,"AK","F","XL","D",1180174,1131711,306179
"2026-04-28T09:15:18.000000Z","2026-04-28T02:15:18.000000Z","IMPC","RG",0,2130.0,3300,"AK","F","AK","F",1180174,1140672,306180
"2026-04-28T09:15:18.000000Z","2026-04-28T02:15:18.000000Z","IMPC","RG",0,2130.0,300,"AK","F","XL","D",1180174,1141802,306181
"2026-04-28T09:15:18.000000Z","2026-04-28T02:15:18.000000Z","IMPC","RG",0,2130.0,10000,"AK","F","XA","D",1180174,1151521,306182
"2026-04-28T09:15:18.000000Z","2026-04-28T02:15:18.000000Z","IMPC","RG",0,2130.0,3500,"AK","F","AK","F",1180174,1152726,306183
"2026-04-28T09:15:18.000000Z","2026-04-28T02:15:18.000000Z","IMPC","RG",0,2130.0,1900,"AK","F","BK","F",1180174,1154529,306184
"2026-04-28T09:15:18.000000Z","2026-04-28T02:15:18.000000Z","IMPC","RG",0,2130.0,3500,"AK","F","AK","F",1180174,1161808,306185
"2026-04-28T09:15:18.000000Z","2026-04-28T02:15:18.000000Z","IMPC","RG",0,2130.0,21400,"AK","F","KI","D",1180174,1163267,306186
"2026-04-28T09:15:18.000000Z","2026-04-28T02:15:18.000000Z","IMPC","RG",0,2130.0,300,"AK","F","AK","F",1180174,1177056,306187
"2026-04-28T09:15:18.000000Z","2026-04-28T02:15:18.000000Z","IMPC","RG",0,2130.0,6400,"AK","F","AK","F",1180270,1180240,306223
"2026-04-28T09:15:24.000000Z","2026-04-28T02:15:24.000000Z","IMPC","RG",0,2130.0,500,"AK","F","XL","D",1183403,1183378,307426
"2026-04-28T09:15:35.000000Z","2026-04-28T02:15:35.000000Z","IMPC","RG",0,2130.0,1500,"XL","D","AK","F",1184531,1190053,310379
"2026-04-28T09:15:35.000000Z","2026-04-28T02:15:35.000000Z","IMPC","RG",0,2130.0,3700,"ZP","F","AK","F",1184851,1190053,310380
"2026-04-28T09:15:35.000000Z","2026-04-28T02:15:35.000000Z","IMPC","RG",0,2130.0,18000,"AK","F","AK","F",1184914,1190053,310381
"2026-04-28T09:15:35.000000Z","2026-04-28T02:15:35.000000Z","IMPC","RG",0,2130.0,5000,"BQ","D","AK","F",1186612,1190053,310382
"2026-04-28T09:15:35.000000Z","2026-04-28T02:15:35.000000Z","IMPC","RG",0,2130.0,3100,"XL","D","AK","F",1187932,1190053,310383
"2026-04-28T09:15:39.000000Z","2026-04-28T02:15:39.000000Z","IMPC","RG",0,2130.0,1000,"--","-","--","-",1192372,0,311297
"2026-04-28T09:15:48.000000Z","2026-04-28T02:15:48.000000Z","IMPC","RG",0,2130.0,2300,"XL","D","AK","F",1197473,1197506,313350
"2026-04-28T09:15:53.000000Z","2026-04-28T02:15:53.000000Z","IMPC","RG",0,2130.0,3600,"XL","D","AK","F",1200372,1200410,314372
"2026-04-28T09:15:59.000000Z","2026-04-28T02:15:59.000000Z","IMPC","RG",0,2130.0,100,"XL","D","AK","F",1203549,1203585,315214
"2026-04-28T09:16:03.000000Z","2026-04-28T02:16:03.000000Z","IMPC","RG",0,2130.0,1700,"XL","D","AK","F",1205873,1205918,315914
"2026-04-28T09:16:17.000000Z","2026-04-28T02:16:17.000000Z","IMPC","RG",0,2130.0,500,"XL","D","AK","F",1213220,1213251,318653
"2026-04-28T09:16:42.000000Z","2026-04-28T02:16:42.000000Z","IMPC","RG",0,2130.0,200,"XL","D","AK","F",1225408,1225432,322912
"2026-04-28T09:16:50.000000Z","2026-04-28T02:16:50.000000Z","IMPC","RG",0,2120.0,4600,"XL","D","AK","F",1152762,1229469,325042
"2026-04-28T09:16:50.000000Z","2026-04-28T02:16:50.000000Z","IMPC","RG",0,2120.0,15000,"YP","D","AK","F",1154617,1229469,325043
"2026-04-28T09:16:50.000000Z","2026-04-28T02:16:50.000000Z","IMPC","RG",0,2120.0,1000,"YU","D","AK","F",1155477,1229469,325044
"2026-04-28T09:16:50.000000Z","2026-04-28T02:16:50.000000Z","IMPC","RG",0,2120.0,1000,"PD","D","AK","F",1169139,1229469,325045
"2026-04-28T09:16:50.000000Z","2026-04-28T02:16:50.000000Z","IMPC","RG",0,2120.0,1000,"XL","D","AK","F",1169189,1229469,325046
"2026-04-28T09:16:50.000000Z","2026-04-28T02:16:50.000000Z","IMPC","RG",0,2120.0,9300,"XL","D","AK","F",1174304,1229469,325047
"2026-04-28T09:16:50.000000Z","2026-04-28T02:16:50.000000Z","IMPC","RG",0,2120.0,3600,"ZP","F","AK","F",1180434,1229469,325048
"2026-04-28T09:16:50.000000Z","2026-04-28T02:16:50.000000Z","IMPC","RG",0,2120.0,1200,"XL","D","AK","F",1192335,1229469,325049
"2026-04-28T09:16:50.000000Z","2026-04-28T02:16:50.000000Z","IMPC","RG",0,2120.0,100,"PD","D","AK","F",1200271,1229469,325050
"2026-04-28T09:16:50.000000Z","2026-04-28T02:16:50.000000Z","IMPC","RG",0,2120.0,100,"XL","D","AK","F",1207663,1229469,325051
"2026-04-28T09:16:50.000000Z","2026-04-28T02:16:50.000000Z","IMPC","RG",0,2120.0,100,"XL","D","AK","F",1212052,1229469,325052
"2026-04-28T09:16:50.000000Z","2026-04-28T02:16:50.000000Z","IMPC","RG",0,2120.0,400,"XL","D","AK","F",1214321,1229469,325053
"2026-04-28T09:16:50.000000Z","2026-04-28T02:16:50.000000Z","IMPC","RG",0,2120.0,9400,"XL","D","AK","F",1226705,1229469,325054
"2026-04-28T09:17:00.000000Z","2026-04-28T02:17:00.000000Z","IMPC","RG",0,2120.0,500,"--","-","--","-",0,1230004,328775
"2026-04-28T09:17:02.000000Z","2026-04-28T02:17:02.000000Z","IMPC","RG",0,2120.0,500,"XL","D","XC","D",1236260,1230004,329502
"2026-04-28T09:17:14.000000Z","2026-04-28T02:17:14.000000Z","IMPC","RG",0,2110.0,1300,"--","-","--","-",211764,0,331775
"2026-04-28T09:17:14.000000Z","2026-04-28T02:17:14.000000Z","IMPC","RG",0,2110.0,100,"--","-","--","-",229772,0,331776
"2026-04-28T09:17:14.000000Z","2026-04-28T02:17:14.000000Z","IMPC","RG",0,2110.0,500,"--","-","--","-",232502,0,331777
"2026-04-28T09:17:14.000000Z","2026-04-28T02:17:14.000000Z","IMPC","RG",0,2110.0,300,"--","-","--","-",293807,0,331778
"2026-04-28T09:17:14.000000Z","2026-04-28T02:17:14.000000Z","IMPC","RG",0,2110.0,1500,"--","-","--","-",293807,0,331822
"2026-04-28T09:17:14.000000Z","2026-04-28T02:17:14.000000Z","IMPC","RG",0,2110.0,1400,"--","-","--","-",293807,0,331952
"2026-04-28T09:17:15.000000Z","2026-04-28T02:17:15.000000Z","IMPC","RG",0,2110.0,1700,"--","-","--","-",293807,0,331984
"2026-04-28T09:17:19.000000Z","2026-04-28T02:17:19.000000Z","IMPC","RG",0,2110.0,100,"XL","D","XC","D",293807,1244749,332862
"2026-04-28T09:17:19.000000Z","2026-04-28T02:17:19.000000Z","IMPC","RG",0,2110.0,300,"XL","D","XC","D",427103,1244749,332863
"2026-04-28T09:17:19.000000Z","2026-04-28T02:17:19.000000Z","IMPC","RG",0,2110.0,100,"KK","D","XC","D",453386,1244749,332864
"2026-04-28T09:17:20.000000Z","2026-04-28T02:17:20.000000Z","IMPC","RG",0,2110.0,700,"KK","D","AK","F",453386,1244865,332890
"2026-04-28T09:17:20.000000Z","2026-04-28T02:17:20.000000Z","IMPC","RG",0,2110.0,1000,"OD","D","AK","F",467599,1244865,332891
"2026-04-28T09:17:20.000000Z","2026-04-28T02:17:20.000000Z","IMPC","RG",0,2110.0,100,"XL","D","AK","F",485330,1244865,332892
"2026-04-28T09:17:20.000000Z","2026-04-28T02:17:20.000000Z","IMPC","RG",0,2110.0,200,"PD","D","AK","F",487076,1244865,332893
"2026-04-28T09:17:20.000000Z","2026-04-28T02:17:20.000000Z","IMPC","RG",0,2110.0,1200,"XL","D","AK","F",545875,1244865,332894
"2026-04-28T09:17:21.000000Z","2026-04-28T02:17:21.000000Z","IMPC","RG",0,2110.0,1400,"XL","D","XL","D",545875,1245365,333040
"2026-04-28T09:17:40.000000Z","2026-04-28T02:17:40.000000Z","IMPC","RG",0,2110.0,2300,"--","-","--","-",545875,0,337381
"2026-04-28T09:17:40.000000Z","2026-04-28T02:17:40.000000Z","IMPC","RG",0,2110.0,3900,"--","-","--","-",545875,0,337410
"2026-04-28T09:17:41.000000Z","2026-04-28T02:17:41.000000Z","IMPC","RG",0,2110.0,2500,"--","-","--","-",545875,0,337605
"2026-04-28T09:17:41.000000Z","2026-04-28T02:17:41.000000Z","IMPC","RG",0,2110.0,2000,"--","-","--","-",603116,0,337606
"2026-04-28T09:17:41.000000Z","2026-04-28T02:17:41.000000Z","IMPC","RG",0,2110.0,2500,"--","-","--","-",612880,0,337607
"2026-04-28T09:17:41.000000Z","2026-04-28T02:17:41.000000Z","IMPC","RG",0,2110.0,7200,"--","-","--","-",625291,0,337608
"2026-04-28T09:17:41.000000Z","2026-04-28T02:17:41.000000Z","IMPC","RG",0,2110.0,800,"--","-","--","-",650271,0,337609
"2026-04-28T09:17:41.000000Z","2026-04-28T02:17:41.000000Z","IMPC","RG",0,2110.0,5000,"--","-","--","-",654549,0,337610
"2026-04-28T09:17:41.000000Z","2026-04-28T02:17:41.000000Z","IMPC","RG",0,2110.0,10000,"--","-","--","-",716523,0,337611
"2026-04-28T09:17:41.000000Z","2026-04-28T02:17:41.000000Z","IMPC","RG",0,2110.0,5000,"--","-","--","-",734207,0,337612
"2026-04-28T09:17:41.000000Z","2026-04-28T02:17:41.000000Z","IMPC","RG",0,2110.0,500,"--","-","--","-",773686,0,337613
"2026-04-28T09:17:41.000000Z","2026-04-28T02:17:41.000000Z","IMPC","RG",0,2110.0,1000,"--","-","--","-",797587,0,337614
"2026-04-28T09:17:41.000000Z","2026-04-28T02:17:41.000000Z","IMPC","RG",0,2110.0,20000,"--","-","--","-",801345,0,337615
"2026-04-28T09:17:41.000000Z","2026-04-28T02:17:41.000000Z","IMPC","RG",0,2110.0,2300,"--","-","--","-",824815,0,337616
"2026-04-28T09:17:41.000000Z","2026-04-28T02:17:41.000000Z","IMPC","RG",0,2110.0,100,"--","-","--","-",854715,0,337617
"2026-04-28T09:17:41.000000Z","2026-04-28T02:17:41.000000Z","IMPC","RG",0,2110.0,1400,"--","-","--","-",885514,0,337618
"2026-04-28T09:17:41.000000Z","2026-04-28T02:17:41.000000Z","IMPC","RG",0,2110.0,2900,"--","-","--","-",904799,0,337619
"2026-04-28T09:17:42.000000Z","2026-04-28T02:17:42.000000Z","IMPC","RG",0,2110.0,1600,"XL","D","XL","D",904799,1256365,337735
"2026-04-28T09:17:43.000000Z","2026-04-28T02:17:43.000000Z","IMPC","RG",0,2110.0,500,"XL","D","YP","D",904799,1256819,337891
"2026-04-28T09:17:43.000000Z","2026-04-28T02:17:43.000000Z","IMPC","RG",0,2110.0,200,"XL","D","YP","D",952951,1256819,337892
"2026-04-28T09:17:43.000000Z","2026-04-28T02:17:43.000000Z","IMPC","RG",0,2110.0,500,"CC","D","YP","D",954548,1256819,337893
"2026-04-28T09:17:43.000000Z","2026-04-28T02:17:43.000000Z","IMPC","RG",0,2110.0,500,"XL","D","YP","D",960704,1256819,337894
"2026-04-28T09:17:43.000000Z","2026-04-28T02:17:43.000000Z","IMPC","RG",0,2110.0,100,"XL","D","YP","D",992240,1256819,337895
"2026-04-28T09:17:43.000000Z","2026-04-28T02:17:43.000000Z","IMPC","RG",0,2110.0,500,"AZ","D","YP","D",1057377,1256819,337896
"2026-04-28T09:17:43.000000Z","2026-04-28T02:17:43.000000Z","IMPC","RG",0,2110.0,100,"XL","D","YP","D",1060625,1256819,337897
"2026-04-28T09:17:43.000000Z","2026-04-28T02:17:43.000000Z","IMPC","RG",0,2110.0,100,"XL","D","YP","D",1088912,1256819,337898
"2026-04-28T09:17:43.000000Z","2026-04-28T02:17:43.000000Z","IMPC","RG",0,2110.0,5000,"SQ","D","YP","D",1089656,1256819,337899
"2026-04-28T09:17:43.000000Z","2026-04-28T02:17:43.000000Z","IMPC","RG",0,2110.0,100,"XL","D","YP","D",1096349,1256819,337900
"2026-04-28T09:17:43.000000Z","2026-04-28T02:17:43.000000Z","IMPC","RG",0,2110.0,100,"XL","D","YP","D",1122006,1256819,337901
"2026-04-28T09:17:43.000000Z","2026-04-28T02:17:43.000000Z","IMPC","RG",0,2110.0,20000,"PD","D","YP","D",1122599,1256819,337902
"2026-04-28T09:17:43.000000Z","2026-04-28T02:17:43.000000Z","IMPC","RG",0,2110.0,800,"CC","D","YP","D",1147634,1256819,337903
"2026-04-28T09:17:43.000000Z","2026-04-28T02:17:43.000000Z","IMPC","RG",0,2110.0,1000,"PD","D","YP","D",1171010,1256819,337904
"2026-04-28T09:17:43.000000Z","2026-04-28T02:17:43.000000Z","IMPC","RG",0,2110.0,5100,"XL","D","YP","D",1204082,1256819,337905
"2026-04-28T09:17:43.000000Z","2026-04-28T02:17:43.000000Z","IMPC","RG",0,2110.0,100,"XC","D","YP","D",1222778,1256819,337906
"2026-04-28T09:17:43.000000Z","2026-04-28T02:17:43.000000Z","IMPC","RG",0,2110.0,3700,"ZP","F","YP","D",1229833,1256819,337907
"2026-04-28T09:17:43.000000Z","2026-04-28T02:17:43.000000Z","IMPC","RG",0,2110.0,100,"XL","D","YP","D",1249463,1256819,337908
"2026-04-28T09:17:43.000000Z","2026-04-28T02:17:43.000000Z","IMPC","RG",0,2110.0,2000,"XL","D","YP","D",1252713,1256819,337909
"2026-04-28T09:17:43.000000Z","2026-04-28T02:17:43.000000Z","IMPC","RG",0,2110.0,500,"XL","D","YP","D",1252868,1256819,337910
"2026-04-28T09:17:43.000000Z","2026-04-28T02:17:43.000000Z","IMPC","RG",0,2110.0,200,"XC","D","YP","D",1256294,1256819,337911
"2026-04-28T09:17:52.000000Z","2026-04-28T02:17:52.000000Z","IMPC","RG",0,2110.0,500,"--","-","--","-",0,1256819,339764
"2026-04-28T09:17:52.000000Z","2026-04-28T02:17:52.000000Z","IMPC","RG",0,2100.0,1600,"--","-","--","-",17814,0,339790
"2026-04-28T09:17:52.000000Z","2026-04-28T02:17:52.000000Z","IMPC","RG",0,2100.0,400,"--","-","--","-",17814,0,339791
"2026-04-28T09:17:52.000000Z","2026-04-28T02:17:52.000000Z","IMPC","RG",0,2100.0,500,"--","-","--","-",45827,0,339792
"2026-04-28T09:17:52.000000Z","2026-04-28T02:17:52.000000Z","IMPC","RG",0,2100.0,400,"--","-","--","-",78010,0,339793
"2026-04-28T09:17:52.000000Z","2026-04-28T02:17:52.000000Z","IMPC","RG",0,2100.0,100,"--","-","--","-",78010,0,339796
"2026-04-28T09:17:52.000000Z","2026-04-28T02:17:52.000000Z","IMPC","RG",0,2100.0,500,"--","-","--","-",78010,0,339798
"2026-04-28T09:17:52.000000Z","2026-04-28T02:17:52.000000Z","IMPC","RG",0,2100.0,200,"--","-","--","-",119519,0,339799
"2026-04-28T09:17:52.000000Z","2026-04-28T02:17:52.000000Z","IMPC","RG",0,2100.0,1300,"--","-","--","-",119519,0,339800
"2026-04-28T09:17:52.000000Z","2026-04-28T02:17:52.000000Z","IMPC","RG",0,2100.0,3700,"--","-","--","-",154294,0,339801
"2026-04-28T09:17:52.000000Z","2026-04-28T02:17:52.000000Z","IMPC","RG",0,2100.0,6300,"--","-","--","-",154294,0,339802
"2026-04-28T09:17:52.000000Z","2026-04-28T02:17:52.000000Z","IMPC","RG",0,2100.0,1900,"--","-","--","-",156339,0,339803
"2026-04-28T09:17:52.000000Z","2026-04-28T02:17:52.000000Z","IMPC","RG",0,2100.0,11900,"--","-","--","-",156339,0,339805
"2026-04-28T09:17:52.000000Z","2026-04-28T02:17:52.000000Z","IMPC","RG",0,2100.0,400,"--","-","--","-",156339,0,339806
"2026-04-28T09:17:52.000000Z","2026-04-28T02:17:52.000000Z","IMPC","RG",0,2100.0,5800,"--","-","--","-",156339,0,339807
"2026-04-28T09:17:52.000000Z","2026-04-28T02:17:52.000000Z","IMPC","RG",0,2100.0,5000,"--","-","--","-",206652,0,339808
"2026-04-28T09:17:52.000000Z","2026-04-28T02:17:52.000000Z","IMPC","RG",0,2100.0,100,"--","-","--","-",218773,0,339809
"2026-04-28T09:17:52.000000Z","2026-04-28T02:17:52.000000Z","IMPC","RG",0,2100.0,100,"--","-","--","-",229596,0,339810
"2026-04-28T09:17:52.000000Z","2026-04-28T02:17:52.000000Z","IMPC","RG",0,2100.0,400,"--","-","--","-",233739,0,339811
"2026-04-28T09:17:52.000000Z","2026-04-28T02:17:52.000000Z","IMPC","RG",0,2100.0,300,"--","-","--","-",248829,0,339812
"2026-04-28T09:17:52.000000Z","2026-04-28T02:17:52.000000Z","IMPC","RG",0,2100.0,1200,"--","-","--","-",312289,0,339813
"2026-04-28T09:17:52.000000Z","2026-04-28T02:17:52.000000Z","IMPC","RG",0,2100.0,200,"--","-","--","-",325627,0,339814
"2026-04-28T09:17:52.000000Z","2026-04-28T02:17:52.000000Z","IMPC","RG",0,2100.0,100,"--","-","--","-",344820,0,339815
"2026-04-28T09:17:52.000000Z","2026-04-28T02:17:52.000000Z","IMPC","RG",0,2100.0,5000,"--","-","--","-",358560,0,339816
"2026-04-28T09:17:52.000000Z","2026-04-28T02:17:52.000000Z","IMPC","RG",0,2100.0,3900,"--","-","--","-",360114,0,339817
"2026-04-28T09:17:52.000000Z","2026-04-28T02:17:52.000000Z","IMPC","RG",0,2100.0,1100,"--","-","--","-",360114,0,339818
"2026-04-28T09:17:52.000000Z","2026-04-28T02:17:52.000000Z","IMPC","RG",0,2100.0,1300,"--","-","--","-",389005,0,339819
"2026-04-28T09:17:52.000000Z","2026-04-28T02:17:52.000000Z","IMPC","RG",0,2100.0,2300,"--","-","--","-",389005,0,339820
"2026-04-28T09:17:52.000000Z","2026-04-28T02:17:52.000000Z","IMPC","RG",0,2100.0,500,"--","-","--","-",389005,0,339821
"2026-04-28T09:17:52.000000Z","2026-04-28T02:17:52.000000Z","IMPC","RG",0,2100.0,1100,"--","-","--","-",389005,0,339822
"2026-04-28T09:17:52.000000Z","2026-04-28T02:17:52.000000Z","IMPC","RG",0,2100.0,600,"--","-","--","-",389005,0,339824
"2026-04-28T09:17:52.000000Z","2026-04-28T02:17:52.000000Z","IMPC","RG",0,2100.0,300,"--","-","--","-",389005,0,339826
"2026-04-28T09:17:52.000000Z","2026-04-28T02:17:52.000000Z","IMPC","RG",0,2100.0,500,"--","-","--","-",389005,0,339827
"2026-04-28T09:17:52.000000Z","2026-04-28T02:17:52.000000Z","IMPC","RG",0,2100.0,600,"--","-","--","-",389005,0,339828
"2026-04-28T09:17:52.000000Z","2026-04-28T02:17:52.000000Z","IMPC","RG",0,2100.0,7200,"--","-","--","-",389005,0,339830
"2026-04-28T09:17:52.000000Z","2026-04-28T02:17:52.000000Z","IMPC","RG",0,2100.0,1400,"--","-","--","-",389005,0,339831
"2026-04-28T09:17:52.000000Z","2026-04-28T02:17:52.000000Z","IMPC","RG",0,2100.0,2000,"--","-","--","-",389005,0,339832
"2026-04-28T09:17:52.000000Z","2026-04-28T02:17:52.000000Z","IMPC","RG",0,2100.0,1400,"--","-","--","-",389005,0,339833
"2026-04-28T09:17:53.000000Z","2026-04-28T02:17:53.000000Z","IMPC","RG",0,2100.0,800,"--","-","--","-",389005,0,340015
"2026-04-28T09:17:53.000000Z","2026-04-28T02:17:53.000000Z","IMPC","RG",0,2100.0,400,"--","-","--","-",405884,0,340016
"2026-04-28T09:17:53.000000Z","2026-04-28T02:17:53.000000Z","IMPC","RG",0,2100.0,2300,"--","-","--","-",405884,0,340052
"2026-04-28T09:17:57.000000Z","2026-04-28T02:17:57.000000Z","IMPC","RG",0,2100.0,2100,"--","-","--","-",405884,0,340936
"2026-04-28T09:17:57.000000Z","2026-04-28T02:17:57.000000Z","IMPC","RG",0,2100.0,600,"--","-","--","-",405884,0,340973
"2026-04-28T09:17:57.000000Z","2026-04-28T02:17:57.000000Z","IMPC","RG",0,2100.0,2900,"--","-","--","-",405884,0,340977
"2026-04-28T09:18:03.000000Z","2026-04-28T02:18:03.000000Z","IMPC","RG",0,2100.0,10700,"XL","D","XL","D",405884,1266284,341919
"2026-04-28T09:18:07.000000Z","2026-04-28T02:18:07.000000Z","IMPC","RG",0,2110.0,100,"XL","D","YP","D",1268282,1256819,342868
"2026-04-28T09:18:07.000000Z","2026-04-28T02:18:07.000000Z","IMPC","RG",0,2110.0,500,"XL","D","YP","D",1268469,1256819,342941
"2026-04-28T09:18:13.000000Z","2026-04-28T02:18:13.000000Z","IMPC","RG",0,2110.0,100,"XL","D","YP","D",1271253,1256819,343844
"2026-04-28T09:18:13.000000Z","2026-04-28T02:18:13.000000Z","IMPC","RG",0,2100.0,3100,"XL","D","AK","F",405884,1271399,343878
"2026-04-28T09:18:15.000000Z","2026-04-28T02:18:15.000000Z","IMPC","RG",0,2100.0,1000,"--","-","--","-",405884,0,344364
"2026-04-28T09:18:27.000000Z","2026-04-28T02:18:27.000000Z","IMPC","RG",0,2100.0,100,"XL","D","XL","D",405884,1277886,346534
"2026-04-28T09:18:27.000000Z","2026-04-28T02:18:27.000000Z","IMPC","RG",0,2100.0,3600,"XL","D","AK","F",405884,1277988,346586
"2026-04-28T09:18:33.000000Z","2026-04-28T02:18:33.000000Z","IMPC","RG",0,2110.0,100,"XL","D","YP","D",1280784,1256819,347899
"2026-04-28T09:18:35.000000Z","2026-04-28T02:18:35.000000Z","IMPC","RG",0,2100.0,4100,"XL","D","AZ","D",405884,1281929,348365
"2026-04-28T09:18:35.000000Z","2026-04-28T02:18:35.000000Z","IMPC","RG",0,2100.0,600,"XL","D","AZ","D",425847,1281929,348366
"2026-04-28T09:18:35.000000Z","2026-04-28T02:18:35.000000Z","IMPC","RG",0,2100.0,1400,"XL","D","BK","F",425847,1281960,348379
"2026-04-28T09:18:35.000000Z","2026-04-28T02:18:35.000000Z","IMPC","RG",0,2100.0,1000,"MG","D","BK","F",449425,1281960,348380
"2026-04-28T09:18:35.000000Z","2026-04-28T02:18:35.000000Z","IMPC","RG",0,2100.0,900,"KK","D","BK","F",453868,1281960,348381
"2026-04-28T09:18:35.000000Z","2026-04-28T02:18:35.000000Z","IMPC","RG",0,2100.0,200,"XL","D","BK","F",461255,1281960,348382
"2026-04-28T09:18:35.000000Z","2026-04-28T02:18:35.000000Z","IMPC","RG",0,2100.0,50000,"YP","D","BK","F",478651,1281960,348383
"2026-04-28T09:18:35.000000Z","2026-04-28T02:18:35.000000Z","IMPC","RG",0,2100.0,100,"XL","D","BK","F",485391,1281960,348384
"2026-04-28T09:18:35.000000Z","2026-04-28T02:18:35.000000Z","IMPC","RG",0,2100.0,10000,"CP","D","BK","F",487253,1281960,348385
"2026-04-28T09:18:35.000000Z","2026-04-28T02:18:35.000000Z","IMPC","RG",0,2100.0,500,"XL","D","BK","F",504259,1281960,348386
"2026-04-28T09:18:35.000000Z","2026-04-28T02:18:35.000000Z","IMPC","RG",0,2100.0,2400,"XL","D","BK","F",505857,1281960,348387
"2026-04-28T09:18:35.000000Z","2026-04-28T02:18:35.000000Z","IMPC","RG",0,2100.0,2000,"XL","D","BK","F",531445,1281960,348388
"2026-04-28T09:18:35.000000Z","2026-04-28T02:18:35.000000Z","IMPC","RG",0,2100.0,300,"YP","D","BK","F",551899,1281960,348389
"2026-04-28T09:18:35.000000Z","2026-04-28T02:18:35.000000Z","IMPC","RG",0,2100.0,400,"XC","D","BK","F",558928,1281960,348390
"2026-04-28T09:18:35.000000Z","2026-04-28T02:18:35.000000Z","IMPC","RG",0,2100.0,4700,"YP","D","BK","F",650177,1281960,348391
"2026-04-28T09:18:35.000000Z","2026-04-28T02:18:35.000000Z","IMPC","RG",0,2100.0,500,"XC","D","BK","F",722786,1281960,348392
"2026-04-28T09:18:35.000000Z","2026-04-28T02:18:35.000000Z","IMPC","RG",0,2100.0,2500,"AZ","D","BK","F",926396,1281960,348393
"2026-04-28T09:18:35.000000Z","2026-04-28T02:18:35.000000Z","IMPC","RG",0,2100.0,200,"XL","D","BK","F",955653,1281960,348394
"2026-04-28T09:18:35.000000Z","2026-04-28T02:18:35.000000Z","IMPC","RG",0,2100.0,500,"XL","D","BK","F",957944,1281960,348395
"2026-04-28T09:18:35.000000Z","2026-04-28T02:18:35.000000Z","IMPC","RG",0,2100.0,13700,"SQ","D","BK","F",978448,1281960,348396
"2026-04-28T09:18:35.000000Z","2026-04-28T02:18:35.000000Z","IMPC","RG",0,2100.0,1000,"XL","D","BK","F",989383,1281960,348397
"2026-04-28T09:18:35.000000Z","2026-04-28T02:18:35.000000Z","IMPC","RG",0,2100.0,24100,"XL","D","BK","F",1006571,1281960,348398
"2026-04-28T09:18:35.000000Z","2026-04-28T02:18:35.000000Z","IMPC","RG",0,2100.0,10000,"XL","D","BK","F",1014153,1281960,348399
"2026-04-28T09:18:35.000000Z","2026-04-28T02:18:35.000000Z","IMPC","RG",0,2100.0,500,"AZ","D","BK","F",1037850,1281960,348400
"2026-04-28T09:18:35.000000Z","2026-04-28T02:18:35.000000Z","IMPC","RG",0,2100.0,1000,"CP","D","BK","F",1022604,1281960,348401
"2026-04-28T09:18:35.000000Z","2026-04-28T02:18:35.000000Z","IMPC","RG",0,2100.0,100,"XL","D","BK","F",1047033,1281960,348402
"2026-04-28T09:18:35.000000Z","2026-04-28T02:18:35.000000Z","IMPC","RG",0,2100.0,1000,"XL","D","BK","F",1047096,1281960,348403
"2026-04-28T09:18:35.000000Z","2026-04-28T02:18:35.000000Z","IMPC","RG",0,2100.0,1000,"AT","D","BK","F",1070120,1281960,348404
"2026-04-28T09:18:35.000000Z","2026-04-28T02:18:35.000000Z","IMPC","RG",0,2100.0,500,"XL","D","BK","F",1091469,1281960,348405
"2026-04-28T09:18:35.000000Z","2026-04-28T02:18:35.000000Z","IMPC","RG",0,2100.0,3000,"XL","D","BK","F",1112218,1281960,348406
"2026-04-28T09:18:35.000000Z","2026-04-28T02:18:35.000000Z","IMPC","RG",0,2100.0,5000,"XL","D","BK","F",1126740,1281960,348407
"2026-04-28T09:18:35.000000Z","2026-04-28T02:18:35.000000Z","IMPC","RG",0,2100.0,1000,"XL","D","BK","F",1126743,1281960,348408
"2026-04-28T09:18:35.000000Z","2026-04-28T02:18:35.000000Z","IMPC","RG",0,2100.0,200,"AZ","D","BK","F",1128719,1281960,348409
"2026-04-28T09:18:35.000000Z","2026-04-28T02:18:35.000000Z","IMPC","RG",0,2100.0,300,"XL","D","BK","F",1135150,1281960,348410
"2026-04-28T09:18:35.000000Z","2026-04-28T02:18:35.000000Z","IMPC","RG",0,2100.0,500,"CC","D","BK","F",1145196,1281960,348411
"2026-04-28T09:18:35.000000Z","2026-04-28T02:18:35.000000Z","IMPC","RG",0,2100.0,200,"YP","D","BK","F",1150458,1281960,348412
"2026-04-28T09:18:35.000000Z","2026-04-28T02:18:35.000000Z","IMPC","RG",0,2100.0,1000,"XC","D","BK","F",1151334,1281960,348413
"2026-04-28T09:18:35.000000Z","2026-04-28T02:18:35.000000Z","IMPC","RG",0,2100.0,10000,"PD","D","BK","F",1153536,1281960,348414
"2026-04-28T09:18:35.000000Z","2026-04-28T02:18:35.000000Z","IMPC","RG",0,2100.0,200,"YP","D","BK","F",1157756,1281960,348415
"2026-04-28T09:18:35.000000Z","2026-04-28T02:18:35.000000Z","IMPC","RG",0,2100.0,800,"YP","D","AK","F",1157756,1281961,348416
"2026-04-28T09:18:35.000000Z","2026-04-28T02:18:35.000000Z","IMPC","RG",0,2100.0,1000,"PD","D","AK","F",1172209,1281961,348417
"2026-04-28T09:18:35.000000Z","2026-04-28T02:18:35.000000Z","IMPC","RG",0,2100.0,100,"XL","D","AK","F",1181931,1281961,348418
"2026-04-28T09:18:35.000000Z","2026-04-28T02:18:35.000000Z","IMPC","RG",0,2100.0,200,"XL","D","AK","F",1190804,1281961,348419
"2026-04-28T09:18:35.000000Z","2026-04-28T02:18:35.000000Z","IMPC","RG",0,2100.0,300,"XL","D","AK","F",1203747,1281961,348420
"2026-04-28T09:18:35.000000Z","2026-04-28T02:18:35.000000Z","IMPC","RG",0,2100.0,800,"XL","D","AK","F",1206614,1281961,348421
"2026-04-28T09:18:35.000000Z","2026-04-28T02:18:35.000000Z","IMPC","RG",0,2100.0,200,"XL","D","AK","F",1218870,1281961,348422
"2026-04-28T09:18:35.000000Z","2026-04-28T02:18:35.000000Z","IMPC","RG",0,2100.0,10000,"SQ","D","AK","F",1220077,1281961,348423
"2026-04-28T09:18:35.000000Z","2026-04-28T02:18:35.000000Z","IMPC","RG",0,2100.0,2000,"XC","D","AK","F",1232163,1281961,348424
"2026-04-28T09:18:35.000000Z","2026-04-28T02:18:35.000000Z","IMPC","RG",0,2100.0,300,"XL","D","AK","F",1235424,1281961,348425
"2026-04-28T09:18:35.000000Z","2026-04-28T02:18:35.000000Z","IMPC","RG",0,2100.0,20000,"CC","D","AK","F",1243363,1281961,348426
"2026-04-28T09:18:35.000000Z","2026-04-28T02:18:35.000000Z","IMPC","RG",0,2100.0,2000,"CC","D","AK","F",1247410,1281961,348427
"2026-04-28T09:18:35.000000Z","2026-04-28T02:18:35.000000Z","IMPC","RG",0,2100.0,1000,"DH","D","AK","F",1249197,1281961,348428
"2026-04-28T09:18:35.000000Z","2026-04-28T02:18:35.000000Z","IMPC","RG",0,2100.0,500,"XL","D","AK","F",1249404,1281961,348429
"2026-04-28T09:18:35.000000Z","2026-04-28T02:18:35.000000Z","IMPC","RG",0,2100.0,3000,"XL","D","AK","F",1256366,1281961,348430
"2026-04-28T09:18:35.000000Z","2026-04-28T02:18:35.000000Z","IMPC","RG",0,2100.0,3900,"ZP","F","AK","F",1257165,1281961,348431
"2026-04-28T09:18:35.000000Z","2026-04-28T02:18:35.000000Z","IMPC","RG",0,2100.0,300,"XC","D","AK","F",1258779,1281961,348432
"2026-04-28T09:18:35.000000Z","2026-04-28T02:18:35.000000Z","IMPC","RG",0,2100.0,3700,"ZP","F","AK","F",1261345,1281961,348433
"2026-04-28T09:18:35.000000Z","2026-04-28T02:18:35.000000Z","IMPC","RG",0,2100.0,1500,"XL","D","AK","F",1262291,1281961,348434
"2026-04-28T09:18:35.000000Z","2026-04-28T02:18:35.000000Z","IMPC","RG",0,2100.0,100,"XC","D","AK","F",1262713,1281961,348435
"2026-04-28T09:18:35.000000Z","2026-04-28T02:18:35.000000Z","IMPC","RG",0,2100.0,400,"XC","D","AK","F",1275554,1281961,348436
"2026-04-28T09:18:35.000000Z","2026-04-28T02:18:35.000000Z","IMPC","RG",0,2100.0,200,"XL","D","AK","F",1281299,1281961,348437
"2026-04-28T09:18:40.000000Z","2026-04-28T02:18:40.000000Z","IMPC","RG",0,2110.0,100,"YP","D","YP","D",1284035,1256819,349559
"2026-04-28T09:18:40.000000Z","2026-04-28T02:18:40.000000Z","IMPC","RG",0,2100.0,100,"XL","D","AK","F",1282521,1284139,349590
"2026-04-28T09:18:40.000000Z","2026-04-28T02:18:40.000000Z","IMPC","RG",0,2100.0,500,"CC","D","AK","F",1282606,1284139,349591
"2026-04-28T09:18:40.000000Z","2026-04-28T02:18:40.000000Z","IMPC","RG",0,2100.0,2500,"ZP","F","AK","F",1282853,1284139,349592
"2026-04-28T09:18:42.000000Z","2026-04-28T02:18:42.000000Z","IMPC","RG",0,2100.0,1000,"--","-","--","-",1282853,0,350124
"2026-04-28T09:18:44.000000Z","2026-04-28T02:18:44.000000Z","IMPC","RG",0,2100.0,200,"--","-","--","-",1282853,0,350378
"2026-04-28T09:18:44.000000Z","2026-04-28T02:18:44.000000Z","IMPC","RG",0,2100.0,600,"--","-","--","-",0,1285577,350382
"2026-04-28T09:18:46.000000Z","2026-04-28T02:18:46.000000Z","IMPC","RG",0,2100.0,100,"--","-","--","-",1286129,0,352272
"2026-04-28T09:18:46.000000Z","2026-04-28T02:18:46.000000Z","IMPC","RG",0,2100.0,25800,"--","-","--","-",0,1286971,352288
"2026-04-28T09:18:54.000000Z","2026-04-28T02:18:54.000000Z","IMPC","RG",0,2100.0,200,"--","-","--","-",1288550,0,354879
"2026-04-28T09:18:54.000000Z","2026-04-28T02:18:54.000000Z","IMPC","RG",0,2100.0,3700,"--","-","--","-",1288550,0,354927
"2026-04-28T09:19:01.000000Z","2026-04-28T02:19:01.000000Z","IMPC","RG",0,2100.0,6100,"--","-","--","-",1288550,0,357131
"2026-04-28T09:19:01.000000Z","2026-04-28T02:19:01.000000Z","IMPC","RG",0,2100.0,100,"--","-","--","-",1289221,0,357132
"2026-04-28T09:19:01.000000Z","2026-04-28T02:19:01.000000Z","IMPC","RG",0,2100.0,5000,"--","-","--","-",1290277,0,357133
"2026-04-28T09:19:01.000000Z","2026-04-28T02:19:01.000000Z","IMPC","RG",0,2100.0,7800,"--","-","--","-",1290778,0,357134
"2026-04-28T09:19:03.000000Z","2026-04-28T02:19:03.000000Z","IMPC","RG",0,2100.0,1200,"ZP","F","PD","D",1290958,1295437,357878
"2026-04-28T09:19:04.000000Z","2026-04-28T02:19:04.000000Z","IMPC","RG",0,2100.0,2400,"--","-","--","-",1290958,0,358011
"2026-04-28T09:19:04.000000Z","2026-04-28T02:19:04.000000Z","IMPC","RG",0,2100.0,500,"--","-","--","-",1291836,0,358012
"2026-04-28T09:19:04.000000Z","2026-04-28T02:19:04.000000Z","IMPC","RG",0,2100.0,300,"--","-","--","-",1292279,0,358013
"2026-04-28T09:19:06.000000Z","2026-04-28T02:19:06.000000Z","IMPC","RG",0,2100.0,5000,"--","-","--","-",1292279,0,358321
"2026-04-28T09:19:06.000000Z","2026-04-28T02:19:06.000000Z","IMPC","RG",0,2100.0,9900,"--","-","--","-",1292279,0,358372
"2026-04-28T09:19:06.000000Z","2026-04-28T02:19:06.000000Z","IMPC","RG",0,2100.0,4500,"--","-","--","-",0,1296962,358374
"2026-04-28T09:19:09.000000Z","2026-04-28T02:19:09.000000Z","IMPC","RG",0,2100.0,2400,"--","-","--","-",0,1298032,358960
"2026-04-28T09:19:13.000000Z","2026-04-28T02:19:13.000000Z","IMPC","RG",0,2110.0,7400,"--","-","--","-",0,1256819,360105
"2026-04-28T09:19:13.000000Z","2026-04-28T02:19:13.000000Z","IMPC","RG",0,2110.0,1300,"--","-","--","-",0,1257006,360106
"2026-04-28T09:19:13.000000Z","2026-04-28T02:19:13.000000Z","IMPC","RG",0,2110.0,700,"--","-","--","-",0,1257008,360107
"2026-04-28T09:19:20.000000Z","2026-04-28T02:19:20.000000Z","IMPC","RG",0,2100.0,500,"XL","D","XL","D",1300071,1303458,362173
"2026-04-28T09:19:20.000000Z","2026-04-28T02:19:20.000000Z","IMPC","RG",0,2100.0,2800,"CC","D","XL","D",1301080,1303458,362174
"2026-04-28T09:19:20.000000Z","2026-04-28T02:19:20.000000Z","IMPC","RG",0,2100.0,100,"XL","D","XL","D",1301196,1303458,362175
"2026-04-28T09:19:20.000000Z","2026-04-28T02:19:20.000000Z","IMPC","RG",0,2100.0,600,"XL","D","XL","D",1303310,1303458,362176
"2026-04-28T09:19:20.000000Z","2026-04-28T02:19:20.000000Z","IMPC","RG",0,2100.0,1500,"--","-","--","-",1303310,0,362226
"2026-04-28T09:19:20.000000Z","2026-04-28T02:19:20.000000Z","IMPC","RG",0,2100.0,500,"--","-","--","-",1303440,0,362227
"2026-04-28T09:19:20.000000Z","2026-04-28T02:19:20.000000Z","IMPC","RG",0,2100.0,1100,"--","-","--","-",0,1303552,362244
"2026-04-28T09:19:21.000000Z","2026-04-28T02:19:21.000000Z","IMPC","RG",0,2100.0,100,"--","-","--","-",0,1303846,362351
"2026-04-28T09:19:24.000000Z","2026-04-28T02:19:24.000000Z","IMPC","RG",0,2110.0,3000,"--","-","--","-",0,1258394,362977
"2026-04-28T09:19:24.000000Z","2026-04-28T02:19:24.000000Z","IMPC","RG",0,2110.0,200,"--","-","--","-",0,1261084,362978
"2026-04-28T09:19:24.000000Z","2026-04-28T02:19:24.000000Z","IMPC","RG",0,2110.0,100,"--","-","--","-",0,1261085,362979
"2026-04-28T09:19:24.000000Z","2026-04-28T02:19:24.000000Z","IMPC","RG",0,2110.0,1500,"--","-","--","-",0,1261091,362980
"2026-04-28T09:19:25.000000Z","2026-04-28T02:19:25.000000Z","IMPC","RG",0,2100.0,1000,"--","-","--","-",1303898,0,363029
"2026-04-28T09:19:25.000000Z","2026-04-28T02:19:25.000000Z","IMPC","RG",0,2100.0,100,"--","-","--","-",1304596,0,363030
"2026-04-28T09:19:25.000000Z","2026-04-28T02:19:25.000000Z","IMPC","RG",0,2100.0,39000,"--","-","--","-",0,1305574,363058
"2026-04-28T09:19:25.000000Z","2026-04-28T02:19:25.000000Z","IMPC","RG",0,2110.0,500,"--","-","--","-",0,1261091,363165
"2026-04-28T09:19:41.000000Z","2026-04-28T02:19:41.000000Z","IMPC","RG",0,2100.0,100,"--","-","--","-",1306597,0,365945
"2026-04-28T09:19:41.000000Z","2026-04-28T02:19:41.000000Z","IMPC","RG",0,2100.0,1300,"--","-","--","-",1306732,0,365946
"2026-04-28T09:19:41.000000Z","2026-04-28T02:19:41.000000Z","IMPC","RG",0,2100.0,200,"--","-","--","-",1306732,0,365948
"2026-04-28T09:19:50.000000Z","2026-04-28T02:19:50.000000Z","IMPC","RG",0,2110.0,300,"AK","F","AK","F",1317504,1261099,367768
"2026-04-28T09:19:50.000000Z","2026-04-28T02:19:50.000000Z","IMPC","RG",0,2110.0,6100,"AK","F","AK","F",1317504,1261104,367769
"2026-04-28T09:19:50.000000Z","2026-04-28T02:19:50.000000Z","IMPC","RG",0,2110.0,3300,"AK","F","AK","F",1317504,1261618,367770
"2026-04-28T09:19:50.000000Z","2026-04-28T02:19:50.000000Z","IMPC","RG",0,2110.0,3400,"AK","F","AK","F",1317504,1268588,367771
"2026-04-28T09:19:50.000000Z","2026-04-28T02:19:50.000000Z","IMPC","RG",0,2110.0,200,"AK","F","AK","F",1317504,1288673,367772
"2026-04-28T09:19:50.000000Z","2026-04-28T02:19:50.000000Z","IMPC","RG",0,2110.0,100,"AK","F","XL","D",1317504,1293169,367773
"2026-04-28T09:19:50.000000Z","2026-04-28T02:19:50.000000Z","IMPC","RG",0,2110.0,5000,"AK","F","XA","D",1317504,1293658,367774
"2026-04-28T09:19:50.000000Z","2026-04-28T02:19:50.000000Z","IMPC","RG",0,2110.0,3600,"AK","F","AK","F",1317504,1296921,367775
"2026-04-28T09:19:50.000000Z","2026-04-28T02:19:50.000000Z","IMPC","RG",0,2110.0,200,"--","-","--","-",0,1297081,367776
"2026-04-28T09:19:50.000000Z","2026-04-28T02:19:50.000000Z","IMPC","RG",0,2110.0,2100,"--","-","--","-",0,1298542,367777
"2026-04-28T09:19:50.000000Z","2026-04-28T02:19:50.000000Z","IMPC","RG",0,2110.0,400,"--","-","--","-",0,1306929,367778
"2026-04-28T09:19:50.000000Z","2026-04-28T02:19:50.000000Z","IMPC","RG",0,2110.0,10000,"--","-","--","-",0,1310061,367779
"2026-04-28T09:19:50.000000Z","2026-04-28T02:19:50.000000Z","IMPC","RG",0,2110.0,5000,"--","-","--","-",0,1312348,367780
"2026-04-28T09:19:50.000000Z","2026-04-28T02:19:50.000000Z","IMPC","RG",0,2110.0,3300,"--","-","--","-",0,1312471,367781
"2026-04-28T09:19:50.000000Z","2026-04-28T02:19:50.000000Z","IMPC","RG",0,2110.0,11600,"--","-","--","-",0,1317515,367790
"2026-04-28T09:19:51.000000Z","2026-04-28T02:19:51.000000Z","IMPC","RG",0,2100.0,100,"--","-","--","-",1306732,0,368253
"2026-04-28T09:19:59.000000Z","2026-04-28T02:19:59.000000Z","IMPC","RG",0,2120.0,2500,"--","-","--","-",0,1240576,369661
"2026-04-28T09:20:06.000000Z","2026-04-28T02:20:06.000000Z","IMPC","RG",0,2120.0,21000,"AK","F","KI","D",1326568,1240576,371301
"2026-04-28T09:20:06.000000Z","2026-04-28T02:20:06.000000Z","IMPC","RG",0,2120.0,9900,"AK","F","XL","D",1326568,1248094,371302
"2026-04-28T09:20:06.000000Z","2026-04-28T02:20:06.000000Z","IMPC","RG",0,2120.0,11600,"AK","F","KI","D",1326568,1250768,371303
"2026-04-28T09:20:06.000000Z","2026-04-28T02:20:06.000000Z","IMPC","RG",0,2120.0,400,"AK","F","XL","D",1326568,1264030,371304
"2026-04-28T09:20:06.000000Z","2026-04-28T02:20:06.000000Z","IMPC","RG",0,2120.0,500,"AK","F","XL","D",1326568,1273967,371305
"2026-04-28T09:20:06.000000Z","2026-04-28T02:20:06.000000Z","IMPC","RG",0,2120.0,6400,"AK","F","AK","F",1326568,1317587,371306
"2026-04-28T09:20:06.000000Z","2026-04-28T02:20:06.000000Z","IMPC","RG",0,2120.0,2100,"AK","F","BK","F",1326568,1318575,371307
"2026-04-28T09:20:07.000000Z","2026-04-28T02:20:07.000000Z","IMPC","RG",0,2120.0,4300,"AK","F","AK","F",1326694,1326651,371323
"2026-04-28T09:20:14.000000Z","2026-04-28T02:20:14.000000Z","IMPC","RG",0,2120.0,200,"--","-","--","-",0,1330435,372598
"2026-04-28T09:20:26.000000Z","2026-04-28T02:20:26.000000Z","IMPC","RG",0,2120.0,300,"--","-","--","-",0,1335957,374552
"2026-04-28T09:20:28.000000Z","2026-04-28T02:20:28.000000Z","IMPC","RG",0,2130.0,10000,"--","-","--","-",0,1257330,374970
"2026-04-28T09:20:28.000000Z","2026-04-28T02:20:28.000000Z","IMPC","RG",0,2130.0,500,"--","-","--","-",0,1303772,374971
"2026-04-28T09:20:28.000000Z","2026-04-28T02:20:28.000000Z","IMPC","RG",0,2130.0,3000,"--","-","--","-",0,1330572,374972
"2026-04-28T09:20:39.000000Z","2026-04-28T02:20:39.000000Z","IMPC","RG",0,2130.0,5000,"--","-","--","-",0,1341902,376621
"2026-04-28T09:20:56.000000Z","2026-04-28T02:20:56.000000Z","IMPC","RG",0,2140.0,3000,"--","-","--","-",0,1108508,379471
"2026-04-28T09:20:58.000000Z","2026-04-28T02:20:58.000000Z","IMPC","RG",0,2140.0,2900,"--","-","--","-",0,1108508,380034
"2026-04-28T09:21:11.000000Z","2026-04-28T02:21:11.000000Z","IMPC","RG",0,2140.0,4100,"AK","F","CC","D",1356306,1108508,382220
"2026-04-28T09:21:11.000000Z","2026-04-28T02:21:11.000000Z","IMPC","RG",0,2140.0,1000,"AK","F","OD","D",1356306,1259000,382221
"2026-04-28T09:21:11.000000Z","2026-04-28T02:21:11.000000Z","IMPC","RG",0,2140.0,3100,"AK","F","AK","F",1356306,1341861,382222
"2026-04-28T09:21:11.000000Z","2026-04-28T02:21:11.000000Z","IMPC","RG",0,2140.0,2300,"AK","F","BK","F",1356306,1343621,382223
"2026-04-28T09:21:11.000000Z","2026-04-28T02:21:11.000000Z","IMPC","RG",0,2140.0,200,"AK","F","AK","F",1356306,1355174,382224
"2026-04-28T09:21:18.000000Z","2026-04-28T02:21:18.000000Z","IMPC","RG",0,2140.0,100,"CC","D","AK","F",1359596,1359623,383626
"2026-04-28T09:21:19.000000Z","2026-04-28T02:21:19.000000Z","IMPC","RG",0,2140.0,3600,"ZP","F","AK","F",1359741,1359778,383692
"2026-04-28T09:21:25.000000Z","2026-04-28T02:21:25.000000Z","IMPC","RG",0,2150.0,2400,"XL","D","KI","D",1362701,908720,384890
"2026-04-28T09:21:34.000000Z","2026-04-28T02:21:34.000000Z","IMPC","RG",0,2140.0,400,"XL","D","XL","D",1366376,1364587,386437
"2026-04-28T09:21:35.000000Z","2026-04-28T02:21:35.000000Z","IMPC","RG",0,2140.0,200,"XL","D","XL","D",1366801,1364587,386540
"2026-04-28T09:21:36.000000Z","2026-04-28T02:21:36.000000Z","IMPC","RG",0,2140.0,1100,"CC","D","XL","D",1367022,1364587,386632
"2026-04-28T09:21:36.000000Z","2026-04-28T02:21:36.000000Z","IMPC","RG",0,2140.0,400,"CC","D","AK","F",1367022,1365499,386633
"2026-04-28T09:21:39.000000Z","2026-04-28T02:21:39.000000Z","IMPC","RG",0,2140.0,28000,"XL","D","AK","F",1368740,1368764,387272
"2026-04-28T09:21:41.000000Z","2026-04-28T02:21:41.000000Z","IMPC","RG",0,2150.0,100,"IF","D","KI","D",1369407,908720,387451
"2026-04-28T09:21:41.000000Z","2026-04-28T02:21:41.000000Z","IMPC","RG",0,2140.0,4700,"XL","D","AK","F",1369381,1369419,387456
"2026-04-28T09:21:43.000000Z","2026-04-28T02:21:43.000000Z","IMPC","RG",0,2140.0,500,"XL","D","AK","F",1370468,1370502,387714
"2026-04-28T09:21:46.000000Z","2026-04-28T02:21:46.000000Z","IMPC","RG",0,2140.0,100,"--","-","--","-",1371823,0,388221
"2026-04-28T09:21:48.000000Z","2026-04-28T02:21:48.000000Z","IMPC","RG",0,2140.0,100,"--","-","--","-",1372581,0,388481
"2026-04-28T09:21:57.000000Z","2026-04-28T02:21:57.000000Z","IMPC","RG",0,2140.0,100,"XL","D","XL","D",1376950,1375547,390698
"2026-04-28T09:21:57.000000Z","2026-04-28T02:21:57.000000Z","IMPC","RG",0,2140.0,100,"XL","D","XL","D",1376950,1376696,390699
"2026-04-28T09:21:57.000000Z","2026-04-28T02:21:57.000000Z","IMPC","RG",0,2140.0,300,"XL","D","AK","F",1376950,1376809,390700
"2026-04-28T09:22:05.000000Z","2026-04-28T02:22:05.000000Z","IMPC","RG",0,2140.0,200,"XL","D","AK","F",1380592,1380622,391964
"2026-04-28T09:22:43.000000Z","2026-04-28T02:22:43.000000Z","IMPC","RG",0,2140.0,2600,"XL","D","AK","F",1386883,1397081,398237
"2026-04-28T09:22:43.000000Z","2026-04-28T02:22:43.000000Z","IMPC","RG",0,2140.0,600,"XC","D","AK","F",1388298,1397081,398238
"2026-04-28T09:22:45.000000Z","2026-04-28T02:22:45.000000Z","IMPC","RG",0,2130.0,400,"--","-","--","-",1344646,0,398867
"2026-04-28T09:23:17.000000Z","2026-04-28T02:23:17.000000Z","IMPC","RG",0,2140.0,20000,"EP","D","AK","F",1412909,1412943,404641
"2026-04-28T09:23:22.000000Z","2026-04-28T02:23:22.000000Z","IMPC","RG",0,2130.0,200,"XL","D","XL","D",1344646,1414922,405265
"2026-04-28T09:23:22.000000Z","2026-04-28T02:23:22.000000Z","IMPC","RG",0,2130.0,2400,"ZP","F","XL","D",1344760,1414922,405266
"2026-04-28T09:23:27.000000Z","2026-04-28T02:23:27.000000Z","IMPC","RG",0,2140.0,1000,"XL","D","XL","D",1415395,1417055,405879
"2026-04-28T09:23:34.000000Z","2026-04-28T02:23:34.000000Z","IMPC","RG",0,2140.0,200,"XL","D","CC","D",1415395,1420175,406991
"2026-04-28T09:23:41.000000Z","2026-04-28T02:23:41.000000Z","IMPC","RG",0,2140.0,100,"XL","D","XL","D",1415395,1423343,408242
"2026-04-28T09:24:04.000000Z","2026-04-28T02:24:04.000000Z","IMPC","RG",0,2140.0,3600,"XL","D","XL","D",1415395,1433005,412389
"2026-04-28T09:24:05.000000Z","2026-04-28T02:24:05.000000Z","IMPC","RG",0,2150.0,8000,"CC","D","KI","D",1433311,919304,412485
"2026-04-28T09:24:30.000000Z","2026-04-28T02:24:30.000000Z","IMPC","RG",0,2140.0,1900,"--","-","--","-",1415395,0,416515
"2026-04-28T09:24:42.000000Z","2026-04-28T02:24:42.000000Z","IMPC","RG",0,2140.0,4500,"XL","D","AK","F",1415395,1448059,418408
"2026-04-28T09:24:49.000000Z","2026-04-28T02:24:49.000000Z","IMPC","RG",0,2140.0,10700,"XL","D","XL","D",1415395,1451132,419419
"2026-04-28T09:24:49.000000Z","2026-04-28T02:24:49.000000Z","IMPC","RG",0,2140.0,100,"XL","D","XL","D",1417045,1451132,419420
"2026-04-28T09:24:49.000000Z","2026-04-28T02:24:49.000000Z","IMPC","RG",0,2140.0,3700,"ZP","F","XL","D",1417328,1451132,419421
"2026-04-28T09:24:49.000000Z","2026-04-28T02:24:49.000000Z","IMPC","RG",0,2140.0,2500,"YP","D","XL","D",1421445,1451132,419422
"2026-04-28T09:24:49.000000Z","2026-04-28T02:24:49.000000Z","IMPC","RG",0,2140.0,2500,"PD","D","XL","D",1424893,1451132,419423
"2026-04-28T09:24:49.000000Z","2026-04-28T02:24:49.000000Z","IMPC","RG",0,2140.0,31200,"XL","D","XL","D",1441092,1451132,419424
"2026-04-28T09:24:49.000000Z","2026-04-28T02:24:49.000000Z","IMPC","RG",0,2140.0,8200,"XL","D","AK","F",1441092,1451159,419437
"2026-04-28T09:24:49.000000Z","2026-04-28T02:24:49.000000Z","IMPC","RG",0,2140.0,200,"XL","D","AK","F",1443842,1451159,419438
"2026-04-28T09:24:49.000000Z","2026-04-28T02:24:49.000000Z","IMPC","RG",0,2140.0,400,"XL","D","AK","F",1448781,1451159,419439
"2026-04-28T09:25:00.000000Z","2026-04-28T02:25:00.000000Z","IMPC","RG",0,2140.0,2100,"XL","D","AK","F",1455702,1455740,421074
"2026-04-28T09:25:02.000000Z","2026-04-28T02:25:02.000000Z","IMPC","RG",0,2140.0,800,"YP","D","AK","F",1456205,1456230,421237
"2026-04-28T09:25:22.000000Z","2026-04-28T02:25:22.000000Z","IMPC","RG",0,2130.0,1300,"ZP","F","AK","F",1344760,1464825,424883
"2026-04-28T09:25:22.000000Z","2026-04-28T02:25:22.000000Z","IMPC","RG",0,2130.0,3200,"XL","D","AK","F",1365829,1464825,424884
"2026-04-28T09:25:22.000000Z","2026-04-28T02:25:22.000000Z","IMPC","RG",0,2130.0,500,"XL","D","AK","F",1371944,1464825,424885
"2026-04-28T09:25:22.000000Z","2026-04-28T02:25:22.000000Z","IMPC","RG",0,2130.0,300,"XL","D","AK","F",1377091,1464825,424886
"2026-04-28T09:25:22.000000Z","2026-04-28T02:25:22.000000Z","IMPC","RG",0,2130.0,1400,"XC","D","AK","F",1378276,1464825,424887
"2026-04-28T09:25:22.000000Z","2026-04-28T02:25:22.000000Z","IMPC","RG",0,2130.0,300,"SQ","D","AK","F",1383684,1464825,424888
"2026-04-28T09:25:27.000000Z","2026-04-28T02:25:27.000000Z","IMPC","RG",0,2140.0,1000,"AZ","D","XL","D",1466940,1459161,425677
"2026-04-28T09:25:31.000000Z","2026-04-28T02:25:31.000000Z","IMPC","RG",0,2140.0,9000,"XL","D","XL","D",1468330,1459161,426205
"2026-04-28T09:25:31.000000Z","2026-04-28T02:25:31.000000Z","IMPC","RG",0,2140.0,4000,"XL","D","AK","F",1468330,1459291,426206
"2026-04-28T09:25:31.000000Z","2026-04-28T02:25:31.000000Z","IMPC","RG",0,2140.0,1100,"XL","D","AK","F",1468330,1459307,426207
"2026-04-28T09:25:43.000000Z","2026-04-28T02:25:43.000000Z","IMPC","RG",0,2140.0,300,"XL","D","AK","F",1473115,1459307,428206
"2026-04-28T09:25:53.000000Z","2026-04-28T02:25:53.000000Z","IMPC","RG",0,2140.0,500,"XL","D","AK","F",1476952,1459307,430208
"2026-04-28T09:26:05.000000Z","2026-04-28T02:26:05.000000Z","IMPC","RG",0,2140.0,2100,"XL","D","AK","F",1481665,1459307,432025
"2026-04-28T09:26:40.000000Z","2026-04-28T02:26:40.000000Z","IMPC","RG",0,2130.0,3100,"--","-","--","-",1383684,0,439709
"2026-04-28T09:26:51.000000Z","2026-04-28T02:26:51.000000Z","IMPC","RG",0,2130.0,29400,"SQ","D","AK","F",1383684,1500977,442830
"2026-04-28T09:26:51.000000Z","2026-04-28T02:26:51.000000Z","IMPC","RG",0,2130.0,1000,"CP","D","AK","F",1395478,1500977,442831
"2026-04-28T09:26:51.000000Z","2026-04-28T02:26:51.000000Z","IMPC","RG",0,2130.0,100,"XL","D","AK","F",1398930,1500977,442832
"2026-04-28T09:26:51.000000Z","2026-04-28T02:26:51.000000Z","IMPC","RG",0,2130.0,100,"XL","D","AK","F",1406309,1500977,442833
"2026-04-28T09:26:51.000000Z","2026-04-28T02:26:51.000000Z","IMPC","RG",0,2130.0,20000,"EP","D","AK","F",1407033,1500977,442834
"2026-04-28T09:26:51.000000Z","2026-04-28T02:26:51.000000Z","IMPC","RG",0,2130.0,2500,"XL","D","AK","F",1420525,1500977,442835
"2026-04-28T09:26:51.000000Z","2026-04-28T02:26:51.000000Z","IMPC","RG",0,2130.0,200,"NI","D","AK","F",1432058,1500977,442836
"2026-04-28T09:26:51.000000Z","2026-04-28T02:26:51.000000Z","IMPC","RG",0,2130.0,300,"XL","D","AK","F",1435527,1500977,442837
"2026-04-28T09:26:51.000000Z","2026-04-28T02:26:51.000000Z","IMPC","RG",0,2130.0,3000,"YP","D","AK","F",1447395,1500977,442838
"2026-04-28T09:26:51.000000Z","2026-04-28T02:26:51.000000Z","IMPC","RG",0,2130.0,100,"XA","D","AK","F",1461025,1500977,442839
"2026-04-28T09:26:51.000000Z","2026-04-28T02:26:51.000000Z","IMPC","RG",0,2130.0,1000,"XL","D","AK","F",1478231,1500977,442840
"2026-04-28T09:26:51.000000Z","2026-04-28T02:26:51.000000Z","IMPC","RG",0,2130.0,2500,"XL","D","AK","F",1489712,1500977,442841
"2026-04-28T09:26:51.000000Z","2026-04-28T02:26:51.000000Z","IMPC","RG",0,2130.0,500,"XL","D","AK","F",1499532,1500977,442842
"2026-04-28T09:27:09.000000Z","2026-04-28T02:27:09.000000Z","IMPC","RG",0,2130.0,500,"XL","D","AK","F",1509344,1506127,447968
"2026-04-28T09:27:09.000000Z","2026-04-28T02:27:09.000000Z","IMPC","RG",0,2120.0,3300,"CC","F","AK","F",1337001,1509412,447988
"2026-04-28T09:27:09.000000Z","2026-04-28T02:27:09.000000Z","IMPC","RG",0,2120.0,100,"CC","F","AK","F",1337001,1509413,447989
"2026-04-28T09:27:11.000000Z","2026-04-28T02:27:11.000000Z","IMPC","RG",0,2130.0,600,"XL","D","BK","F",1509951,1507029,448205
"2026-04-28T09:27:24.000000Z","2026-04-28T02:27:24.000000Z","IMPC","RG",0,2120.0,3400,"CC","F","AK","F",1337001,1515985,451858
"2026-04-28T09:27:40.000000Z","2026-04-28T02:27:40.000000Z","IMPC","RG",0,2120.0,4700,"CC","F","XL","D",1337001,1522715,454411
"2026-04-28T09:27:50.000000Z","2026-04-28T02:27:50.000000Z","IMPC","RG",0,2130.0,100,"XL","D","BK","F",1527182,1507029,456162
"2026-04-28T09:27:50.000000Z","2026-04-28T02:27:50.000000Z","IMPC","RG",0,2120.0,5400,"CC","F","AK","F",1337001,1527293,456183
"2026-04-28T09:27:50.000000Z","2026-04-28T02:27:50.000000Z","IMPC","RG",0,2120.0,300,"CC","F","XL","D",1337001,1527304,456187
"2026-04-28T09:27:56.000000Z","2026-04-28T02:27:56.000000Z","IMPC","RG",0,2130.0,100,"XL","D","BK","F",1529814,1507029,457371
"2026-04-28T09:28:25.000000Z","2026-04-28T02:28:25.000000Z","IMPC","RG",0,2120.0,600,"CC","F","AK","F",1337001,1540832,462124
"2026-04-28T09:28:25.000000Z","2026-04-28T02:28:25.000000Z","IMPC","RG",0,2120.0,1800,"XL","D","AK","F",1393296,1540832,462125
"2026-04-28T09:28:25.000000Z","2026-04-28T02:28:25.000000Z","IMPC","RG",0,2120.0,3500,"XL","D","AK","F",1393296,1540839,462128
"2026-04-28T09:28:35.000000Z","2026-04-28T02:28:35.000000Z","IMPC","RG",0,2120.0,1900,"XL","D","BK","F",1393296,1544963,463817
"2026-04-28T09:28:42.000000Z","2026-04-28T02:28:42.000000Z","IMPC","RG",0,2130.0,5600,"AK","F","BK","F",1547582,1507029,465311
"2026-04-28T09:28:42.000000Z","2026-04-28T02:28:42.000000Z","IMPC","RG",0,2130.0,200,"AK","F","AK","F",1547582,1509468,465312
"2026-04-28T09:28:42.000000Z","2026-04-28T02:28:42.000000Z","IMPC","RG",0,2130.0,100,"AK","F","AK","F",1547582,1509469,465313
"2026-04-28T09:28:42.000000Z","2026-04-28T02:28:42.000000Z","IMPC","RG",0,2130.0,100,"AK","F","AK","F",1547582,1509470,465314
"2026-04-28T09:28:42.000000Z","2026-04-28T02:28:42.000000Z","IMPC","RG",0,2130.0,200,"AK","F","AK","F",1547582,1509476,465315
"2026-04-28T09:28:42.000000Z","2026-04-28T02:28:42.000000Z","IMPC","RG",0,2130.0,400,"AK","F","AK","F",1547582,1509477,465316
"2026-04-28T09:28:42.000000Z","2026-04-28T02:28:42.000000Z","IMPC","RG",0,2130.0,3200,"AK","F","AK","F",1547582,1509479,465317
"2026-04-28T09:28:42.000000Z","2026-04-28T02:28:42.000000Z","IMPC","RG",0,2130.0,3000,"AK","F","AK","F",1547582,1509480,465318
"2026-04-28T09:28:42.000000Z","2026-04-28T02:28:42.000000Z","IMPC","RG",0,2130.0,3300,"AK","F","AK","F",1547582,1509481,465319
"2026-04-28T09:28:42.000000Z","2026-04-28T02:28:42.000000Z","IMPC","RG",0,2130.0,3800,"AK","F","AK","F",1547582,1509482,465320
"2026-04-28T09:28:42.000000Z","2026-04-28T02:28:42.000000Z","IMPC","RG",0,2130.0,200,"AK","F","AK","F",1547582,1515984,465321
"2026-04-28T09:28:42.000000Z","2026-04-28T02:28:42.000000Z","IMPC","RG",0,2130.0,200,"AK","F","AK","F",1547582,1527292,465322
"2026-04-28T09:28:42.000000Z","2026-04-28T02:28:42.000000Z","IMPC","RG",0,2130.0,3800,"AK","F","AK","F",1547582,1536618,465323
"2026-04-28T09:28:42.000000Z","2026-04-28T02:28:42.000000Z","IMPC","RG",0,2130.0,7100,"CC","F","AK","F",1547658,1547634,465353
"2026-04-28T09:29:57.000000Z","2026-04-28T02:29:57.000000Z","IMPC","RG",0,2140.0,100,"XL","D","CC","D",1576785,1501493,477155
"2026-04-28T09:30:20.000000Z","2026-04-28T02:30:20.000000Z","IMPC","RG",0,2140.0,500,"XL","D","CC","D",1585872,1501493,480975
"2026-04-28T09:30:52.000000Z","2026-04-28T02:30:52.000000Z","IMPC","RG",0,2140.0,100,"XL","D","CC","D",1598036,1501493,485447
"2026-04-28T09:31:18.000000Z","2026-04-28T02:31:18.000000Z","IMPC","RG",0,2130.0,100,"XL","D","AK","F",1581431,1607717,489039
"2026-04-28T09:31:18.000000Z","2026-04-28T02:31:18.000000Z","IMPC","RG",0,2130.0,700,"CC","F","AK","F",1581685,1607717,489040
"2026-04-28T09:31:18.000000Z","2026-04-28T02:31:18.000000Z","IMPC","RG",0,2130.0,2300,"CC","F","AK","F",1581685,1607721,489041
"2026-04-28T09:31:30.000000Z","2026-04-28T02:31:30.000000Z","IMPC","RG",0,2140.0,100,"XL","D","CC","D",1612042,1501493,490826
"2026-04-28T09:31:39.000000Z","2026-04-28T02:31:39.000000Z","IMPC","RG",0,2140.0,1500,"XL","D","CC","D",1615993,1501493,492246
"2026-04-28T09:31:39.000000Z","2026-04-28T02:31:39.000000Z","IMPC","RG",0,2130.0,500,"CC","F","AK","F",1581685,1616086,492288
"2026-04-28T09:31:39.000000Z","2026-04-28T02:31:39.000000Z","IMPC","RG",0,2130.0,3700,"ZP","F","AK","F",1586071,1616086,492289
"2026-04-28T09:31:42.000000Z","2026-04-28T02:31:42.000000Z","IMPC","RG",0,2140.0,27200,"--","-","--","-",0,1501493,492761
"2026-04-28T09:31:42.000000Z","2026-04-28T02:31:42.000000Z","IMPC","RG",0,2140.0,1300,"--","-","--","-",0,1547679,492762
"2026-04-28T09:31:42.000000Z","2026-04-28T02:31:42.000000Z","IMPC","RG",0,2140.0,2200,"--","-","--","-",0,1549157,492763
"2026-04-28T09:31:42.000000Z","2026-04-28T02:31:42.000000Z","IMPC","RG",0,2140.0,200,"--","-","--","-",0,1558483,492764
"2026-04-28T09:31:42.000000Z","2026-04-28T02:31:42.000000Z","IMPC","RG",0,2140.0,3700,"--","-","--","-",0,1562451,492765
"2026-04-28T09:31:42.000000Z","2026-04-28T02:31:42.000000Z","IMPC","RG",0,2140.0,3500,"--","-","--","-",0,1573248,492766
"2026-04-28T09:31:42.000000Z","2026-04-28T02:31:42.000000Z","IMPC","RG",0,2140.0,200,"--","-","--","-",0,1573364,492767
"2026-04-28T09:31:42.000000Z","2026-04-28T02:31:42.000000Z","IMPC","RG",0,2140.0,3500,"--","-","--","-",0,1585745,492768
"2026-04-28T09:31:42.000000Z","2026-04-28T02:31:42.000000Z","IMPC","RG",0,2140.0,300,"--","-","--","-",0,1594056,492769
"2026-04-28T09:31:42.000000Z","2026-04-28T02:31:42.000000Z","IMPC","RG",0,2140.0,3100,"--","-","--","-",0,1597890,492770
"2026-04-28T09:31:42.000000Z","2026-04-28T02:31:42.000000Z","IMPC","RG",0,2140.0,3300,"--","-","--","-",0,1603872,492771
"2026-04-28T09:31:42.000000Z","2026-04-28T02:31:42.000000Z","IMPC","RG",0,2140.0,2100,"--","-","--","-",0,1612035,492772
"2026-04-28T09:31:42.000000Z","2026-04-28T02:31:42.000000Z","IMPC","RG",0,2140.0,20000,"--","-","--","-",0,1612983,492773
"2026-04-28T09:31:53.000000Z","2026-04-28T02:31:53.000000Z","IMPC","RG",0,2140.0,3300,"XL","D","LG","D",1617972,1621298,494589
"2026-04-28T09:32:14.000000Z","2026-04-28T02:32:14.000000Z","IMPC","RG",0,2150.0,500,"XL","D","KI","D",1630305,919304,498073
"2026-04-28T09:32:19.000000Z","2026-04-28T02:32:19.000000Z","IMPC","RG",0,2150.0,100,"CP","D","KI","D",1632113,919304,498618
"2026-04-28T09:32:22.000000Z","2026-04-28T02:32:22.000000Z","IMPC","RG",0,2150.0,1500,"XL","D","KI","D",1633346,919304,499010
"2026-04-28T09:32:23.000000Z","2026-04-28T02:32:23.000000Z","IMPC","RG",0,2150.0,100,"CP","D","KI","D",1633788,919304,499164
"2026-04-28T09:32:23.000000Z","2026-04-28T02:32:23.000000Z","IMPC","RG",0,2150.0,1000,"XL","D","KI","D",1633824,919304,499172
"2026-04-28T09:32:24.000000Z","2026-04-28T02:32:24.000000Z","IMPC","RG",0,2150.0,600,"XL","D","KI","D",1634365,919304,499307
"2026-04-28T09:32:25.000000Z","2026-04-28T02:32:25.000000Z","IMPC","RG",0,2150.0,500,"XL","D","KI","D",1634594,919304,499383
"2026-04-28T09:32:25.000000Z","2026-04-28T02:32:25.000000Z","IMPC","RG",0,2150.0,2100,"AK","F","KI","D",1634628,919304,499389
"2026-04-28T09:32:25.000000Z","2026-04-28T02:32:25.000000Z","IMPC","RG",0,2150.0,3800,"AK","F","XL","D",1634628,1063914,499390
"2026-04-28T09:32:25.000000Z","2026-04-28T02:32:25.000000Z","IMPC","RG",0,2150.0,12900,"AK","F","KI","D",1634628,1193078,499391
"2026-04-28T09:32:25.000000Z","2026-04-28T02:32:25.000000Z","IMPC","RG",0,2150.0,100,"AK","F","PD","D",1634628,1288636,499392
"2026-04-28T09:32:25.000000Z","2026-04-28T02:32:25.000000Z","IMPC","RG",0,2150.0,300,"AK","F","SQ","D",1634628,1363210,499393
"2026-04-28T09:32:25.000000Z","2026-04-28T02:32:25.000000Z","IMPC","RG",0,2150.0,7000,"AK","F","XL","D",1634628,1446063,499394
"2026-04-28T09:32:25.000000Z","2026-04-28T02:32:25.000000Z","IMPC","RG",0,2150.0,3000,"AK","F","CC","D",1634628,1480093,499395
"2026-04-28T09:32:25.000000Z","2026-04-28T02:32:25.000000Z","IMPC","RG",0,2150.0,10800,"AK","F","XL","D",1634628,1537473,499396
"2026-04-28T09:32:25.000000Z","2026-04-28T02:32:25.000000Z","IMPC","RG",0,2150.0,2300,"AK","F","KK","D",1634628,1593390,499397
"2026-04-28T09:32:25.000000Z","2026-04-28T02:32:25.000000Z","IMPC","RG",0,2150.0,5300,"AK","F","AK","F",1634628,1617173,499398
"2026-04-28T09:32:25.000000Z","2026-04-28T02:32:25.000000Z","IMPC","RG",0,2150.0,2200,"AK","F","BK","F",1634628,1617197,499399
"2026-04-28T09:32:25.000000Z","2026-04-28T02:32:25.000000Z","IMPC","RG",0,2150.0,3700,"AK","F","AK","F",1634628,1627092,499400
"2026-04-28T09:32:25.000000Z","2026-04-28T02:32:25.000000Z","IMPC","RG",0,2150.0,200,"AK","F","AK","F",1634628,1633451,499401
"2026-04-28T09:32:25.000000Z","2026-04-28T02:32:25.000000Z","IMPC","RG",0,2150.0,4200,"AK","F","AK","F",1634694,1634675,499425
"2026-04-28T09:32:34.000000Z","2026-04-28T02:32:34.000000Z","IMPC","RG",0,2150.0,100,"XL","D","XC","D",1635573,1638022,500526
"2026-04-28T09:32:52.000000Z","2026-04-28T02:32:52.000000Z","IMPC","RG",0,2150.0,200,"XL","D","XL","D",1635573,1644655,502806
"2026-04-28T09:33:27.000000Z","2026-04-28T02:33:27.000000Z","IMPC","RG",0,2160.0,500,"AK","F","AZ","D",1658794,1371780,508350
"2026-04-28T09:33:27.000000Z","2026-04-28T02:33:27.000000Z","IMPC","RG",0,2160.0,7000,"AK","F","CC","D",1658794,1518275,508351
"2026-04-28T09:33:27.000000Z","2026-04-28T02:33:27.000000Z","IMPC","RG",0,2160.0,7500,"AK","F","YP","D",1658794,1522122,508352
"2026-04-28T09:33:27.000000Z","2026-04-28T02:33:27.000000Z","IMPC","RG",0,2160.0,3200,"AK","F","AK","F",1658794,1635677,508353
"2026-04-28T09:33:27.000000Z","2026-04-28T02:33:27.000000Z","IMPC","RG",0,2160.0,200,"AK","F","AK","F",1658794,1648966,508354
"2026-04-28T09:33:27.000000Z","2026-04-28T02:33:27.000000Z","IMPC","RG",0,2160.0,3700,"AK","F","AK","F",1658794,1648968,508355
"2026-04-28T09:33:27.000000Z","2026-04-28T02:33:27.000000Z","IMPC","RG",0,2160.0,100,"AK","F","XL","D",1658794,1656862,508356
"2026-04-28T09:33:27.000000Z","2026-04-28T02:33:27.000000Z","IMPC","RG",0,2160.0,2200,"AK","F","BK","F",1658794,1656883,508357
"2026-04-28T09:33:28.000000Z","2026-04-28T02:33:28.000000Z","IMPC","RG",0,2160.0,4900,"AK","F","XL","D",1658829,1658810,508363
"2026-04-28T09:33:43.000000Z","2026-04-28T02:33:43.000000Z","IMPC","RG",0,2170.0,400,"--","-","--","-",0,800467,510946
"2026-04-28T09:33:48.000000Z","2026-04-28T02:33:48.000000Z","IMPC","RG",0,2170.0,500,"--","-","--","-",0,800467,511884
"2026-04-28T09:33:48.000000Z","2026-04-28T02:33:48.000000Z","IMPC","RG",0,2170.0,500,"--","-","--","-",0,823737,511885
"2026-04-28T09:33:48.000000Z","2026-04-28T02:33:48.000000Z","IMPC","RG",0,2170.0,3000,"--","-","--","-",0,896572,511886
"2026-04-28T09:33:48.000000Z","2026-04-28T02:33:48.000000Z","IMPC","RG",0,2170.0,7000,"--","-","--","-",0,896572,511895
"2026-04-28T09:33:48.000000Z","2026-04-28T02:33:48.000000Z","IMPC","RG",0,2170.0,5000,"--","-","--","-",0,926519,511896
"2026-04-28T09:33:48.000000Z","2026-04-28T02:33:48.000000Z","IMPC","RG",0,2170.0,1700,"--","-","--","-",0,1468969,511897
"2026-04-28T09:33:48.000000Z","2026-04-28T02:33:48.000000Z","IMPC","RG",0,2170.0,3300,"--","-","--","-",0,1468969,511903
"2026-04-28T09:33:48.000000Z","2026-04-28T02:33:48.000000Z","IMPC","RG",0,2170.0,21400,"--","-","--","-",0,1522594,511904
"2026-04-28T09:33:48.000000Z","2026-04-28T02:33:48.000000Z","IMPC","RG",0,2170.0,3700,"--","-","--","-",0,1658834,511905
"2026-04-28T09:33:48.000000Z","2026-04-28T02:33:48.000000Z","IMPC","RG",0,2170.0,3500,"--","-","--","-",0,1666894,511918
"2026-04-28T09:33:57.000000Z","2026-04-28T02:33:57.000000Z","IMPC","RG",0,2180.0,100,"XL","D","XL","D",1670435,767081,513101
"2026-04-28T09:34:03.000000Z","2026-04-28T02:34:03.000000Z","IMPC","RG",0,2180.0,5000,"CC","D","XL","D",1672773,767081,513856
"2026-04-28T09:34:05.000000Z","2026-04-28T02:34:05.000000Z","IMPC","RG",0,2180.0,600,"XL","D","XL","D",1673497,767081,514117
"2026-04-28T09:34:09.000000Z","2026-04-28T02:34:09.000000Z","IMPC","RG",0,2180.0,1300,"XL","D","XL","D",1675251,767081,514767
"2026-04-28T09:34:17.000000Z","2026-04-28T02:34:17.000000Z","IMPC","RG",0,2180.0,1000,"XL","D","XL","D",1678090,767081,515789
"2026-04-28T09:34:23.000000Z","2026-04-28T02:34:23.000000Z","IMPC","RG",0,2180.0,2500,"XL","D","XL","D",1680634,767081,516770
"2026-04-28T09:34:26.000000Z","2026-04-28T02:34:26.000000Z","IMPC","RG",0,2180.0,47100,"CC","D","XL","D",1681964,767081,517652
"2026-04-28T09:34:26.000000Z","2026-04-28T02:34:26.000000Z","IMPC","RG",0,2180.0,20000,"CC","D","MG","D",1681964,1040050,517653
"2026-04-28T09:34:26.000000Z","2026-04-28T02:34:26.000000Z","IMPC","RG",0,2180.0,1000,"CC","D","YU","D",1681964,1377563,517654
"2026-04-28T09:34:26.000000Z","2026-04-28T02:34:26.000000Z","IMPC","RG",0,2180.0,10000,"CC","D","AZ","D",1681964,1464033,517655
"2026-04-28T09:34:26.000000Z","2026-04-28T02:34:26.000000Z","IMPC","RG",0,2180.0,2700,"CC","D","XL","D",1681964,1668099,517656
"2026-04-28T09:34:26.000000Z","2026-04-28T02:34:26.000000Z","IMPC","RG",0,2180.0,3500,"CC","D","AK","F",1681964,1669895,517657
"2026-04-28T09:34:26.000000Z","2026-04-28T02:34:26.000000Z","IMPC","RG",0,2180.0,100,"CC","D","IF","D",1681964,1670485,517658
"2026-04-28T09:34:26.000000Z","2026-04-28T02:34:26.000000Z","IMPC","RG",0,2180.0,100,"CC","D","IF","D",1681964,1670495,517659
"2026-04-28T09:34:26.000000Z","2026-04-28T02:34:26.000000Z","IMPC","RG",0,2180.0,15500,"CC","D","YU","F",1681964,1675879,517660
"2026-04-28T09:34:30.000000Z","2026-04-28T02:34:30.000000Z","IMPC","RG",0,2180.0,100,"XL","D","YU","F",1683738,1675879,518133
"2026-04-28T09:34:34.000000Z","2026-04-28T02:34:34.000000Z","IMPC","RG",0,2170.0,600,"XL","D","AK","F",1667315,1685805,518824
"2026-04-28T09:34:34.000000Z","2026-04-28T02:34:34.000000Z","IMPC","RG",0,2170.0,1000,"LG","D","AK","F",1669804,1685805,518825
"2026-04-28T09:34:34.000000Z","2026-04-28T02:34:34.000000Z","IMPC","RG",0,2170.0,3700,"ZP","F","AK","F",1670633,1685805,518826
"2026-04-28T09:34:34.000000Z","2026-04-28T02:34:34.000000Z","IMPC","RG",0,2170.0,8100,"XL","D","AK","F",1672252,1685805,518827
"2026-04-28T09:34:34.000000Z","2026-04-28T02:34:34.000000Z","IMPC","RG",0,2170.0,200,"XC","D","AK","F",1672939,1685805,518828
"2026-04-28T09:34:34.000000Z","2026-04-28T02:34:34.000000Z","IMPC","RG",0,2170.0,1000,"XL","D","AK","F",1676499,1685805,518829
"2026-04-28T09:34:34.000000Z","2026-04-28T02:34:34.000000Z","IMPC","RG",0,2170.0,10000,"MG","D","AK","F",1679111,1685805,518830
"2026-04-28T09:34:34.000000Z","2026-04-28T02:34:34.000000Z","IMPC","RG",0,2170.0,200,"ZP","F","AK","F",1679245,1685805,518831
"2026-04-28T09:34:34.000000Z","2026-04-28T02:34:34.000000Z","IMPC","RG",0,2170.0,3800,"ZP","F","AK","F",1680790,1685805,518832
"2026-04-28T09:34:40.000000Z","2026-04-28T02:34:40.000000Z","IMPC","RG",0,2170.0,900,"XC","D","XL","D",1688133,1686700,519553
"2026-04-28T09:35:00.000000Z","2026-04-28T02:35:00.000000Z","IMPC","RG",0,2170.0,600,"XL","D","XL","D",1691300,1696425,522203
"2026-04-28T09:35:03.000000Z","2026-04-28T02:35:03.000000Z","IMPC","RG",0,2180.0,13000,"XL","D","YU","F",1698326,1675879,522620
"2026-04-28T09:35:16.000000Z","2026-04-28T02:35:16.000000Z","IMPC","RG",0,2180.0,100,"XL","D","YU","F",1703454,1675879,524190
"2026-04-28T09:35:18.000000Z","2026-04-28T02:35:18.000000Z","IMPC","RG",0,2180.0,1000,"XL","D","YU","F",1704465,1675879,524557
"2026-04-28T09:35:38.000000Z","2026-04-28T02:35:38.000000Z","IMPC","RG",0,2180.0,100,"EP","D","YU","F",1712386,1675879,527157
"2026-04-28T09:35:56.000000Z","2026-04-28T02:35:56.000000Z","IMPC","RG",0,2170.0,1700,"--","-","--","-",1691300,0,530260
"2026-04-28T09:35:56.000000Z","2026-04-28T02:35:56.000000Z","IMPC","RG",0,2170.0,1100,"--","-","--","-",1692330,0,530261
"2026-04-28T09:36:34.000000Z","2026-04-28T02:36:34.000000Z","IMPC","RG",0,2170.0,900,"PD","D","AK","F",1692330,1734166,535538
"2026-04-28T09:36:34.000000Z","2026-04-28T02:36:34.000000Z","IMPC","RG",0,2170.0,200,"XL","D","AK","F",1695628,1734166,535539
"2026-04-28T09:36:34.000000Z","2026-04-28T02:36:34.000000Z","IMPC","RG",0,2170.0,5000,"CC","D","AK","F",1696467,1734166,535540
"2026-04-28T09:36:34.000000Z","2026-04-28T02:36:34.000000Z","IMPC","RG",0,2170.0,1000,"XL","D","AK","F",1707552,1734166,535541
"2026-04-28T09:36:34.000000Z","2026-04-28T02:36:34.000000Z","IMPC","RG",0,2170.0,100,"XL","D","AK","F",1708770,1734166,535542
"2026-04-28T09:36:34.000000Z","2026-04-28T02:36:34.000000Z","IMPC","RG",0,2170.0,2900,"XL","D","AK","F",1709157,1734166,535543
"2026-04-28T09:36:34.000000Z","2026-04-28T02:36:34.000000Z","IMPC","RG",0,2170.0,1200,"XL","D","AK","F",1709157,1734186,535550
"2026-04-28T09:36:34.000000Z","2026-04-28T02:36:34.000000Z","IMPC","RG",0,2170.0,100,"NI","D","AK","F",1711586,1734186,535551
"2026-04-28T09:36:34.000000Z","2026-04-28T02:36:34.000000Z","IMPC","RG",0,2170.0,2300,"XL","D","AK","F",1717778,1734186,535552
"2026-04-28T09:36:34.000000Z","2026-04-28T02:36:34.000000Z","IMPC","RG",0,2170.0,100,"XL","D","AK","F",1721572,1734186,535553
"2026-04-28T09:36:34.000000Z","2026-04-28T02:36:34.000000Z","IMPC","RG",0,2170.0,5000,"XL","D","AK","F",1725366,1734186,535554
"2026-04-28T09:36:34.000000Z","2026-04-28T02:36:34.000000Z","IMPC","RG",0,2170.0,500,"XL","D","AK","F",1727323,1734186,535555
"2026-04-28T09:36:34.000000Z","2026-04-28T02:36:34.000000Z","IMPC","RG",0,2170.0,300,"DH","D","AK","F",1734086,1734186,535556
"2026-04-28T09:36:46.000000Z","2026-04-28T02:36:46.000000Z","IMPC","RG",0,2170.0,4700,"YP","D","XL","D",1739104,1738717,537653
"2026-04-28T09:36:46.000000Z","2026-04-28T02:36:46.000000Z","IMPC","RG",0,2170.0,2200,"YP","D","BK","F",1739104,1738806,537654
"2026-04-28T09:36:46.000000Z","2026-04-28T02:36:46.000000Z","IMPC","RG",0,2170.0,3600,"YP","D","AK","F",1739104,1738972,537655
"2026-04-28T09:36:46.000000Z","2026-04-28T02:36:46.000000Z","IMPC","RG",0,2170.0,2000,"YP","D","AK","F",1739104,1738982,537656
"2026-04-28T09:36:46.000000Z","2026-04-28T02:36:46.000000Z","IMPC","RG",0,2170.0,3900,"YP","D","AK","F",1739104,1738983,537657
"2026-04-28T09:36:46.000000Z","2026-04-28T02:36:46.000000Z","IMPC","RG",0,2170.0,12500,"YP","D","AK","F",1739104,1739135,537670
"2026-04-28T09:36:52.000000Z","2026-04-28T02:36:52.000000Z","IMPC","RG",0,2170.0,100,"KK","D","OD","D",1741824,1739296,538765
"2026-04-28T09:37:09.000000Z","2026-04-28T02:37:09.000000Z","IMPC","RG",0,2170.0,400,"XL","D","OD","D",1748318,1739296,540700
"2026-04-28T09:37:09.000000Z","2026-04-28T02:37:09.000000Z","IMPC","RG",0,2170.0,200,"XL","D","AK","F",1748318,1741528,540701
"2026-04-28T09:37:09.000000Z","2026-04-28T02:37:09.000000Z","IMPC","RG",0,2170.0,200,"XL","D","AK","F",1748318,1741530,540702
"2026-04-28T09:37:09.000000Z","2026-04-28T02:37:09.000000Z","IMPC","RG",0,2170.0,200,"XL","D","AK","F",1748318,1741531,540703
"2026-04-28T09:37:09.000000Z","2026-04-28T02:37:09.000000Z","IMPC","RG",0,2170.0,2800,"XL","D","AK","F",1748318,1741535,540704
"2026-04-28T09:37:09.000000Z","2026-04-28T02:37:09.000000Z","IMPC","RG",0,2170.0,3400,"XL","D","AK","F",1748318,1741536,540705
"2026-04-28T09:37:09.000000Z","2026-04-28T02:37:09.000000Z","IMPC","RG",0,2170.0,100,"XL","D","AK","F",1748318,1741537,540706
"2026-04-28T09:37:09.000000Z","2026-04-28T02:37:09.000000Z","IMPC","RG",0,2170.0,4700,"XL","D","AK","F",1748318,1741551,540707
"2026-04-28T09:37:09.000000Z","2026-04-28T02:37:09.000000Z","IMPC","RG",0,2170.0,2200,"XL","D","BK","F",1748318,1742548,540708
"2026-04-28T09:37:38.000000Z","2026-04-28T02:37:38.000000Z","IMPC","RG",0,2170.0,500,"YB","D","XL","D",1758880,1745542,544296
"2026-04-28T09:37:39.000000Z","2026-04-28T02:37:39.000000Z","IMPC","RG",0,2170.0,500,"XL","D","XL","D",1759335,1745542,544464
"2026-04-28T09:37:39.000000Z","2026-04-28T02:37:39.000000Z","IMPC","RG",0,2170.0,5500,"XL","D","AK","F",1759335,1748369,544465
"2026-04-28T09:37:39.000000Z","2026-04-28T02:37:39.000000Z","IMPC","RG",0,2170.0,7600,"XL","D","KI","D",1759335,1748381,544466
"2026-04-28T09:37:39.000000Z","2026-04-28T02:37:39.000000Z","IMPC","RG",0,2170.0,2300,"XL","D","XL","D",1759335,1754291,544467
"2026-04-28T09:37:39.000000Z","2026-04-28T02:37:39.000000Z","IMPC","RG",0,2170.0,3400,"XL","D","AK","F",1759335,1756169,544468
"2026-04-28T09:37:40.000000Z","2026-04-28T02:37:40.000000Z","IMPC","RG",0,2170.0,3100,"XL","D","AK","F",1759335,1759383,544481
"2026-04-28T09:38:19.000000Z","2026-04-28T02:38:19.000000Z","IMPC","RG",0,2170.0,3100,"XL","D","AK","F",1759335,1773537,549636
"2026-04-28T09:38:27.000000Z","2026-04-28T02:38:27.000000Z","IMPC","RG",0,2180.0,1200,"--","-","--","-",0,1675879,552189
"2026-04-28T09:38:38.000000Z","2026-04-28T02:38:38.000000Z","IMPC","RG",0,2170.0,600,"XL","D","XL","D",1759335,1780821,554323
"2026-04-28T09:38:38.000000Z","2026-04-28T02:38:38.000000Z","IMPC","RG",0,2170.0,900,"XL","D","AK","F",1759335,1780919,554345
"2026-04-28T09:38:50.000000Z","2026-04-28T02:38:50.000000Z","IMPC","RG",0,2170.0,13600,"XL","D","AK","F",1759335,1785421,556000
"2026-04-28T09:38:50.000000Z","2026-04-28T02:38:50.000000Z","IMPC","RG",0,2170.0,3800,"ZP","F","AK","F",1759565,1785421,556001
"2026-04-28T09:38:50.000000Z","2026-04-28T02:38:50.000000Z","IMPC","RG",0,2170.0,100,"NI","D","AK","F",1768805,1785421,556002
"2026-04-28T09:38:50.000000Z","2026-04-28T02:38:50.000000Z","IMPC","RG",0,2170.0,1200,"XL","D","AK","F",1781449,1785421,556003
"2026-04-28T09:38:50.000000Z","2026-04-28T02:38:50.000000Z","IMPC","RG",0,2170.0,700,"XL","D","AK","F",1782861,1785421,556004
"2026-04-28T09:39:01.000000Z","2026-04-28T02:39:01.000000Z","IMPC","RG",0,2170.0,100,"YB","D","XL","D",1790584,1787886,558151
"2026-04-28T09:39:01.000000Z","2026-04-28T02:39:01.000000Z","IMPC","RG",0,2170.0,200,"YB","D","AK","F",1790584,1790233,558152
"2026-04-28T09:40:12.000000Z","2026-04-28T02:40:12.000000Z","IMPC","RG",0,2170.0,200,"XL","D","AK","F",1819881,1790234,567755
"2026-04-28T09:40:12.000000Z","2026-04-28T02:40:12.000000Z","IMPC","RG",0,2170.0,1300,"XL","D","AK","F",1819881,1790241,567756
"2026-04-28T09:40:18.000000Z","2026-04-28T02:40:18.000000Z","IMPC","RG",0,2170.0,100,"XL","D","AK","F",1821805,1790241,568477
"2026-04-28T09:40:24.000000Z","2026-04-28T02:40:24.000000Z","IMPC","RG",0,2170.0,300,"YP","D","AK","F",1823698,1790241,569289
"2026-04-28T09:40:37.000000Z","2026-04-28T02:40:37.000000Z","IMPC","RG",0,2170.0,1800,"PD","D","AK","F",1829412,1790241,571607
"2026-04-28T09:40:37.000000Z","2026-04-28T02:40:37.000000Z","IMPC","RG",0,2170.0,1200,"PD","D","AK","F",1829412,1790248,571608
"2026-04-28T09:40:37.000000Z","2026-04-28T02:40:37.000000Z","IMPC","RG",0,2170.0,3600,"CC","F","AK","F",1829430,1790248,571612
"2026-04-28T09:40:37.000000Z","2026-04-28T02:40:37.000000Z","IMPC","RG",0,2170.0,2300,"CC","F","BK","F",1829430,1790493,571613
"2026-04-28T09:40:37.000000Z","2026-04-28T02:40:37.000000Z","IMPC","RG",0,2170.0,500,"CC","F","XL","D",1829430,1790819,571614
"2026-04-28T09:40:37.000000Z","2026-04-28T02:40:37.000000Z","IMPC","RG",0,2170.0,3800,"CC","F","XL","D",1829430,1792498,571615
"2026-04-28T09:40:37.000000Z","2026-04-28T02:40:37.000000Z","IMPC","RG",0,2170.0,1000,"CC","F","YU","D",1829430,1792574,571616
"2026-04-28T09:40:37.000000Z","2026-04-28T02:40:37.000000Z","IMPC","RG",0,2170.0,3300,"CC","F","AK","F",1829430,1798745,571617
"2026-04-28T09:40:37.000000Z","2026-04-28T02:40:37.000000Z","IMPC","RG",0,2170.0,2000,"CC","F","XC","D",1829430,1806493,571618
"2026-04-28T09:40:37.000000Z","2026-04-28T02:40:37.000000Z","IMPC","RG",0,2170.0,4000,"CC","F","LG","D",1829430,1810308,571619
"2026-04-28T09:40:37.000000Z","2026-04-28T02:40:37.000000Z","IMPC","RG",0,2170.0,3600,"CC","F","AK","F",1829430,1813919,571620
"2026-04-28T09:40:37.000000Z","2026-04-28T02:40:37.000000Z","IMPC","RG",0,2170.0,200,"CC","F","AK","F",1829430,1823805,571621
"2026-04-28T09:40:37.000000Z","2026-04-28T02:40:37.000000Z","IMPC","RG",0,2170.0,3700,"CC","F","AK","F",1829430,1828761,571622
"2026-04-28T09:40:37.000000Z","2026-04-28T02:40:37.000000Z","IMPC","RG",0,2170.0,4800,"AK","F","AK","F",1829474,1829472,571633
"2026-04-28T09:40:58.000000Z","2026-04-28T02:40:58.000000Z","IMPC","RG",0,2170.0,5000,"AK","F","XL","D",1833148,1837178,575029
"2026-04-28T09:41:15.000000Z","2026-04-28T02:41:15.000000Z","IMPC","RG",0,2180.0,1000,"CC","D","YU","F",1843964,1675879,577227
"2026-04-28T09:41:35.000000Z","2026-04-28T02:41:35.000000Z","IMPC","RG",0,2180.0,10000,"XL","D","YU","F",1851414,1675879,580418
"2026-04-28T09:41:43.000000Z","2026-04-28T02:41:43.000000Z","IMPC","RG",0,2180.0,900,"XL","D","YU","F",1854170,1675879,581604
"2026-04-28T09:41:44.000000Z","2026-04-28T02:41:44.000000Z","IMPC","RG",0,2180.0,500,"CC","D","YU","F",1854309,1675879,581657
"2026-04-28T09:41:48.000000Z","2026-04-28T02:41:48.000000Z","IMPC","RG",0,2180.0,14800,"AK","F","YU","F",1855763,1675879,582256
"2026-04-28T09:41:48.000000Z","2026-04-28T02:41:48.000000Z","IMPC","RG",0,2180.0,2700,"AK","F","AK","F",1855763,1682370,582257
"2026-04-28T09:41:48.000000Z","2026-04-28T02:41:48.000000Z","IMPC","RG",0,2180.0,100,"AK","F","XL","D",1855763,1689251,582258
"2026-04-28T09:41:48.000000Z","2026-04-28T02:41:48.000000Z","IMPC","RG",0,2180.0,18800,"AK","F","XL","D",1855763,1706385,582259
"2026-04-28T09:41:48.000000Z","2026-04-28T02:41:48.000000Z","IMPC","RG",0,2180.0,400,"AK","F","XL","D",1855763,1708992,582260
"2026-04-28T09:41:48.000000Z","2026-04-28T02:41:48.000000Z","IMPC","RG",0,2180.0,13500,"AK","F","KI","D",1855763,1715374,582261
"2026-04-28T09:41:48.000000Z","2026-04-28T02:41:48.000000Z","IMPC","RG",0,2180.0,1700,"AK","F","GR","D",1855763,1715696,582262
"2026-04-28T09:41:48.000000Z","2026-04-28T02:41:48.000000Z","IMPC","RG",0,2180.0,9100,"AK","F","KI","D",1855763,1737060,582263
"2026-04-28T09:41:48.000000Z","2026-04-28T02:41:48.000000Z","IMPC","RG",0,2180.0,3000,"AK","F","NI","D",1855763,1746039,582264
"2026-04-28T09:41:48.000000Z","2026-04-28T02:41:48.000000Z","IMPC","RG",0,2180.0,1000,"AK","F","YP","D",1855763,1760504,582265
"2026-04-28T09:41:48.000000Z","2026-04-28T02:41:48.000000Z","IMPC","RG",0,2180.0,2000,"AK","F","BK","F",1855763,1770293,582266
"2026-04-28T09:41:48.000000Z","2026-04-28T02:41:48.000000Z","IMPC","RG",0,2180.0,4200,"AK","F","XL","D",1855763,1792689,582267
"2026-04-28T09:41:48.000000Z","2026-04-28T02:41:48.000000Z","IMPC","RG",0,2180.0,3000,"AK","F","XL","D",1855763,1797300,582268
"2026-04-28T09:41:48.000000Z","2026-04-28T02:41:48.000000Z","IMPC","RG",0,2180.0,1000,"AK","F","OD","D",1855763,1821934,582269
"2026-04-28T09:41:48.000000Z","2026-04-28T02:41:48.000000Z","IMPC","RG",0,2180.0,3400,"AK","F","AK","F",1855763,1833214,582270
"2026-04-28T09:41:48.000000Z","2026-04-28T02:41:48.000000Z","IMPC","RG",0,2180.0,4200,"AK","F","YP","D",1855763,1844056,582271
"2026-04-28T09:41:48.000000Z","2026-04-28T02:41:48.000000Z","IMPC","RG",0,2180.0,3800,"AK","F","AK","F",1855763,1848223,582272
"2026-04-28T09:41:48.000000Z","2026-04-28T02:41:48.000000Z","IMPC","RG",0,2180.0,200,"AK","F","AK","F",1855763,1851496,582273
"2026-04-28T09:41:48.000000Z","2026-04-28T02:41:48.000000Z","IMPC","RG",0,2180.0,3300,"AK","F","AK","F",1855860,1855827,582296
"2026-04-28T09:41:53.000000Z","2026-04-28T02:41:53.000000Z","IMPC","RG",0,2180.0,500,"AK","F","YP","D",1857779,1857754,582867
"2026-04-28T09:41:58.000000Z","2026-04-28T02:41:58.000000Z","IMPC","RG",0,2180.0,28000,"CC","F","XL","D",1859795,1859773,584077
"2026-04-28T09:42:12.000000Z","2026-04-28T02:42:12.000000Z","IMPC","RG",0,2190.0,300,"YP","D","XA","D",1865530,769944,587361
"2026-04-28T09:42:14.000000Z","2026-04-28T02:42:14.000000Z","IMPC","RG",0,2180.0,1000,"CC","D","AK","F",1865237,1866382,587606
"2026-04-28T09:42:20.000000Z","2026-04-28T02:42:20.000000Z","IMPC","RG",0,2180.0,1000,"--","-","--","-",1865237,0,588385
"2026-04-28T09:42:20.000000Z","2026-04-28T02:42:20.000000Z","IMPC","RG",0,2180.0,3800,"--","-","--","-",1865352,0,588386
"2026-04-28T09:42:26.000000Z","2026-04-28T02:42:26.000000Z","IMPC","RG",0,2180.0,10000,"DR","D","AK","F",1869342,1870784,589094
"2026-04-28T09:42:27.000000Z","2026-04-28T02:42:27.000000Z","IMPC","RG",0,2180.0,300,"XC","D","AK","F",1871087,1871404,589282
"2026-04-28T09:42:29.000000Z","2026-04-28T02:42:29.000000Z","IMPC","RG",0,2180.0,200,"XL","D","AK","F",1872121,1872148,589515
"2026-04-28T09:42:42.000000Z","2026-04-28T02:42:42.000000Z","IMPC","RG",0,2180.0,50000,"YP","D","AK","F",1875998,1876532,590887
"2026-04-28T09:43:01.000000Z","2026-04-28T02:43:01.000000Z","IMPC","RG",0,2180.0,100,"XL","D","CP","D",1882301,1877347,592653
"2026-04-28T09:43:01.000000Z","2026-04-28T02:43:01.000000Z","IMPC","RG",0,2180.0,100,"XL","D","CP","D",1882301,1878199,592654
"2026-04-28T09:43:01.000000Z","2026-04-28T02:43:01.000000Z","IMPC","RG",0,2180.0,100,"XL","D","AK","F",1882301,1878272,592655
"2026-04-28T09:43:32.000000Z","2026-04-28T02:43:32.000000Z","IMPC","RG",0,2170.0,100,"PD","D","XL","D",1833160,1892067,596107
"2026-04-28T09:44:04.000000Z","2026-04-28T02:44:04.000000Z","IMPC","RG",0,2180.0,100,"CP","D","AK","F",1902238,1878272,599427
"2026-04-28T09:44:04.000000Z","2026-04-28T02:44:04.000000Z","IMPC","RG",0,2180.0,5500,"CP","D","AK","F",1902238,1878279,599428
"2026-04-28T09:44:04.000000Z","2026-04-28T02:44:04.000000Z","IMPC","RG",0,2180.0,2300,"CP","D","BK","F",1902238,1879094,599429
"2026-04-28T09:44:04.000000Z","2026-04-28T02:44:04.000000Z","IMPC","RG",0,2180.0,2000,"CP","D","XL","D",1902238,1882726,599430
"2026-04-28T09:44:04.000000Z","2026-04-28T02:44:04.000000Z","IMPC","RG",0,2180.0,100,"CP","D","AK","F",1902238,1886456,599431
"2026-04-28T09:44:06.000000Z","2026-04-28T02:44:06.000000Z","IMPC","RG",0,2180.0,3200,"CP","D","AK","F",1902726,1886456,599699
"2026-04-28T09:44:06.000000Z","2026-04-28T02:44:06.000000Z","IMPC","RG",0,2180.0,2900,"CP","D","PD","D",1902726,1890462,599700
"2026-04-28T09:44:06.000000Z","2026-04-28T02:44:06.000000Z","IMPC","RG",0,2180.0,1000,"CP","D","PD","D",1902726,1898365,599701
"2026-04-28T09:44:06.000000Z","2026-04-28T02:44:06.000000Z","IMPC","RG",0,2180.0,2900,"CP","D","AK","F",1902726,1898464,599702
"2026-04-28T09:44:06.000000Z","2026-04-28T02:44:06.000000Z","IMPC","RG",0,2180.0,800,"CC","F","AK","F",1902739,1898464,599710
"2026-04-28T09:44:06.000000Z","2026-04-28T02:44:06.000000Z","IMPC","RG",0,2180.0,300,"CC","F","AK","F",1902739,1902275,599711
"2026-04-28T09:44:06.000000Z","2026-04-28T02:44:06.000000Z","IMPC","RG",0,2180.0,2200,"CC","F","BK","F",1902739,1902575,599712
"2026-04-28T09:44:51.000000Z","2026-04-28T02:44:51.000000Z","IMPC","RG",0,2180.0,800,"YP","D","XL","D",1904690,1916346,603998
"2026-04-28T09:45:12.000000Z","2026-04-28T02:45:12.000000Z","IMPC","RG",0,2190.0,200,"PI","D","XA","D",1923116,769944,606806
"2026-04-28T09:45:12.000000Z","2026-04-28T02:45:12.000000Z","IMPC","RG",0,2190.0,100,"PI","D","KK","D",1923116,795336,606807
"2026-04-28T09:45:12.000000Z","2026-04-28T02:45:12.000000Z","IMPC","RG",0,2190.0,1000,"PI","D","YB","D",1923116,1002952,606808
"2026-04-28T09:45:12.000000Z","2026-04-28T02:45:12.000000Z","IMPC","RG",0,2190.0,10000,"PI","D","CP","D",1923116,1025753,606809
"2026-04-28T09:45:12.000000Z","2026-04-28T02:45:12.000000Z","IMPC","RG",0,2190.0,12600,"PI","D","YP","D",1923116,1244545,606810
"2026-04-28T09:45:24.000000Z","2026-04-28T02:45:24.000000Z","IMPC","RG",0,2180.0,1000,"YP","D","XC","D",1904690,1928280,609210
"2026-04-28T09:45:29.000000Z","2026-04-28T02:45:29.000000Z","IMPC","RG",0,2190.0,500,"XL","D","YP","D",1929580,1244545,609615
"2026-04-28T09:45:45.000000Z","2026-04-28T02:45:45.000000Z","IMPC","RG",0,2180.0,400,"YP","D","AK","F",1904690,1935064,613768
"2026-04-28T09:45:45.000000Z","2026-04-28T02:45:45.000000Z","IMPC","RG",0,2180.0,1000,"CC","D","AK","F",1907077,1935064,613769
"2026-04-28T09:45:45.000000Z","2026-04-28T02:45:45.000000Z","IMPC","RG",0,2180.0,300,"YP","D","AK","F",1910207,1935064,613770
"2026-04-28T09:45:45.000000Z","2026-04-28T02:45:45.000000Z","IMPC","RG",0,2180.0,500,"PD","D","AK","F",1911536,1935064,613771
"2026-04-28T09:45:45.000000Z","2026-04-28T02:45:45.000000Z","IMPC","RG",0,2180.0,300,"XL","D","AK","F",1916398,1935064,613772
"2026-04-28T09:45:45.000000Z","2026-04-28T02:45:45.000000Z","IMPC","RG",0,2180.0,4500,"PD","D","AK","F",1917449,1935064,613773
"2026-04-28T09:45:45.000000Z","2026-04-28T02:45:45.000000Z","IMPC","RG",0,2180.0,400,"XL","D","AK","F",1919133,1935064,613774
"2026-04-28T09:45:45.000000Z","2026-04-28T02:45:45.000000Z","IMPC","RG",0,2180.0,2900,"XL","D","AK","F",1920130,1935064,613775
"2026-04-28T09:45:45.000000Z","2026-04-28T02:45:45.000000Z","IMPC","RG",0,2180.0,3800,"ZP","F","AK","F",1923318,1935064,613776
"2026-04-28T09:45:45.000000Z","2026-04-28T02:45:45.000000Z","IMPC","RG",0,2180.0,1000,"XL","D","AK","F",1930531,1935064,613777
"2026-04-28T09:45:49.000000Z","2026-04-28T02:45:49.000000Z","IMPC","RG",0,2180.0,1000,"NI","D","XL","D",1936578,1936383,614767
"2026-04-28T09:46:02.000000Z","2026-04-28T02:46:02.000000Z","IMPC","RG",0,2180.0,300,"XL","D","XL","D",1940586,1936383,616451
"2026-04-28T09:46:24.000000Z","2026-04-28T02:46:24.000000Z","IMPC","RG",0,2180.0,4600,"XC","D","XL","D",1947018,1936383,619046
"2026-04-28T09:46:25.000000Z","2026-04-28T02:46:25.000000Z","IMPC","RG",0,2180.0,200,"CP","D","XL","D",1947509,1936383,619234
"2026-04-28T09:46:33.000000Z","2026-04-28T02:46:33.000000Z","IMPC","RG",0,2180.0,2300,"CC","D","XL","D",1949896,1936383,620396
"2026-04-28T09:46:44.000000Z","2026-04-28T02:46:44.000000Z","IMPC","RG",0,2170.0,1400,"PD","D","AK","F",1833160,1952750,621283
"2026-04-28T09:46:44.000000Z","2026-04-28T02:46:44.000000Z","IMPC","RG",0,2170.0,1000,"CC","D","AK","F",1842367,1952750,621284
"2026-04-28T09:46:44.000000Z","2026-04-28T02:46:44.000000Z","IMPC","RG",0,2170.0,1100,"XL","D","AK","F",1846164,1952750,621285
"2026-04-28T09:46:44.000000Z","2026-04-28T02:46:44.000000Z","IMPC","RG",0,2170.0,2200,"XL","D","AK","F",1846164,1952758,621289
"2026-04-28T09:46:44.000000Z","2026-04-28T02:46:44.000000Z","IMPC","RG",0,2170.0,100,"XL","D","AK","F",1850543,1952758,621290
"2026-04-28T09:46:56.000000Z","2026-04-28T02:46:56.000000Z","IMPC","RG",0,2170.0,9900,"XL","D","XL","D",1850543,1956591,623138
"2026-04-28T09:46:56.000000Z","2026-04-28T02:46:56.000000Z","IMPC","RG",0,2170.0,200,"XL","D","XL","D",1854288,1956591,623139
"2026-04-28T09:46:56.000000Z","2026-04-28T02:46:56.000000Z","IMPC","RG",0,2170.0,1600,"XL","D","XL","D",1866728,1956591,623140
"2026-04-28T09:46:56.000000Z","2026-04-28T02:46:56.000000Z","IMPC","RG",0,2170.0,20100,"XL","D","AK","F",1866728,1956613,623143
"2026-04-28T09:46:56.000000Z","2026-04-28T02:46:56.000000Z","IMPC","RG",0,2170.0,21600,"XL","D","AK","F",1876504,1956613,623144
"2026-04-28T09:46:56.000000Z","2026-04-28T02:46:56.000000Z","IMPC","RG",0,2170.0,1000,"CP","D","AK","F",1881028,1956613,623145
"2026-04-28T09:46:56.000000Z","2026-04-28T02:46:56.000000Z","IMPC","RG",0,2170.0,500,"CC","D","AK","F",1889603,1956613,623146
"2026-04-28T09:46:56.000000Z","2026-04-28T02:46:56.000000Z","IMPC","RG",0,2170.0,1400,"XC","D","AK","F",1894202,1956613,623147
"2026-04-28T09:46:56.000000Z","2026-04-28T02:46:56.000000Z","IMPC","RG",0,2170.0,900,"YP","D","AK","F",1899274,1956613,623148
"2026-04-28T09:46:56.000000Z","2026-04-28T02:46:56.000000Z","IMPC","RG",0,2170.0,18900,"XL","D","AK","F",1899986,1956613,623149
"2026-04-28T09:46:56.000000Z","2026-04-28T02:46:56.000000Z","IMPC","RG",0,2170.0,100,"XC","D","AK","F",1901670,1956613,623150
"2026-04-28T09:46:56.000000Z","2026-04-28T02:46:56.000000Z","IMPC","RG",0,2170.0,1000,"CC","D","AK","F",1902510,1956613,623151
"2026-04-28T09:46:56.000000Z","2026-04-28T02:46:56.000000Z","IMPC","RG",0,2170.0,59300,"LG","D","AK","F",1918937,1956613,623152
"2026-04-28T09:46:56.000000Z","2026-04-28T02:46:56.000000Z","IMPC","RG",0,2170.0,6800,"LG","D","HD","F",1918937,1956614,623153
"2026-04-28T09:46:56.000000Z","2026-04-28T02:46:56.000000Z","IMPC","RG",0,2170.0,1500,"LG","D","AK","F",1918937,1956638,623162
"2026-04-28T09:46:56.000000Z","2026-04-28T02:46:56.000000Z","IMPC","RG",0,2170.0,100,"XL","D","AK","F",1946456,1956638,623163
"2026-04-28T09:47:02.000000Z","2026-04-28T02:47:02.000000Z","IMPC","RG",0,2170.0,300,"XC","D","XL","D",1958702,1958460,624314
"2026-04-28T09:47:13.000000Z","2026-04-28T02:47:13.000000Z","IMPC","RG",0,2160.0,4000,"--","-","--","-",1659463,0,626274
"2026-04-28T09:47:13.000000Z","2026-04-28T02:47:13.000000Z","IMPC","RG",0,2160.0,100,"--","-","--","-",1663984,0,626275
"2026-04-28T09:47:20.000000Z","2026-04-28T02:47:20.000000Z","IMPC","RG",0,2160.0,900,"XL","D","XL","D",1663984,1964465,627018
"2026-04-28T09:47:20.000000Z","2026-04-28T02:47:20.000000Z","IMPC","RG",0,2160.0,1200,"XL","D","XL","D",1681806,1964465,627019
"2026-04-28T09:47:20.000000Z","2026-04-28T02:47:20.000000Z","IMPC","RG",0,2160.0,100,"XL","D","XL","D",1688026,1964465,627020
"2026-04-28T09:47:20.000000Z","2026-04-28T02:47:20.000000Z","IMPC","RG",0,2160.0,100,"XL","D","XL","D",1690385,1964465,627021
"2026-04-28T09:47:43.000000Z","2026-04-28T02:47:43.000000Z","IMPC","RG",0,2170.0,500,"--","-","--","-",0,1958851,630876
"2026-04-28T09:47:44.000000Z","2026-04-28T02:47:44.000000Z","IMPC","RG",0,2160.0,100,"--","-","--","-",1690385,0,630895
"2026-04-28T09:47:44.000000Z","2026-04-28T02:47:44.000000Z","IMPC","RG",0,2160.0,3800,"--","-","--","-",1709764,0,630896
"2026-04-28T09:47:47.000000Z","2026-04-28T02:47:47.000000Z","IMPC","RG",0,2170.0,100,"XC","D","AK","F",1973497,1958851,631219
"2026-04-28T09:48:08.000000Z","2026-04-28T02:48:08.000000Z","IMPC","RG",0,2160.0,4100,"CP","D","AK","F",1709764,1980723,635367
"2026-04-28T09:48:24.000000Z","2026-04-28T02:48:24.000000Z","IMPC","RG",0,2160.0,3600,"CP","D","AK","F",1709764,1985604,637279
"2026-04-28T09:48:46.000000Z","2026-04-28T02:48:46.000000Z","IMPC","RG",0,2160.0,3200,"CP","D","AK","F",1709764,1992393,640052
"2026-04-28T09:48:52.000000Z","2026-04-28T02:48:52.000000Z","IMPC","RG",0,2160.0,10000,"CP","D","XL","D",1709764,1994088,640875
"2026-04-28T09:48:57.000000Z","2026-04-28T02:48:57.000000Z","IMPC","RG",0,2160.0,5000,"--","-","--","-",1709764,0,641556
"2026-04-28T09:49:09.000000Z","2026-04-28T02:49:09.000000Z","IMPC","RG",0,2160.0,4300,"--","-","--","-",1709764,0,643412
"2026-04-28T09:49:29.000000Z","2026-04-28T02:49:29.000000Z","IMPC","RG",0,2160.0,3400,"CP","D","AK","F",1709764,2005635,646112
"2026-04-28T09:49:49.000000Z","2026-04-28T02:49:49.000000Z","IMPC","RG",0,2160.0,3600,"CP","D","AK","F",1709764,2011252,648523
"2026-04-28T09:50:19.000000Z","2026-04-28T02:50:19.000000Z","IMPC","RG",0,2160.0,2100,"CP","D","AK","F",1709764,2020009,652138
"2026-04-28T09:50:19.000000Z","2026-04-28T02:50:19.000000Z","IMPC","RG",0,2160.0,3300,"CP","D","AK","F",1709764,2020010,652139
"2026-04-28T09:50:29.000000Z","2026-04-28T02:50:29.000000Z","IMPC","RG",0,2160.0,100,"CP","D","XC","D",1709764,2022916,653628
"2026-04-28T09:50:47.000000Z","2026-04-28T02:50:47.000000Z","IMPC","RG",0,2160.0,3300,"CP","D","AK","F",1709764,2028167,656237
"2026-04-28T09:51:04.000000Z","2026-04-28T02:51:04.000000Z","IMPC","RG",0,2170.0,500,"CC","D","AK","F",2033343,2019998,658757
"2026-04-28T09:51:10.000000Z","2026-04-28T02:51:10.000000Z","IMPC","RG",0,2160.0,2100,"CP","D","BK","F",1709764,2035089,659858
"2026-04-28T09:51:20.000000Z","2026-04-28T02:51:20.000000Z","IMPC","RG",0,2160.0,800,"CP","D","AK","F",1709764,2038401,661393
"2026-04-28T09:51:20.000000Z","2026-04-28T02:51:20.000000Z","IMPC","RG",0,2160.0,3600,"CP","D","AK","F",1709764,2038411,661395
"2026-04-28T09:51:21.000000Z","2026-04-28T02:51:21.000000Z","IMPC","RG",0,2160.0,200,"CP","D","XL","D",1709764,2038728,661510
"2026-04-28T09:51:32.000000Z","2026-04-28T02:51:32.000000Z","IMPC","RG",0,2170.0,1900,"XL","D","BK","F",2041625,1959086,662796
"2026-04-28T09:51:32.000000Z","2026-04-28T02:51:32.000000Z","IMPC","RG",0,2170.0,2900,"XL","D","XL","D",2041625,1962331,662797
"2026-04-28T09:51:32.000000Z","2026-04-28T02:51:32.000000Z","IMPC","RG",0,2170.0,200,"XL","D","AK","F",2041625,1962395,662798
"2026-04-28T09:51:32.000000Z","2026-04-28T02:51:32.000000Z","IMPC","RG",0,2170.0,100,"XL","D","AK","F",2041625,1962399,662799
"2026-04-28T09:51:32.000000Z","2026-04-28T02:51:32.000000Z","IMPC","RG",0,2170.0,300,"XL","D","AK","F",2041625,1962400,662800
"2026-04-28T09:51:32.000000Z","2026-04-28T02:51:32.000000Z","IMPC","RG",0,2170.0,1000,"XL","D","MG","D",2041625,1966676,662801
"2026-04-28T09:51:32.000000Z","2026-04-28T02:51:32.000000Z","IMPC","RG",0,2170.0,3700,"XL","D","AK","F",2041625,1968541,662802
"2026-04-28T09:51:32.000000Z","2026-04-28T02:51:32.000000Z","IMPC","RG",0,2170.0,1500,"XL","D","PD","D",2041625,1970845,662803
"2026-04-28T09:52:06.000000Z","2026-04-28T02:52:06.000000Z","IMPC","RG",0,2160.0,100,"CP","D","AK","F",1709764,2050670,666453
"2026-04-28T09:52:06.000000Z","2026-04-28T02:52:06.000000Z","IMPC","RG",0,2160.0,3500,"CP","D","AK","F",1709764,2050679,666459
"2026-04-28T09:52:21.000000Z","2026-04-28T02:52:21.000000Z","IMPC","RG",0,2170.0,500,"CC","D","PD","D",2054591,1970845,668213
"2026-04-28T09:52:31.000000Z","2026-04-28T02:52:31.000000Z","IMPC","RG",0,2160.0,3400,"CP","D","AK","F",1709764,2057608,669643
"2026-04-28T09:52:31.000000Z","2026-04-28T02:52:31.000000Z","IMPC","RG",0,2160.0,300,"CP","D","AK","F",1709764,2057612,669645
"2026-04-28T09:52:59.000000Z","2026-04-28T02:52:59.000000Z","IMPC","RG",0,2160.0,200,"--","-","--","-",1709764,0,672795
"2026-04-28T09:52:59.000000Z","2026-04-28T02:52:59.000000Z","IMPC","RG",0,2160.0,4300,"--","-","--","-",1709764,0,672798
"2026-04-28T09:53:06.000000Z","2026-04-28T02:53:06.000000Z","IMPC","RG",0,2170.0,500,"--","-","--","-",0,1970845,673599
"2026-04-28T09:53:06.000000Z","2026-04-28T02:53:06.000000Z","IMPC","RG",0,2170.0,200,"--","-","--","-",0,1980715,673600
"2026-04-28T09:53:06.000000Z","2026-04-28T02:53:06.000000Z","IMPC","RG",0,2170.0,200,"--","-","--","-",0,1989403,673601
"2026-04-28T09:53:06.000000Z","2026-04-28T02:53:06.000000Z","IMPC","RG",0,2170.0,900,"--","-","--","-",0,1993597,673602
"2026-04-28T09:53:06.000000Z","2026-04-28T02:53:06.000000Z","IMPC","RG",0,2170.0,2900,"--","-","--","-",0,1995751,673603
"2026-04-28T09:53:08.000000Z","2026-04-28T02:53:08.000000Z","IMPC","RG",0,2160.0,50000,"--","-","--","-",1709764,0,673838
"2026-04-28T09:53:23.000000Z","2026-04-28T02:53:23.000000Z","IMPC","RG",0,2160.0,600,"--","-","--","-",1709764,0,676049
"2026-04-28T09:53:23.000000Z","2026-04-28T02:53:23.000000Z","IMPC","RG",0,2160.0,3100,"--","-","--","-",1709764,0,676054
"2026-04-28T09:53:31.000000Z","2026-04-28T02:53:31.000000Z","IMPC","RG",0,2160.0,900,"CP","D","XL","D",1709764,2073930,677750
"2026-04-28T09:53:46.000000Z","2026-04-28T02:53:46.000000Z","IMPC","RG",0,2170.0,400,"--","-","--","-",0,1995751,679571
"2026-04-28T09:53:46.000000Z","2026-04-28T02:53:46.000000Z","IMPC","RG",0,2160.0,2800,"--","-","--","-",1709764,0,679608
"2026-04-28T09:53:46.000000Z","2026-04-28T02:53:46.000000Z","IMPC","RG",0,2160.0,1000,"--","-","--","-",1709764,0,679609
"2026-04-28T09:54:12.000000Z","2026-04-28T02:54:12.000000Z","IMPC","RG",0,2160.0,2800,"--","-","--","-",1709764,0,682581
"2026-04-28T09:54:12.000000Z","2026-04-28T02:54:12.000000Z","IMPC","RG",0,2160.0,900,"--","-","--","-",1709764,0,682582
"2026-04-28T09:54:23.000000Z","2026-04-28T02:54:23.000000Z","IMPC","RG",0,2160.0,45000,"--","-","--","-",1709764,0,683839
"2026-04-28T09:54:23.000000Z","2026-04-28T02:54:23.000000Z","IMPC","RG",0,2160.0,900,"--","-","--","-",1709764,0,683891
"2026-04-28T09:54:24.000000Z","2026-04-28T02:54:24.000000Z","IMPC","RG",0,2160.0,2200,"--","-","--","-",1709764,0,683941
"2026-04-28T09:54:27.000000Z","2026-04-28T02:54:27.000000Z","IMPC","RG",0,2160.0,7800,"--","-","--","-",1709764,0,684292
"2026-04-28T09:54:28.000000Z","2026-04-28T02:54:28.000000Z","IMPC","RG",0,2160.0,900,"--","-","--","-",1709764,0,684308
"2026-04-28T09:54:38.000000Z","2026-04-28T02:54:38.000000Z","IMPC","RG",0,2160.0,2300,"--","-","--","-",1709764,0,685358
"2026-04-28T09:54:38.000000Z","2026-04-28T02:54:38.000000Z","IMPC","RG",0,2160.0,1200,"--","-","--","-",1709764,0,685362
"2026-04-28T09:54:45.000000Z","2026-04-28T02:54:45.000000Z","IMPC","RG",0,2160.0,9300,"--","-","--","-",1709764,0,686320
"2026-04-28T09:54:45.000000Z","2026-04-28T02:54:45.000000Z","IMPC","RG",0,2160.0,100,"--","-","--","-",1722750,0,686321
"2026-04-28T09:54:45.000000Z","2026-04-28T02:54:45.000000Z","IMPC","RG",0,2160.0,1900,"--","-","--","-",1727122,0,686322
"2026-04-28T09:54:47.000000Z","2026-04-28T02:54:47.000000Z","IMPC","RG",0,2160.0,900,"--","-","--","-",1727122,0,686600
"2026-04-28T09:54:50.000000Z","2026-04-28T02:54:50.000000Z","IMPC","RG",0,2160.0,2200,"--","-","--","-",1727122,0,686829
"2026-04-28T09:54:50.000000Z","2026-04-28T02:54:50.000000Z","IMPC","RG",0,2160.0,200,"--","-","--","-",1743375,0,686830
"2026-04-28T09:54:50.000000Z","2026-04-28T02:54:50.000000Z","IMPC","RG",0,2160.0,100,"--","-","--","-",1832164,0,686831
"2026-04-28T09:54:50.000000Z","2026-04-28T02:54:50.000000Z","IMPC","RG",0,2160.0,1000,"--","-","--","-",1904093,0,686832
"2026-04-28T09:54:50.000000Z","2026-04-28T02:54:50.000000Z","IMPC","RG",0,2160.0,2500,"--","-","--","-",1956742,0,686833
"2026-04-28T09:54:54.000000Z","2026-04-28T02:54:54.000000Z","IMPC","RG",0,2160.0,300,"--","-","--","-",1956742,0,687246
"2026-04-28T09:55:05.000000Z","2026-04-28T02:55:05.000000Z","IMPC","RG",0,2160.0,1100,"--","-","--","-",1956742,0,692934
"2026-04-28T09:55:05.000000Z","2026-04-28T02:55:05.000000Z","IMPC","RG",0,2160.0,100,"--","-","--","-",1996087,0,692935
"2026-04-28T09:55:05.000000Z","2026-04-28T02:55:05.000000Z","IMPC","RG",0,2160.0,100,"--","-","--","-",2025320,0,692936
"2026-04-28T09:55:05.000000Z","2026-04-28T02:55:05.000000Z","IMPC","RG",0,2160.0,300,"--","-","--","-",2051696,0,692937
"2026-04-28T09:55:05.000000Z","2026-04-28T02:55:05.000000Z","IMPC","RG",0,2160.0,500,"--","-","--","-",2058322,0,692938
"2026-04-28T09:55:05.000000Z","2026-04-28T02:55:05.000000Z","IMPC","RG",0,2160.0,100,"--","-","--","-",2095372,0,692939
"2026-04-28T09:55:05.000000Z","2026-04-28T02:55:05.000000Z","IMPC","RG",0,2160.0,2000,"--","-","--","-",2095372,0,692941
"2026-04-28T09:55:38.000000Z","2026-04-28T02:55:38.000000Z","IMPC","RG",0,2160.0,1800,"--","-","--","-",2095372,0,696905
"2026-04-28T09:55:38.000000Z","2026-04-28T02:55:38.000000Z","IMPC","RG",0,2160.0,3200,"--","-","--","-",2099270,0,696906
"2026-04-28T09:55:38.000000Z","2026-04-28T02:55:38.000000Z","IMPC","RG",0,2160.0,1300,"--","-","--","-",2099270,0,696919
"2026-04-28T09:55:38.000000Z","2026-04-28T02:55:38.000000Z","IMPC","RG",0,2160.0,1900,"--","-","--","-",2099270,0,696920
"2026-04-28T09:56:06.000000Z","2026-04-28T02:56:06.000000Z","IMPC","RG",0,2160.0,1200,"KK","D","AK","F",2099270,2115113,700062
"2026-04-28T09:56:17.000000Z","2026-04-28T02:56:17.000000Z","IMPC","RG",0,2160.0,1100,"--","-","--","-",2099270,0,701052
"2026-04-28T09:56:17.000000Z","2026-04-28T02:56:17.000000Z","IMPC","RG",0,2160.0,300,"--","-","--","-",2099270,0,701056
"2026-04-28T09:56:17.000000Z","2026-04-28T02:56:17.000000Z","IMPC","RG",0,2160.0,100,"--","-","--","-",2102138,0,701057
"2026-04-28T09:56:17.000000Z","2026-04-28T02:56:17.000000Z","IMPC","RG",0,2160.0,100,"--","-","--","-",2102185,0,701058
"2026-04-28T09:56:17.000000Z","2026-04-28T02:56:17.000000Z","IMPC","RG",0,2160.0,2000,"--","-","--","-",2108558,0,701059
"2026-04-28T09:56:19.000000Z","2026-04-28T02:56:19.000000Z","IMPC","RG",0,2160.0,2000,"CC","F","BK","F",2108558,2118299,701465
"2026-04-28T09:56:21.000000Z","2026-04-28T02:56:21.000000Z","IMPC","RG",0,2170.0,4700,"XL","D","YU","F",2118754,1995751,701645
"2026-04-28T09:56:41.000000Z","2026-04-28T02:56:41.000000Z","IMPC","RG",0,2160.0,6000,"CC","F","XL","D",2108558,2123947,703509
"2026-04-28T09:56:48.000000Z","2026-04-28T02:56:48.000000Z","IMPC","RG",0,2160.0,2500,"CC","F","XL","D",2108558,2125515,704025
"2026-04-28T09:56:55.000000Z","2026-04-28T02:56:55.000000Z","IMPC","RG",0,2170.0,300,"CC","F","YU","F",2127249,1995751,704627
"2026-04-28T09:56:55.000000Z","2026-04-28T02:56:55.000000Z","IMPC","RG",0,2170.0,2200,"CC","F","BK","F",2127249,1996141,704628
"2026-04-28T09:56:55.000000Z","2026-04-28T02:56:55.000000Z","IMPC","RG",0,2170.0,300,"CC","F","AK","F",2127249,2019997,704629
"2026-04-28T09:56:55.000000Z","2026-04-28T02:56:55.000000Z","IMPC","RG",0,2170.0,2100,"CC","F","BK","F",2127249,2028107,704630
"2026-04-28T09:56:55.000000Z","2026-04-28T02:56:55.000000Z","IMPC","RG",0,2170.0,200,"CC","F","AK","F",2127249,2031373,704631
"2026-04-28T09:56:55.000000Z","2026-04-28T02:56:55.000000Z","IMPC","RG",0,2170.0,1700,"CC","F","AK","F",2127249,2035119,704632
"2026-04-28T09:56:55.000000Z","2026-04-28T02:56:55.000000Z","IMPC","RG",0,2170.0,200,"CC","F","XL","D",2127249,2051624,704633
"2026-04-28T09:56:55.000000Z","2026-04-28T02:56:55.000000Z","IMPC","RG",0,2170.0,200,"CC","F","AK","F",2127249,2065369,704634
"2026-04-28T09:56:55.000000Z","2026-04-28T02:56:55.000000Z","IMPC","RG",0,2170.0,600,"CC","F","AK","F",2127249,2117606,704635
"2026-04-28T09:56:55.000000Z","2026-04-28T02:56:55.000000Z","IMPC","RG",0,2170.0,3200,"CC","F","AK","F",2127249,2082563,704636
"2026-04-28T09:56:55.000000Z","2026-04-28T02:56:55.000000Z","IMPC","RG",0,2170.0,200,"CC","F","AK","F",2127249,2085246,704637
"2026-04-28T09:56:55.000000Z","2026-04-28T02:56:55.000000Z","IMPC","RG",0,2170.0,59900,"CC","F","XL","D",2127249,2086257,704638
"2026-04-28T09:56:55.000000Z","2026-04-28T02:56:55.000000Z","IMPC","RG",0,2170.0,3700,"CC","F","AK","F",2127249,2089278,704639
"2026-04-28T09:56:55.000000Z","2026-04-28T02:56:55.000000Z","IMPC","RG",0,2170.0,900,"CC","F","AK","F",2127249,2092277,704640
"2026-04-28T09:56:55.000000Z","2026-04-28T02:56:55.000000Z","IMPC","RG",0,2170.0,3200,"CC","F","AK","F",2127249,2096430,704641
"2026-04-28T09:56:55.000000Z","2026-04-28T02:56:55.000000Z","IMPC","RG",0,2170.0,200,"CC","F","AK","F",2127249,2105036,704642
"2026-04-28T09:56:55.000000Z","2026-04-28T02:56:55.000000Z","IMPC","RG",0,2170.0,3700,"CC","F","AK","F",2127249,2105120,704643
"2026-04-28T09:56:55.000000Z","2026-04-28T02:56:55.000000Z","IMPC","RG",0,2170.0,3100,"CC","F","AK","F",2127249,2113806,704644
"2026-04-28T09:56:55.000000Z","2026-04-28T02:56:55.000000Z","IMPC","RG",0,2170.0,3100,"CC","F","AK","F",2127249,2122642,704645
"2026-04-28T09:56:56.000000Z","2026-04-28T02:56:56.000000Z","IMPC","RG",0,2170.0,5500,"HD","F","AK","F",2127250,2127272,704648
"2026-04-28T09:57:04.000000Z","2026-04-28T02:57:04.000000Z","IMPC","RG",0,2180.0,100,"--","-","--","-",0,1936383,705650
"2026-04-28T09:58:45.000000Z","2026-04-28T02:58:45.000000Z","IMPC","RG",0,2180.0,500,"XL","D","XL","D",2153001,1936383,714818
"2026-04-28T09:58:46.000000Z","2026-04-28T02:58:46.000000Z","IMPC","RG",0,2180.0,100,"--","-","--","-",0,1936383,714879
"2026-04-28T09:58:51.000000Z","2026-04-28T02:58:51.000000Z","IMPC","RG",0,2180.0,15900,"YP","D","XL","D",2154321,1936383,715464
"2026-04-28T09:58:51.000000Z","2026-04-28T02:58:51.000000Z","IMPC","RG",0,2180.0,800,"YP","D","XL","D",2154321,1942006,715465
"2026-04-28T09:58:51.000000Z","2026-04-28T02:58:51.000000Z","IMPC","RG",0,2180.0,1800,"YP","D","CC","D",2154321,1965385,715466
"2026-04-28T09:58:51.000000Z","2026-04-28T02:58:51.000000Z","IMPC","RG",0,2180.0,2700,"YP","D","XL","D",2154321,1980690,715467
"2026-04-28T09:58:51.000000Z","2026-04-28T02:58:51.000000Z","IMPC","RG",0,2180.0,2500,"YP","D","XL","D",2154321,2034622,715468
"2026-04-28T09:58:51.000000Z","2026-04-28T02:58:51.000000Z","IMPC","RG",0,2180.0,1500,"YP","D","CC","D",2154321,2043063,715469
"2026-04-28T09:58:51.000000Z","2026-04-28T02:58:51.000000Z","IMPC","RG",0,2180.0,6200,"YP","D","XL","D",2154321,2045634,715470
"2026-04-28T09:58:51.000000Z","2026-04-28T02:58:51.000000Z","IMPC","RG",0,2180.0,100,"YP","D","XC","D",2154321,2047399,715471
"2026-04-28T09:58:51.000000Z","2026-04-28T02:58:51.000000Z","IMPC","RG",0,2180.0,4700,"YP","D","XL","D",2154321,2084101,715472
"2026-04-28T09:58:51.000000Z","2026-04-28T02:58:51.000000Z","IMPC","RG",0,2180.0,2100,"YP","D","BK","F",2154321,2127615,715473
"2026-04-28T09:58:51.000000Z","2026-04-28T02:58:51.000000Z","IMPC","RG",0,2180.0,1700,"YP","D","AK","F",2154321,2127672,715474
"2026-04-28T09:58:54.000000Z","2026-04-28T02:58:54.000000Z","IMPC","RG",0,2180.0,900,"XL","D","AK","F",2154952,2127672,715692
"2026-04-28T09:59:04.000000Z","2026-04-28T02:59:04.000000Z","IMPC","RG",0,2180.0,100,"--","-","--","-",0,2127672,716631
"2026-04-28T09:59:12.000000Z","2026-04-28T02:59:12.000000Z","IMPC","RG",0,2180.0,100,"GR","D","AK","F",2158919,2127672,717324
"2026-04-28T09:59:28.000000Z","2026-04-28T02:59:28.000000Z","IMPC","RG",0,2180.0,900,"XL","D","AK","F",2162381,2127672,718555
"2026-04-28T09:59:28.000000Z","2026-04-28T02:59:28.000000Z","IMPC","RG",0,2180.0,2300,"XL","D","AK","F",2162381,2131662,718556
"2026-04-28T09:59:28.000000Z","2026-04-28T02:59:28.000000Z","IMPC","RG",0,2180.0,300,"XL","D","AK","F",2162381,2135253,718557
"2026-04-28T09:59:28.000000Z","2026-04-28T02:59:28.000000Z","IMPC","RG",0,2180.0,3900,"XL","D","KI","D",2162381,2137705,718558
"2026-04-28T09:59:28.000000Z","2026-04-28T02:59:28.000000Z","IMPC","RG",0,2180.0,3600,"XL","D","AK","F",2162381,2140246,718559
"2026-04-28T09:59:28.000000Z","2026-04-28T02:59:28.000000Z","IMPC","RG",0,2180.0,200,"XL","D","AK","F",2162381,2144089,718560
"2026-04-28T09:59:28.000000Z","2026-04-28T02:59:28.000000Z","IMPC","RG",0,2180.0,3400,"XL","D","AK","F",2162381,2152256,718561
"2026-04-28T09:59:28.000000Z","2026-04-28T02:59:28.000000Z","IMPC","RG",0,2180.0,700,"XL","D","CP","D",2162381,2157959,718562
"2026-04-28T09:59:28.000000Z","2026-04-28T02:59:28.000000Z","IMPC","RG",0,2180.0,2200,"XL","D","BK","F",2162381,2158265,718563
"2026-04-28T09:59:28.000000Z","2026-04-28T02:59:28.000000Z","IMPC","RG",0,2180.0,3000,"XL","D","AK","F",2162381,2158981,718564
"2026-04-28T09:59:28.000000Z","2026-04-28T02:59:28.000000Z","IMPC","RG",0,2180.0,3100,"XL","D","XL","D",2162381,2160238,718565
"2026-04-28T09:59:28.000000Z","2026-04-28T02:59:28.000000Z","IMPC","RG",0,2180.0,3700,"XL","D","AK","F",2162381,2162408,718576
"2026-04-28T09:59:48.000000Z","2026-04-28T02:59:48.000000Z","IMPC","RG",0,2180.0,2700,"XL","D","AK","F",2162381,2166720,720136
"2026-04-28T09:59:48.000000Z","2026-04-28T02:59:48.000000Z","IMPC","RG",0,2180.0,2300,"ZP","F","AK","F",2162473,2166720,720137
"2026-04-28T10:00:03.000000Z","2026-04-28T03:00:03.000000Z","IMPC","RG",0,2190.0,100,"--","-","--","-",0,1244545,721363
"2026-04-28T10:00:04.000000Z","2026-04-28T03:00:04.000000Z","IMPC","RG",0,2180.0,300,"--","-","--","-",2162473,0,721499
"2026-04-28T10:00:34.000000Z","2026-04-28T03:00:34.000000Z","IMPC","RG",0,2180.0,500,"ZP","F","XL","D",2162473,2178648,724033
"2026-04-28T10:01:00.000000Z","2026-04-28T03:01:00.000000Z","IMPC","RG",0,2180.0,800,"ZP","F","YB","D",2162473,2184774,726322
"2026-04-28T10:01:00.000000Z","2026-04-28T03:01:00.000000Z","IMPC","RG",0,2180.0,200,"CC","F","YB","D",2162833,2184774,726323
"2026-04-28T10:01:10.000000Z","2026-04-28T03:01:10.000000Z","IMPC","RG",0,2180.0,1000,"--","-","--","-",2162833,0,727158
"2026-04-28T10:01:11.000000Z","2026-04-28T03:01:11.000000Z","IMPC","RG",0,2180.0,3000,"CC","F","ZP","D",2162833,2187319,727297
"2026-04-28T10:01:11.000000Z","2026-04-28T03:01:11.000000Z","IMPC","RG",0,2180.0,2000,"XL","D","ZP","D",2168445,2187319,727298
"2026-04-28T10:01:25.000000Z","2026-04-28T03:01:25.000000Z","IMPC","RG",0,2180.0,1000,"XL","D","XL","D",2168445,2190262,728605
"2026-04-28T10:01:35.000000Z","2026-04-28T03:01:35.000000Z","IMPC","RG",0,2180.0,34200,"XL","D","PD","D",2168445,2192572,729392
"2026-04-28T10:01:35.000000Z","2026-04-28T03:01:35.000000Z","IMPC","RG",0,2180.0,10900,"XL","D","AK","F",2168445,2192592,729396
"2026-04-28T10:01:35.000000Z","2026-04-28T03:01:35.000000Z","IMPC","RG",0,2180.0,7800,"XL","D","AK","F",2184534,2192592,729397
"2026-04-28T10:01:58.000000Z","2026-04-28T03:01:58.000000Z","IMPC","RG",0,2180.0,1000,"XL","D","AK","F",2198167,2198183,731287
"2026-04-28T10:02:07.000000Z","2026-04-28T03:02:07.000000Z","IMPC","RG",0,2180.0,1000,"AK","F","YB","D",2200326,2200299,731880
"2026-04-28T10:02:16.000000Z","2026-04-28T03:02:16.000000Z","IMPC","RG",0,2180.0,1000,"--","-","--","-",2200513,0,732639
"2026-04-28T10:02:41.000000Z","2026-04-28T03:02:41.000000Z","IMPC","RG",0,2180.0,600,"CC","F","CC","D",2201334,2208781,735129
"2026-04-28T10:02:41.000000Z","2026-04-28T03:02:41.000000Z","IMPC","RG",0,2180.0,100,"XL","D","CC","D",2207536,2208781,735130
"2026-04-28T10:02:41.000000Z","2026-04-28T03:02:41.000000Z","IMPC","RG",0,2180.0,1800,"AK","F","CC","D",2208794,2208781,735139
"2026-04-28T10:02:43.000000Z","2026-04-28T03:02:43.000000Z","IMPC","RG",0,2180.0,2500,"AK","F","XL","D",2209301,2209282,735242
"2026-04-28T10:02:59.000000Z","2026-04-28T03:02:59.000000Z","IMPC","RG",0,2180.0,2000,"AK","F","XL","D",2213230,2213214,736562
"2026-04-28T10:03:01.000000Z","2026-04-28T03:03:01.000000Z","IMPC","RG",0,2180.0,200,"AK","F","XA","D",2213968,2213956,736849
"2026-04-28T10:03:34.000000Z","2026-04-28T03:03:34.000000Z","IMPC","RG",0,2170.0,3400,"YP","D","AK","F",2150041,2221795,740669
"2026-04-28T10:03:34.000000Z","2026-04-28T03:03:34.000000Z","IMPC","RG",0,2170.0,400,"YP","D","AK","F",2150041,2221796,740670
"2026-04-28T10:04:05.000000Z","2026-04-28T03:04:05.000000Z","IMPC","RG",0,2170.0,2500,"YP","D","AK","F",2150041,2229011,743821
"2026-04-28T10:04:05.000000Z","2026-04-28T03:04:05.000000Z","IMPC","RG",0,2170.0,1900,"YP","D","AK","F",2150041,2229016,743823
"2026-04-28T10:04:39.000000Z","2026-04-28T03:04:39.000000Z","IMPC","RG",0,2170.0,2000,"YP","D","AK","F",2150041,2236865,746697
"2026-04-28T10:04:51.000000Z","2026-04-28T03:04:51.000000Z","IMPC","RG",0,2170.0,200,"YP","D","XL","D",2150041,2239384,747550
"2026-04-28T10:05:01.000000Z","2026-04-28T03:05:01.000000Z","IMPC","RG",0,2170.0,4500,"--","-","--","-",2150041,0,748464
"2026-04-28T10:05:22.000000Z","2026-04-28T03:05:22.000000Z","IMPC","RG",0,2170.0,1700,"YP","D","CC","D",2150041,2246856,750258
"2026-04-28T10:05:22.000000Z","2026-04-28T03:05:22.000000Z","IMPC","RG",0,2170.0,300,"YP","D","LG","D",2150041,2246905,750276
"2026-04-28T10:05:33.000000Z","2026-04-28T03:05:33.000000Z","IMPC","RG",0,2170.0,2100,"YP","D","AK","F",2150041,2249343,751219
"2026-04-28T10:05:47.000000Z","2026-04-28T03:05:47.000000Z","IMPC","RG",0,2170.0,3300,"YP","D","AK","F",2150041,2252502,752492
"2026-04-28T10:06:09.000000Z","2026-04-28T03:06:09.000000Z","IMPC","RG",0,2170.0,600,"YP","D","KK","D",2150041,2257450,754484
"2026-04-28T10:06:09.000000Z","2026-04-28T03:06:09.000000Z","IMPC","RG",0,2170.0,1500,"YP","D","AK","F",2150041,2257497,754499
"2026-04-28T10:06:19.000000Z","2026-04-28T03:06:19.000000Z","IMPC","RG",0,2170.0,1000,"YP","D","AK","F",2150041,2259815,755248
"2026-04-28T10:06:19.000000Z","2026-04-28T03:06:19.000000Z","IMPC","RG",0,2170.0,1900,"YP","D","AK","F",2150041,2259818,755250
"2026-04-28T10:06:46.000000Z","2026-04-28T03:06:46.000000Z","IMPC","RG",0,2170.0,2300,"YP","D","XL","D",2150041,2265774,757623
"2026-04-28T10:06:46.000000Z","2026-04-28T03:06:46.000000Z","IMPC","RG",0,2170.0,400,"YP","D","AK","F",2150041,2265817,757630
"2026-04-28T10:06:46.000000Z","2026-04-28T03:06:46.000000Z","IMPC","RG",0,2170.0,3400,"YP","D","AK","F",2150041,2265820,757631
"2026-04-28T10:07:00.000000Z","2026-04-28T03:07:00.000000Z","IMPC","RG",0,2170.0,2000,"YP","D","BK","F",2150041,2268804,759051
"2026-04-28T10:07:10.000000Z","2026-04-28T03:07:10.000000Z","IMPC","RG",0,2170.0,3500,"YP","D","AK","F",2150041,2271122,760022
"2026-04-28T10:07:41.000000Z","2026-04-28T03:07:41.000000Z","IMPC","RG",0,2170.0,3000,"YP","D","AK","F",2150041,2278228,763187
"2026-04-28T10:08:01.000000Z","2026-04-28T03:08:01.000000Z","IMPC","RG",0,2170.0,3100,"YP","D","AK","F",2150041,2282797,764864
"2026-04-28T10:08:11.000000Z","2026-04-28T03:08:11.000000Z","IMPC","RG",0,2170.0,1400,"YP","D","XC","D",2150041,2285128,765763
"2026-04-28T10:08:19.000000Z","2026-04-28T03:08:19.000000Z","IMPC","RG",0,2170.0,3600,"--","-","--","-",2150041,0,766378
"2026-04-28T10:08:19.000000Z","2026-04-28T03:08:19.000000Z","IMPC","RG",0,2170.0,3900,"--","-","--","-",2192951,0,766379
"2026-04-28T10:08:19.000000Z","2026-04-28T03:08:19.000000Z","IMPC","RG",0,2170.0,100,"--","-","--","-",2201150,0,766380
"2026-04-28T10:08:19.000000Z","2026-04-28T03:08:19.000000Z","IMPC","RG",0,2170.0,24800,"--","-","--","-",2209767,0,766381
"2026-04-28T10:08:19.000000Z","2026-04-28T03:08:19.000000Z","IMPC","RG",0,2170.0,300,"--","-","--","-",2218826,0,766382
"2026-04-28T10:08:19.000000Z","2026-04-28T03:08:19.000000Z","IMPC","RG",0,2170.0,500,"--","-","--","-",2233324,0,766383
"2026-04-28T10:08:19.000000Z","2026-04-28T03:08:19.000000Z","IMPC","RG",0,2170.0,2000,"--","-","--","-",2242970,0,766384
"2026-04-28T10:08:19.000000Z","2026-04-28T03:08:19.000000Z","IMPC","RG",0,2170.0,4700,"--","-","--","-",2263198,0,766385
"2026-04-28T10:08:19.000000Z","2026-04-28T03:08:19.000000Z","IMPC","RG",0,2170.0,18200,"--","-","--","-",2265837,0,766386
"2026-04-28T10:08:19.000000Z","2026-04-28T03:08:19.000000Z","IMPC","RG",0,2170.0,2000,"--","-","--","-",2286539,0,766387
"2026-04-28T10:08:19.000000Z","2026-04-28T03:08:19.000000Z","IMPC","RG",0,2170.0,17800,"--","-","--","-",0,2286612,766392
"2026-04-28T10:08:33.000000Z","2026-04-28T03:08:33.000000Z","IMPC","RG",0,2160.0,2000,"AK","F","AK","F",2127238,2289870,767696
"2026-04-28T10:08:33.000000Z","2026-04-28T03:08:33.000000Z","IMPC","RG",0,2160.0,100,"AK","F","AK","F",2127238,2289871,767697
"2026-04-28T10:08:33.000000Z","2026-04-28T03:08:33.000000Z","IMPC","RG",0,2160.0,3700,"AK","F","AK","F",2127238,2289880,767698
"2026-04-28T10:09:08.000000Z","2026-04-28T03:09:08.000000Z","IMPC","RG",0,2160.0,1000,"AK","F","AK","F",2127238,2297545,770547
"2026-04-28T10:09:08.000000Z","2026-04-28T03:09:08.000000Z","IMPC","RG",0,2160.0,2300,"AK","F","AK","F",2127238,2297549,770550
"2026-04-28T10:09:20.000000Z","2026-04-28T03:09:20.000000Z","IMPC","RG",0,2160.0,2200,"AK","F","BK","F",2127238,2300154,771752
"2026-04-28T10:09:40.000000Z","2026-04-28T03:09:40.000000Z","IMPC","RG",0,2160.0,3300,"AK","F","AK","F",2127238,2304612,773939
"2026-04-28T10:09:40.000000Z","2026-04-28T03:09:40.000000Z","IMPC","RG",0,2160.0,1000,"AK","F","AK","F",2127238,2304617,773940
"2026-04-28T10:10:11.000000Z","2026-04-28T03:10:11.000000Z","IMPC","RG",0,2160.0,3700,"AK","F","AK","F",2127238,2311313,777553
"2026-04-28T10:10:14.000000Z","2026-04-28T03:10:14.000000Z","IMPC","RG",0,2160.0,7900,"AK","F","XL","D",2127238,2312079,777861
"2026-04-28T10:10:14.000000Z","2026-04-28T03:10:14.000000Z","IMPC","RG",0,2160.0,100,"XL","D","XL","D",2132834,2312079,777862
"2026-04-28T10:10:14.000000Z","2026-04-28T03:10:14.000000Z","IMPC","RG",0,2160.0,2500,"CC","D","XL","D",2161689,2312079,777863
"2026-04-28T10:10:29.000000Z","2026-04-28T03:10:29.000000Z","IMPC","RG",0,2170.0,1000,"PD","D","XL","D",2315490,2286612,779881
"2026-04-28T10:10:35.000000Z","2026-04-28T03:10:35.000000Z","IMPC","RG",0,2160.0,500,"CC","D","XL","D",2161689,2316805,780502
"2026-04-28T10:10:43.000000Z","2026-04-28T03:10:43.000000Z","IMPC","RG",0,2160.0,200,"CC","D","XL","D",2161689,2318625,781350
"2026-04-28T10:10:58.000000Z","2026-04-28T03:10:58.000000Z","IMPC","RG",0,2160.0,3300,"CC","D","AK","F",2161689,2322207,783086
"2026-04-28T10:11:44.000000Z","2026-04-28T03:11:44.000000Z","IMPC","RG",0,2160.0,2000,"CC","D","AK","F",2161689,2334221,788843
"2026-04-28T10:11:44.000000Z","2026-04-28T03:11:44.000000Z","IMPC","RG",0,2160.0,1100,"CC","D","AK","F",2161689,2334228,788845
"2026-04-28T10:12:06.000000Z","2026-04-28T03:12:06.000000Z","IMPC","RG",0,2160.0,2300,"CC","D","BK","F",2161689,2340349,791277
"2026-04-28T10:12:28.000000Z","2026-04-28T03:12:28.000000Z","IMPC","RG",0,2160.0,300,"CC","D","AK","F",2161689,2345112,793141
"2026-04-28T10:12:28.000000Z","2026-04-28T03:12:28.000000Z","IMPC","RG",0,2160.0,3400,"CC","D","AK","F",2161689,2345118,793152
"2026-04-28T10:13:03.000000Z","2026-04-28T03:13:03.000000Z","IMPC","RG",0,2160.0,200,"CC","D","AK","F",2161689,2352896,796564
"2026-04-28T10:13:03.000000Z","2026-04-28T03:13:03.000000Z","IMPC","RG",0,2160.0,3400,"CC","D","AK","F",2161689,2352903,796569
"2026-04-28T10:13:07.000000Z","2026-04-28T03:13:07.000000Z","IMPC","RG",0,2160.0,500,"CC","D","PD","D",2161689,2353772,796918
"2026-04-28T10:13:46.000000Z","2026-04-28T03:13:46.000000Z","IMPC","RG",0,2160.0,2600,"CC","D","AK","F",2161689,2362260,800239
"2026-04-28T10:13:46.000000Z","2026-04-28T03:13:46.000000Z","IMPC","RG",0,2160.0,600,"CC","D","AK","F",2161689,2362266,800241
"2026-04-28T10:14:26.000000Z","2026-04-28T03:14:26.000000Z","IMPC","RG",0,2160.0,2300,"CC","D","AK","F",2161689,2372801,805674
"2026-04-28T10:14:26.000000Z","2026-04-28T03:14:26.000000Z","IMPC","RG",0,2160.0,1500,"CC","D","AK","F",2161689,2372809,805677
"2026-04-28T10:15:08.000000Z","2026-04-28T03:15:08.000000Z","IMPC","RG",0,2160.0,2300,"CC","D","BK","F",2161689,2383368,810938
"2026-04-28T10:15:09.000000Z","2026-04-28T03:15:09.000000Z","IMPC","RG",0,2160.0,1100,"CC","D","AK","F",2161689,2383444,810972
"2026-04-28T10:15:09.000000Z","2026-04-28T03:15:09.000000Z","IMPC","RG",0,2160.0,2400,"CC","D","AK","F",2161689,2383449,810975
"2026-04-28T10:15:13.000000Z","2026-04-28T03:15:13.000000Z","IMPC","RG",0,2170.0,100,"XL","D","XL","D",2384623,2286612,811475
"2026-04-28T10:15:26.000000Z","2026-04-28T03:15:26.000000Z","IMPC","RG",0,2160.0,17500,"--","-","--","-",2161689,0,812894
"2026-04-28T10:15:26.000000Z","2026-04-28T03:15:26.000000Z","IMPC","RG",0,2160.0,900,"--","-","--","-",2189441,0,812895
"2026-04-28T10:15:26.000000Z","2026-04-28T03:15:26.000000Z","IMPC","RG",0,2160.0,100,"--","-","--","-",2208404,0,812896
"2026-04-28T10:15:26.000000Z","2026-04-28T03:15:26.000000Z","IMPC","RG",0,2160.0,300,"--","-","--","-",2220845,0,812897
"2026-04-28T10:15:26.000000Z","2026-04-28T03:15:26.000000Z","IMPC","RG",0,2160.0,30400,"--","-","--","-",2286846,0,812898
"2026-04-28T10:15:47.000000Z","2026-04-28T03:15:47.000000Z","IMPC","RG",0,2160.0,1800,"CC","F","AK","F",2286846,2392546,814999
"2026-04-28T10:16:02.000000Z","2026-04-28T03:16:02.000000Z","IMPC","RG",0,2160.0,3300,"--","-","--","-",2286846,0,816734
"2026-04-28T10:16:24.000000Z","2026-04-28T03:16:24.000000Z","IMPC","RG",0,2160.0,200,"CC","F","AK","F",2286846,2401144,819187
"2026-04-28T10:16:24.000000Z","2026-04-28T03:16:24.000000Z","IMPC","RG",0,2160.0,3700,"ZP","F","AK","F",2286952,2401144,819188
"2026-04-28T10:16:24.000000Z","2026-04-28T03:16:24.000000Z","IMPC","RG",0,2160.0,2000,"XL","D","AK","F",2296362,2401144,819189
"2026-04-28T10:16:24.000000Z","2026-04-28T03:16:24.000000Z","IMPC","RG",0,2160.0,400,"XC","D","AK","F",2313305,2401144,819190
"2026-04-28T10:16:24.000000Z","2026-04-28T03:16:24.000000Z","IMPC","RG",0,2160.0,200,"XL","D","AK","F",2340488,2401144,819191
"2026-04-28T10:16:26.000000Z","2026-04-28T03:16:26.000000Z","IMPC","RG",0,2160.0,300,"--","-","--","-",2340488,0,819412
"2026-04-28T10:16:26.000000Z","2026-04-28T03:16:26.000000Z","IMPC","RG",0,2160.0,900,"--","-","--","-",2359919,0,819413
"2026-04-28T10:16:26.000000Z","2026-04-28T03:16:26.000000Z","IMPC","RG",0,2160.0,500,"--","-","--","-",2379670,0,819414
"2026-04-28T10:16:26.000000Z","2026-04-28T03:16:26.000000Z","IMPC","RG",0,2160.0,1000,"--","-","--","-",2388917,0,819415
"2026-04-28T10:16:31.000000Z","2026-04-28T03:16:31.000000Z","IMPC","RG",0,2160.0,4000,"YP","D","AK","F",2388917,2402706,819954
"2026-04-28T10:16:56.000000Z","2026-04-28T03:16:56.000000Z","IMPC","RG",0,2150.0,3200,"YP","D","AK","F",1637798,2408668,824563
"2026-04-28T10:16:56.000000Z","2026-04-28T03:16:56.000000Z","IMPC","RG",0,2150.0,1200,"YP","D","AK","F",1637798,2408669,824564
"2026-04-28T10:16:56.000000Z","2026-04-28T03:16:56.000000Z","IMPC","RG",0,2150.0,3100,"YP","D","AK","F",1637798,2408683,824565
"2026-04-28T10:17:24.000000Z","2026-04-28T03:17:24.000000Z","IMPC","RG",0,2150.0,100,"--","-","--","-",1637798,0,828370
"2026-04-28T10:17:33.000000Z","2026-04-28T03:17:33.000000Z","IMPC","RG",0,2150.0,1000,"--","-","--","-",1637798,0,829352
"2026-04-28T10:17:49.000000Z","2026-04-28T03:17:49.000000Z","IMPC","RG",0,2150.0,900,"--","-","--","-",1637798,0,831221
"2026-04-28T10:17:49.000000Z","2026-04-28T03:17:49.000000Z","IMPC","RG",0,2150.0,1000,"--","-","--","-",1639837,0,831222
"2026-04-28T10:17:49.000000Z","2026-04-28T03:17:49.000000Z","IMPC","RG",0,2150.0,1200,"--","-","--","-",1646751,0,831223
"2026-04-28T10:17:49.000000Z","2026-04-28T03:17:49.000000Z","IMPC","RG",0,2150.0,100,"--","-","--","-",1654994,0,831224
"2026-04-28T10:18:16.000000Z","2026-04-28T03:18:16.000000Z","IMPC","RG",0,2150.0,1900,"CC","D","BK","F",1654994,2427919,834102
"2026-04-28T10:18:17.000000Z","2026-04-28T03:18:17.000000Z","IMPC","RG",0,2150.0,2400,"CC","D","AK","F",1654994,2427976,834123
"2026-04-28T10:18:17.000000Z","2026-04-28T03:18:17.000000Z","IMPC","RG",0,2150.0,500,"XL","D","AK","F",1656244,2427976,834124
"2026-04-28T10:18:17.000000Z","2026-04-28T03:18:17.000000Z","IMPC","RG",0,2150.0,200,"XL","D","AK","F",1690514,2427976,834125
"2026-04-28T10:18:48.000000Z","2026-04-28T03:18:48.000000Z","IMPC","RG",0,2150.0,300,"XL","D","AK","F",1698270,2435186,838214
"2026-04-28T10:18:48.000000Z","2026-04-28T03:18:48.000000Z","IMPC","RG",0,2150.0,100,"XL","D","AK","F",1699374,2435190,838215
"2026-04-28T10:18:48.000000Z","2026-04-28T03:18:48.000000Z","IMPC","RG",0,2150.0,2000,"XL","D","AK","F",1701734,2435190,838216
"2026-04-28T10:19:13.000000Z","2026-04-28T03:19:13.000000Z","IMPC","RG",0,2150.0,2600,"XL","D","AK","F",1701734,2441273,841595
"2026-04-28T10:19:13.000000Z","2026-04-28T03:19:13.000000Z","IMPC","RG",0,2150.0,500,"YP","D","AK","F",1706838,2441273,841596
"2026-04-28T10:19:43.000000Z","2026-04-28T03:19:43.000000Z","IMPC","RG",0,2150.0,3400,"YP","D","AK","F",1706838,2448048,844913
"2026-04-28T10:20:20.000000Z","2026-04-28T03:20:20.000000Z","IMPC","RG",0,2150.0,1100,"YP","D","AK","F",1706838,2456042,848908
"2026-04-28T10:20:20.000000Z","2026-04-28T03:20:20.000000Z","IMPC","RG",0,2150.0,2200,"CC","D","AK","F",1707885,2456042,848909
"2026-04-28T10:20:53.000000Z","2026-04-28T03:20:53.000000Z","IMPC","RG",0,2150.0,2300,"CC","D","BK","F",1707885,2463289,851986
"2026-04-28T10:21:06.000000Z","2026-04-28T03:21:06.000000Z","IMPC","RG",0,2150.0,500,"CC","D","AK","F",1707885,2467138,854324
"2026-04-28T10:21:06.000000Z","2026-04-28T03:21:06.000000Z","IMPC","RG",0,2150.0,3900,"XL","D","AK","F",1724925,2467138,854325
"2026-04-28T10:21:31.000000Z","2026-04-28T03:21:31.000000Z","IMPC","RG",0,2150.0,1100,"XL","D","PD","D",1724925,2473652,857848
"2026-04-28T10:21:31.000000Z","2026-04-28T03:21:31.000000Z","IMPC","RG",0,2150.0,100,"XL","D","PD","D",1725503,2473652,857849
"2026-04-28T10:21:31.000000Z","2026-04-28T03:21:31.000000Z","IMPC","RG",0,2150.0,400,"XC","D","PD","D",1738078,2473652,857850
"2026-04-28T10:21:44.000000Z","2026-04-28T03:21:44.000000Z","IMPC","RG",0,2160.0,3000,"AK","F","BK","F",2476934,2406073,859573
"2026-04-28T10:21:44.000000Z","2026-04-28T03:21:44.000000Z","IMPC","RG",0,2160.0,13000,"AK","F","BK","F",2476934,2406098,859574
"2026-04-28T10:21:44.000000Z","2026-04-28T03:21:44.000000Z","IMPC","RG",0,2160.0,3500,"AK","F","AK","F",2476934,2408662,859575
"2026-04-28T10:21:44.000000Z","2026-04-28T03:21:44.000000Z","IMPC","RG",0,2160.0,3100,"AK","F","AK","F",2476934,2408663,859576
"2026-04-28T10:21:44.000000Z","2026-04-28T03:21:44.000000Z","IMPC","RG",0,2160.0,300,"AK","F","AK","F",2476934,2408664,859577
"2026-04-28T10:21:44.000000Z","2026-04-28T03:21:44.000000Z","IMPC","RG",0,2160.0,200,"AK","F","AK","F",2476934,2408670,859578
"2026-04-28T10:21:44.000000Z","2026-04-28T03:21:44.000000Z","IMPC","RG",0,2160.0,200,"AK","F","AK","F",2476934,2408671,859579
"2026-04-28T10:21:44.000000Z","2026-04-28T03:21:44.000000Z","IMPC","RG",0,2160.0,300,"AK","F","AK","F",2476934,2408672,859580
"2026-04-28T10:21:44.000000Z","2026-04-28T03:21:44.000000Z","IMPC","RG",0,2160.0,100,"AK","F","AK","F",2476934,2408673,859581
"2026-04-28T10:21:44.000000Z","2026-04-28T03:21:44.000000Z","IMPC","RG",0,2160.0,200,"AK","F","AK","F",2476934,2408674,859582
"2026-04-28T10:21:44.000000Z","2026-04-28T03:21:44.000000Z","IMPC","RG",0,2160.0,200,"AK","F","AK","F",2476934,2408675,859583
"2026-04-28T10:21:44.000000Z","2026-04-28T03:21:44.000000Z","IMPC","RG",0,2160.0,200,"AK","F","AK","F",2476934,2408676,859584
"2026-04-28T10:21:44.000000Z","2026-04-28T03:21:44.000000Z","IMPC","RG",0,2160.0,200,"AK","F","AK","F",2476934,2408677,859585
"2026-04-28T10:21:44.000000Z","2026-04-28T03:21:44.000000Z","IMPC","RG",0,2160.0,200,"AK","F","AK","F",2476934,2408678,859586
"2026-04-28T10:21:44.000000Z","2026-04-28T03:21:44.000000Z","IMPC","RG",0,2160.0,200,"AK","F","AK","F",2476934,2408679,859587
"2026-04-28T10:21:44.000000Z","2026-04-28T03:21:44.000000Z","IMPC","RG",0,2160.0,200,"AK","F","AK","F",2476934,2408680,859588
"2026-04-28T10:21:44.000000Z","2026-04-28T03:21:44.000000Z","IMPC","RG",0,2160.0,4800,"AK","F","AK","F",2476934,2408682,859589
"2026-04-28T10:21:44.000000Z","2026-04-28T03:21:44.000000Z","IMPC","RG",0,2160.0,1700,"AK","F","AK","F",2476934,2408684,859590
"2026-04-28T10:21:44.000000Z","2026-04-28T03:21:44.000000Z","IMPC","RG",0,2160.0,3700,"AK","F","AK","F",2476934,2414962,859591
"2026-04-28T10:21:44.000000Z","2026-04-28T03:21:44.000000Z","IMPC","RG",0,2160.0,700,"AK","F","AK","F",2476934,2424106,859592
"2026-04-28T10:21:44.000000Z","2026-04-28T03:21:44.000000Z","IMPC","RG",0,2160.0,17000,"AK","F","XL","D",2476934,2425894,859593
"2026-04-28T10:21:44.000000Z","2026-04-28T03:21:44.000000Z","IMPC","RG",0,2160.0,200,"AK","F","AK","F",2476934,2427048,859594
"2026-04-28T10:21:44.000000Z","2026-04-28T03:21:44.000000Z","IMPC","RG",0,2160.0,200,"AK","F","AK","F",2476934,2430287,859595
"2026-04-28T10:21:44.000000Z","2026-04-28T03:21:44.000000Z","IMPC","RG",0,2160.0,3200,"AK","F","AK","F",2476934,2432775,859596
"2026-04-28T10:21:44.000000Z","2026-04-28T03:21:44.000000Z","IMPC","RG",0,2160.0,600,"AK","F","AK","F",2476934,2452840,859597
"2026-04-28T10:21:44.000000Z","2026-04-28T03:21:44.000000Z","IMPC","RG",0,2160.0,500,"AK","F","CC","D",2476934,2461750,859598
"2026-04-28T10:21:44.000000Z","2026-04-28T03:21:44.000000Z","IMPC","RG",0,2160.0,300,"AK","F","AK","F",2476934,2470202,859599
"2026-04-28T10:21:44.000000Z","2026-04-28T03:21:44.000000Z","IMPC","RG",0,2160.0,600,"AK","F","AK","F",2476934,2476308,859600
"2026-04-28T10:21:44.000000Z","2026-04-28T03:21:44.000000Z","IMPC","RG",0,2160.0,5600,"AK","F","AK","F",2476986,2476997,859651
"2026-04-28T10:21:44.000000Z","2026-04-28T03:21:44.000000Z","IMPC","RG",0,2160.0,300,"AK","F","AK","F",2477031,2476997,859666
"2026-04-28T10:22:03.000000Z","2026-04-28T03:22:03.000000Z","IMPC","RG",0,2170.0,21000,"AK","F","XL","D",2482167,2286612,862276
"2026-04-28T10:22:03.000000Z","2026-04-28T03:22:03.000000Z","IMPC","RG",0,2170.0,3800,"AK","F","BK","F",2482167,2287066,862277
"2026-04-28T10:22:03.000000Z","2026-04-28T03:22:03.000000Z","IMPC","RG",0,2170.0,25000,"AK","F","CP","D",2482167,2308285,862278
"2026-04-28T10:22:03.000000Z","2026-04-28T03:22:03.000000Z","IMPC","RG",0,2170.0,3800,"AK","F","CP","D",2482167,2309614,862279
"2026-04-28T10:22:03.000000Z","2026-04-28T03:22:03.000000Z","IMPC","RG",0,2170.0,79400,"AK","F","YU","F",2482167,2310247,862280
"2026-04-28T10:22:03.000000Z","2026-04-28T03:22:03.000000Z","IMPC","RG",0,2170.0,700,"AK","F","XL","D",2482167,2377417,862281
"2026-04-28T10:22:03.000000Z","2026-04-28T03:22:03.000000Z","IMPC","RG",0,2170.0,10800,"AK","F","KI","D",2482167,2396794,862282
"2026-04-28T10:22:03.000000Z","2026-04-28T03:22:03.000000Z","IMPC","RG",0,2170.0,13500,"AK","F","KI","D",2482167,2403567,862283
"2026-04-28T10:22:03.000000Z","2026-04-28T03:22:03.000000Z","IMPC","RG",0,2170.0,11700,"AK","F","KI","D",2482167,2414015,862284
"2026-04-28T10:22:03.000000Z","2026-04-28T03:22:03.000000Z","IMPC","RG",0,2170.0,9100,"AK","F","KI","D",2482167,2421065,862285
"2026-04-28T10:22:03.000000Z","2026-04-28T03:22:03.000000Z","IMPC","RG",0,2170.0,7600,"AK","F","KI","D",2482167,2424666,862286
"2026-04-28T10:22:03.000000Z","2026-04-28T03:22:03.000000Z","IMPC","RG",0,2170.0,3700,"AK","F","AK","F",2482167,2477047,862287
"2026-04-28T10:23:03.000000Z","2026-04-28T03:23:03.000000Z","IMPC","RG",0,2180.0,500,"--","-","--","-",0,2291540,871615
"2026-04-28T10:23:03.000000Z","2026-04-28T03:23:03.000000Z","IMPC","RG",0,2180.0,200,"--","-","--","-",0,2293378,871616
"2026-04-28T10:23:05.000000Z","2026-04-28T03:23:05.000000Z","IMPC","RG",0,2180.0,1000,"--","-","--","-",0,2293378,871780
"2026-04-28T10:23:51.000000Z","2026-04-28T03:23:51.000000Z","IMPC","RG",0,2170.0,1000,"HD","F","XL","D",2482168,2508985,875300
"2026-04-28T10:24:32.000000Z","2026-04-28T03:24:32.000000Z","IMPC","RG",0,2170.0,2700,"HD","F","OD","D",2482168,2516909,878045
"2026-04-28T10:24:32.000000Z","2026-04-28T03:24:32.000000Z","IMPC","RG",0,2170.0,3700,"ZP","F","OD","D",2482373,2516909,878046
"2026-04-28T10:24:32.000000Z","2026-04-28T03:24:32.000000Z","IMPC","RG",0,2170.0,3600,"CC","F","OD","D",2484714,2516909,878047
"2026-04-28T10:24:36.000000Z","2026-04-28T03:24:36.000000Z","IMPC","RG",0,2170.0,4200,"--","-","--","-",2484714,0,878322
"2026-04-28T10:24:37.000000Z","2026-04-28T03:24:37.000000Z","IMPC","RG",0,2170.0,2300,"--","-","--","-",2484714,0,878528
"2026-04-28T10:26:49.000000Z","2026-04-28T03:26:49.000000Z","IMPC","RG",0,2170.0,500,"CC","F","AK","F",2484714,2542985,888979
"2026-04-28T10:26:49.000000Z","2026-04-28T03:26:49.000000Z","IMPC","RG",0,2170.0,2900,"CC","F","AK","F",2484714,2542987,888980
"2026-04-28T10:27:15.000000Z","2026-04-28T03:27:15.000000Z","IMPC","RG",0,2180.0,100,"XC","D","HD","F",2547870,2293378,890806
"2026-04-28T10:27:16.000000Z","2026-04-28T03:27:16.000000Z","IMPC","RG",0,2170.0,4200,"CC","F","XL","D",2484714,2547988,890840
"2026-04-28T10:27:27.000000Z","2026-04-28T03:27:27.000000Z","IMPC","RG",0,2170.0,100,"CC","F","AK","F",2484714,2550078,891791
"2026-04-28T10:27:27.000000Z","2026-04-28T03:27:27.000000Z","IMPC","RG",0,2170.0,3000,"CC","F","AK","F",2484714,2550082,891797
"2026-04-28T10:28:02.000000Z","2026-04-28T03:28:02.000000Z","IMPC","RG",0,2170.0,400,"CC","F","AK","F",2484714,2556931,895921
"2026-04-28T10:28:02.000000Z","2026-04-28T03:28:02.000000Z","IMPC","RG",0,2170.0,3300,"CC","F","AK","F",2484714,2556951,895925
"2026-04-28T10:28:39.000000Z","2026-04-28T03:28:39.000000Z","IMPC","RG",0,2170.0,3100,"CC","F","AK","F",2484714,2564209,899428
"2026-04-28T10:28:39.000000Z","2026-04-28T03:28:39.000000Z","IMPC","RG",0,2170.0,200,"CC","F","AK","F",2484714,2564210,899429
"2026-04-28T10:28:58.000000Z","2026-04-28T03:28:58.000000Z","IMPC","RG",0,2170.0,700,"--","-","--","-",2484714,0,900722
"2026-04-28T10:29:19.000000Z","2026-04-28T03:29:19.000000Z","IMPC","RG",0,2170.0,3100,"CC","F","AK","F",2484714,2572240,903585
"2026-04-28T10:29:54.000000Z","2026-04-28T03:29:54.000000Z","IMPC","RG",0,2170.0,3200,"CC","F","AK","F",2484714,2579229,906217
"2026-04-28T10:29:54.000000Z","2026-04-28T03:29:54.000000Z","IMPC","RG",0,2170.0,100,"CC","F","AK","F",2484714,2579230,906218
"2026-04-28T10:30:29.000000Z","2026-04-28T03:30:29.000000Z","IMPC","RG",0,2170.0,35100,"CC","F","XL","D",2484714,2585729,908975
"2026-04-28T10:30:29.000000Z","2026-04-28T03:30:29.000000Z","IMPC","RG",0,2170.0,1300,"ZP","F","XL","D",2484786,2585729,908976
"2026-04-28T10:30:29.000000Z","2026-04-28T03:30:29.000000Z","IMPC","RG",0,2170.0,2600,"ZP","F","AK","F",2484786,2585739,908979
"2026-04-28T10:30:29.000000Z","2026-04-28T03:30:29.000000Z","IMPC","RG",0,2170.0,200,"XL","D","AK","F",2496908,2585739,908980
"2026-04-28T10:30:29.000000Z","2026-04-28T03:30:29.000000Z","IMPC","RG",0,2170.0,100,"XC","D","AK","F",2513459,2585739,908981
"2026-04-28T10:30:29.000000Z","2026-04-28T03:30:29.000000Z","IMPC","RG",0,2170.0,1900,"XL","D","AK","F",2519067,2585739,908982
"2026-04-28T10:30:29.000000Z","2026-04-28T03:30:29.000000Z","IMPC","RG",0,2170.0,100,"SQ","D","AK","F",2547992,2585739,908983
"2026-04-28T10:30:29.000000Z","2026-04-28T03:30:29.000000Z","IMPC","RG",0,2170.0,100,"CP","D","AK","F",2562237,2585739,908984
"2026-04-28T10:30:29.000000Z","2026-04-28T03:30:29.000000Z","IMPC","RG",0,2170.0,4700,"XL","D","AK","F",2582766,2585739,908985
"2026-04-28T10:30:43.000000Z","2026-04-28T03:30:43.000000Z","IMPC","RG",0,2160.0,3400,"HD","F","AK","F",2484833,2588240,909687
"2026-04-28T10:30:43.000000Z","2026-04-28T03:30:43.000000Z","IMPC","RG",0,2160.0,2600,"HD","F","AK","F",2484833,2588248,909688
"2026-04-28T10:31:03.000000Z","2026-04-28T03:31:03.000000Z","IMPC","RG",0,2170.0,3600,"XL","D","AK","F",2591640,2585768,910849
"2026-04-28T10:31:03.000000Z","2026-04-28T03:31:03.000000Z","IMPC","RG",0,2170.0,500,"XL","D","BK","F",2591640,2586121,910850
"2026-04-28T10:31:48.000000Z","2026-04-28T03:31:48.000000Z","IMPC","RG",0,2160.0,2100,"HD","F","XL","D",2484833,2599871,914209
"2026-04-28T10:32:19.000000Z","2026-04-28T03:32:19.000000Z","IMPC","RG",0,2160.0,1500,"HD","F","AK","F",2484833,2606247,917136
"2026-04-28T10:32:19.000000Z","2026-04-28T03:32:19.000000Z","IMPC","RG",0,2160.0,2100,"HD","F","AK","F",2484833,2606250,917137
"2026-04-28T10:32:59.000000Z","2026-04-28T03:32:59.000000Z","IMPC","RG",0,2160.0,1500,"HD","F","AK","F",2484833,2614609,920269
"2026-04-28T10:33:00.000000Z","2026-04-28T03:33:00.000000Z","IMPC","RG",0,2170.0,100,"XL","D","BK","F",2614893,2586121,920472
"2026-04-28T10:33:15.000000Z","2026-04-28T03:33:15.000000Z","IMPC","RG",0,2160.0,1100,"HD","F","AK","F",2484833,2617767,921700
"2026-04-28T10:33:15.000000Z","2026-04-28T03:33:15.000000Z","IMPC","RG",0,2160.0,200,"XL","D","AK","F",2529145,2617767,921701
"2026-04-28T10:33:15.000000Z","2026-04-28T03:33:15.000000Z","IMPC","RG",0,2160.0,300,"XL","D","AK","F",2529145,2617768,921702
"2026-04-28T10:33:15.000000Z","2026-04-28T03:33:15.000000Z","IMPC","RG",0,2160.0,900,"XL","D","AK","F",2536091,2617768,921703
"2026-04-28T10:33:15.000000Z","2026-04-28T03:33:15.000000Z","IMPC","RG",0,2160.0,500,"XL","D","AK","F",2567803,2617768,921704
"2026-04-28T10:33:15.000000Z","2026-04-28T03:33:15.000000Z","IMPC","RG",0,2160.0,100,"CC","D","AK","F",2574242,2617768,921705
"2026-04-28T10:33:15.000000Z","2026-04-28T03:33:15.000000Z","IMPC","RG",0,2160.0,600,"CC","F","AK","F",2589118,2617768,921706
"2026-04-28T10:33:30.000000Z","2026-04-28T03:33:30.000000Z","IMPC","RG",0,2160.0,400,"--","-","--","-",2589118,0,922610
"2026-04-28T10:33:55.000000Z","2026-04-28T03:33:55.000000Z","IMPC","RG",0,2160.0,1300,"XL","D","AK","F",2610874,2625485,924680
"2026-04-28T10:33:55.000000Z","2026-04-28T03:33:55.000000Z","IMPC","RG",0,2160.0,1000,"XL","D","AK","F",2610874,2625486,924681
"2026-04-28T10:33:55.000000Z","2026-04-28T03:33:55.000000Z","IMPC","RG",0,2160.0,100,"YP","D","AK","F",2611515,2625486,924682
"2026-04-28T10:33:55.000000Z","2026-04-28T03:33:55.000000Z","IMPC","RG",0,2160.0,100,"CC","F","AK","F",2621935,2625486,924683
"2026-04-28T10:34:27.000000Z","2026-04-28T03:34:27.000000Z","IMPC","RG",0,2160.0,3700,"--","-","--","-",2621935,0,926680
"2026-04-28T10:34:28.000000Z","2026-04-28T03:34:28.000000Z","IMPC","RG",0,2160.0,600,"--","-","--","-",2621935,0,926754
"2026-04-28T10:34:32.000000Z","2026-04-28T03:34:32.000000Z","IMPC","RG",0,2160.0,2000,"--","-","--","-",2621935,0,926993
"2026-04-28T10:34:43.000000Z","2026-04-28T03:34:43.000000Z","IMPC","RG",0,2160.0,300,"--","-","--","-",2621935,0,927678
"2026-04-28T10:35:09.000000Z","2026-04-28T03:35:09.000000Z","IMPC","RG",0,2160.0,3100,"--","-","--","-",2621935,0,929497
"2026-04-28T10:35:37.000000Z","2026-04-28T03:35:37.000000Z","IMPC","RG",0,2160.0,500,"CC","F","XL","D",2621935,2645258,931535
"2026-04-28T10:35:48.000000Z","2026-04-28T03:35:48.000000Z","IMPC","RG",0,2170.0,400,"XL","D","BK","F",2647316,2586121,932221
"2026-04-28T10:35:58.000000Z","2026-04-28T03:35:58.000000Z","IMPC","RG",0,2160.0,3600,"--","-","--","-",2621935,0,932696
"2026-04-28T10:36:43.000000Z","2026-04-28T03:36:43.000000Z","IMPC","RG",0,2160.0,3500,"CC","F","AK","F",2621935,2656795,935544
"2026-04-28T10:37:30.000000Z","2026-04-28T03:37:30.000000Z","IMPC","RG",0,2160.0,3200,"CC","F","AK","F",2621935,2665539,938707
"2026-04-28T10:37:54.000000Z","2026-04-28T03:37:54.000000Z","IMPC","RG",0,2160.0,1000,"--","-","--","-",2621935,0,940463
"2026-04-28T10:38:01.000000Z","2026-04-28T03:38:01.000000Z","IMPC","RG",0,2160.0,2200,"--","-","--","-",2621935,0,940914
"2026-04-28T10:38:12.000000Z","2026-04-28T03:38:12.000000Z","IMPC","RG",0,2160.0,3100,"--","-","--","-",2621935,0,941494
"2026-04-28T10:38:52.000000Z","2026-04-28T03:38:52.000000Z","IMPC","RG",0,2160.0,3700,"CC","F","AK","F",2621935,2680996,944034
"2026-04-28T10:39:40.000000Z","2026-04-28T03:39:40.000000Z","IMPC","RG",0,2160.0,3800,"CC","F","AK","F",2621935,2690007,947944
"2026-04-28T10:40:28.000000Z","2026-04-28T03:40:28.000000Z","IMPC","RG",0,2170.0,1100,"XL","D","BK","F",2698562,2586121,951165
"2026-04-28T10:40:28.000000Z","2026-04-28T03:40:28.000000Z","IMPC","RG",0,2170.0,100,"XL","D","BK","F",2698562,2586501,951166
"2026-04-28T10:40:28.000000Z","2026-04-28T03:40:28.000000Z","IMPC","RG",0,2170.0,200,"XL","D","AK","F",2698562,2588232,951167
"2026-04-28T10:40:28.000000Z","2026-04-28T03:40:28.000000Z","IMPC","RG",0,2170.0,200,"XL","D","AK","F",2698562,2588234,951168
"2026-04-28T10:40:28.000000Z","2026-04-28T03:40:28.000000Z","IMPC","RG",0,2170.0,200,"XL","D","AK","F",2698562,2588235,951169
"2026-04-28T10:40:28.000000Z","2026-04-28T03:40:28.000000Z","IMPC","RG",0,2170.0,600,"XL","D","AK","F",2698562,2588241,951170
"2026-04-28T10:40:28.000000Z","2026-04-28T03:40:28.000000Z","IMPC","RG",0,2160.0,200,"CC","F","AK","F",2621935,2698646,951180
"2026-04-28T10:40:28.000000Z","2026-04-28T03:40:28.000000Z","IMPC","RG",0,2160.0,3500,"CC","F","AK","F",2621935,2698648,951181
"2026-04-28T10:41:08.000000Z","2026-04-28T03:41:08.000000Z","IMPC","RG",0,2170.0,500,"CC","D","AK","F",2705774,2588242,955057
"2026-04-28T10:41:08.000000Z","2026-04-28T03:41:08.000000Z","IMPC","RG",0,2170.0,600,"CC","D","AK","F",2705774,2588243,955058
"2026-04-28T10:41:08.000000Z","2026-04-28T03:41:08.000000Z","IMPC","RG",0,2170.0,600,"CC","D","AK","F",2705774,2588244,955059
"2026-04-28T10:41:08.000000Z","2026-04-28T03:41:08.000000Z","IMPC","RG",0,2170.0,300,"CC","D","AK","F",2705774,2588246,955060
"2026-04-28T10:41:08.000000Z","2026-04-28T03:41:08.000000Z","IMPC","RG",0,2170.0,900,"CC","D","AK","F",2705774,2588250,955061
"2026-04-28T10:41:08.000000Z","2026-04-28T03:41:08.000000Z","IMPC","RG",0,2170.0,200,"CC","D","AK","F",2705774,2698645,955062
"2026-04-28T10:41:08.000000Z","2026-04-28T03:41:08.000000Z","IMPC","RG",0,2170.0,600,"CC","D","AK","F",2705774,2597003,955063
"2026-04-28T10:41:08.000000Z","2026-04-28T03:41:08.000000Z","IMPC","RG",0,2170.0,200,"CC","D","AK","F",2705774,2601857,955064
"2026-04-28T10:41:08.000000Z","2026-04-28T03:41:08.000000Z","IMPC","RG",0,2170.0,3200,"CC","D","AK","F",2705774,2601858,955065
"2026-04-28T10:41:08.000000Z","2026-04-28T03:41:08.000000Z","IMPC","RG",0,2170.0,200,"CC","D","AK","F",2705774,2604034,955066
"2026-04-28T10:41:08.000000Z","2026-04-28T03:41:08.000000Z","IMPC","RG",0,2170.0,1600,"CC","D","ZP","F",2705774,2606723,955067
"2026-04-28T10:41:08.000000Z","2026-04-28T03:41:08.000000Z","IMPC","RG",0,2170.0,3100,"CC","D","AK","F",2705774,2612616,955068
"2026-04-28T10:41:08.000000Z","2026-04-28T03:41:08.000000Z","IMPC","RG",0,2170.0,600,"CC","D","AK","F",2705774,2620511,955069
"2026-04-28T10:41:08.000000Z","2026-04-28T03:41:08.000000Z","IMPC","RG",0,2170.0,3400,"CC","D","AK","F",2705774,2622939,955070
"2026-04-28T10:41:08.000000Z","2026-04-28T03:41:08.000000Z","IMPC","RG",0,2170.0,2100,"CC","D","BK","F",2705774,2624390,955071
"2026-04-28T10:41:08.000000Z","2026-04-28T03:41:08.000000Z","IMPC","RG",0,2170.0,300,"CC","D","AK","F",2705774,2644844,955072
"2026-04-28T10:41:08.000000Z","2026-04-28T03:41:08.000000Z","IMPC","RG",0,2170.0,500,"CC","D","AK","F",2705774,2645322,955073
"2026-04-28T10:41:08.000000Z","2026-04-28T03:41:08.000000Z","IMPC","RG",0,2170.0,500,"CC","D","AK","F",2705774,2665540,955074
"2026-04-28T10:41:08.000000Z","2026-04-28T03:41:08.000000Z","IMPC","RG",0,2170.0,200,"CC","D","AK","F",2705774,2668782,955075
"2026-04-28T10:41:08.000000Z","2026-04-28T03:41:08.000000Z","IMPC","RG",0,2170.0,600,"CC","D","AK","F",2705774,2683655,955076
"2026-04-28T10:41:08.000000Z","2026-04-28T03:41:08.000000Z","IMPC","RG",0,2170.0,3100,"CC","D","AK","F",2705774,2689958,955077
"2026-04-28T10:41:08.000000Z","2026-04-28T03:41:08.000000Z","IMPC","RG",0,2170.0,3700,"CC","D","AK","F",2705774,2695481,955078
"2026-04-28T10:41:08.000000Z","2026-04-28T03:41:08.000000Z","IMPC","RG",0,2170.0,300,"CC","D","AK","F",2705774,2698603,955079
"2026-04-28T10:41:08.000000Z","2026-04-28T03:41:08.000000Z","IMPC","RG",0,2170.0,600,"CC","D","AK","F",2705774,2702555,955080
"2026-04-28T10:41:08.000000Z","2026-04-28T03:41:08.000000Z","IMPC","RG",0,2170.0,2100,"CC","D","AK","F",2705774,2704239,955081
"2026-04-28T10:41:44.000000Z","2026-04-28T03:41:44.000000Z","IMPC","RG",0,2170.0,1100,"XL","D","AK","F",2712403,2704239,958193
"2026-04-28T10:41:44.000000Z","2026-04-28T03:41:44.000000Z","IMPC","RG",0,2170.0,600,"XL","D","AK","F",2712403,2705790,958194
"2026-04-28T10:41:44.000000Z","2026-04-28T03:41:44.000000Z","IMPC","RG",0,2170.0,800,"XL","D","AK","F",2712403,2705792,958195
"2026-04-28T10:42:01.000000Z","2026-04-28T03:42:01.000000Z","IMPC","RG",0,2170.0,600,"XL","D","AK","F",2715475,2705792,959430
"2026-04-28T10:42:03.000000Z","2026-04-28T03:42:03.000000Z","IMPC","RG",0,2170.0,100,"CC","D","AK","F",2715877,2705792,959564
"2026-04-28T10:43:38.000000Z","2026-04-28T03:43:38.000000Z","IMPC","RG",0,2170.0,2600,"XL","D","AK","F",2734239,2705792,966173
"2026-04-28T10:43:38.000000Z","2026-04-28T03:43:38.000000Z","IMPC","RG",0,2170.0,2100,"XL","D","BK","F",2734239,2706225,966174
"2026-04-28T10:43:38.000000Z","2026-04-28T03:43:38.000000Z","IMPC","RG",0,2170.0,3600,"XL","D","AK","F",2734239,2712424,966175
"2026-04-28T10:43:38.000000Z","2026-04-28T03:43:38.000000Z","IMPC","RG",0,2170.0,500,"XL","D","YP","D",2734239,2721961,966176
"2026-04-28T10:43:38.000000Z","2026-04-28T03:43:38.000000Z","IMPC","RG",0,2170.0,100,"XL","D","HD","F",2734239,2721962,966177
"2026-04-28T10:43:38.000000Z","2026-04-28T03:43:38.000000Z","IMPC","RG",0,2170.0,100,"XL","D","AK","F",2734313,2722025,966197
"2026-04-28T10:43:56.000000Z","2026-04-28T03:43:56.000000Z","IMPC","RG",0,2170.0,100,"XL","D","AK","F",2736991,2722025,967198
"2026-04-28T10:45:07.000000Z","2026-04-28T03:45:07.000000Z","IMPC","RG",0,2160.0,7300,"CC","F","AK","F",2621935,2749002,971970
"2026-04-28T10:45:07.000000Z","2026-04-28T03:45:07.000000Z","IMPC","RG",0,2160.0,900,"CC","F","AK","F",2621935,2749012,971972
"2026-04-28T10:45:15.000000Z","2026-04-28T03:45:15.000000Z","IMPC","RG",0,2160.0,11700,"CC","F","KI","D",2621935,2750498,972503
"2026-04-28T10:45:36.000000Z","2026-04-28T03:45:36.000000Z","IMPC","RG",0,2160.0,8700,"PD","D","XL","D",2627680,2754154,973929
"2026-04-28T10:45:37.000000Z","2026-04-28T03:45:37.000000Z","IMPC","RG",0,2160.0,1300,"PD","D","AK","F",2627680,2754335,974007
"2026-04-28T10:45:37.000000Z","2026-04-28T03:45:37.000000Z","IMPC","RG",0,2160.0,600,"XL","D","AK","F",2645786,2754335,974008
"2026-04-28T10:45:38.000000Z","2026-04-28T03:45:38.000000Z","IMPC","RG",0,2160.0,400,"XL","D","XL","D",2645786,2754561,974105
"2026-04-28T10:45:38.000000Z","2026-04-28T03:45:38.000000Z","IMPC","RG",0,2160.0,3600,"ZP","F","XL","D",2653811,2754561,974106
"2026-04-28T10:45:38.000000Z","2026-04-28T03:45:38.000000Z","IMPC","RG",0,2160.0,3800,"ZP","F","XL","D",2653917,2754561,974107
"2026-04-28T10:45:38.000000Z","2026-04-28T03:45:38.000000Z","IMPC","RG",0,2160.0,200,"XL","D","XL","D",2660907,2754561,974108
"2026-04-28T10:45:38.000000Z","2026-04-28T03:45:38.000000Z","IMPC","RG",0,2160.0,500,"YP","D","XL","D",2663389,2754561,974109
"2026-04-28T10:45:38.000000Z","2026-04-28T03:45:38.000000Z","IMPC","RG",0,2160.0,300,"XL","D","XL","D",2681422,2754561,974110
"2026-04-28T10:45:38.000000Z","2026-04-28T03:45:38.000000Z","IMPC","RG",0,2160.0,100,"XL","D","XL","D",2717843,2754561,974111
"2026-04-28T10:45:38.000000Z","2026-04-28T03:45:38.000000Z","IMPC","RG",0,2160.0,100,"CP","D","XL","D",2748994,2754561,974112
"2026-04-28T10:45:38.000000Z","2026-04-28T03:45:38.000000Z","IMPC","RG",0,2160.0,100,"CP","D","XL","D",2749010,2754561,974113
"2026-04-28T10:46:38.000000Z","2026-04-28T03:46:38.000000Z","IMPC","RG",0,2160.0,100,"XL","D","XL","D",2764945,2754561,977678
"2026-04-28T10:46:40.000000Z","2026-04-28T03:46:40.000000Z","IMPC","RG",0,2160.0,500,"XL","D","XL","D",2765426,2754561,977840
"2026-04-28T10:46:46.000000Z","2026-04-28T03:46:46.000000Z","IMPC","RG",0,2150.0,2400,"XL","D","XL","D",1758448,2766262,978105
"2026-04-28T10:46:46.000000Z","2026-04-28T03:46:46.000000Z","IMPC","RG",0,2150.0,1000,"XL","D","XL","D",1767797,2766262,978106
"2026-04-28T10:46:46.000000Z","2026-04-28T03:46:46.000000Z","IMPC","RG",0,2150.0,500,"XL","D","XL","D",1824751,2766262,978107
"2026-04-28T10:46:46.000000Z","2026-04-28T03:46:46.000000Z","IMPC","RG",0,2150.0,300,"YP","D","XL","D",1829746,2766262,978108
"2026-04-28T10:46:46.000000Z","2026-04-28T03:46:46.000000Z","IMPC","RG",0,2150.0,500,"CC","D","XL","D",1848305,2766262,978109
"2026-04-28T10:46:46.000000Z","2026-04-28T03:46:46.000000Z","IMPC","RG",0,2150.0,500,"XL","D","XL","D",1852703,2766262,978110
"2026-04-28T10:46:46.000000Z","2026-04-28T03:46:46.000000Z","IMPC","RG",0,2150.0,500,"XL","D","XL","D",1864137,2766262,978111
"2026-04-28T10:46:46.000000Z","2026-04-28T03:46:46.000000Z","IMPC","RG",0,2150.0,100,"XC","D","XL","D",1883668,2766262,978112
"2026-04-28T10:46:46.000000Z","2026-04-28T03:46:46.000000Z","IMPC","RG",0,2150.0,1000,"CC","D","XL","D",1905555,2766262,978113
"2026-04-28T10:46:46.000000Z","2026-04-28T03:46:46.000000Z","IMPC","RG",0,2150.0,500,"XL","D","XL","D",1946960,2766262,978114
"2026-04-28T10:46:46.000000Z","2026-04-28T03:46:46.000000Z","IMPC","RG",0,2150.0,2000,"XL","D","XL","D",2014212,2766262,978115
"2026-04-28T10:46:46.000000Z","2026-04-28T03:46:46.000000Z","IMPC","RG",0,2150.0,4500,"XL","D","XL","D",2050830,2766262,978116
"2026-04-28T10:48:22.000000Z","2026-04-28T03:48:22.000000Z","IMPC","RG",0,2150.0,200,"--","-","--","-",2050830,0,984242
"2026-04-28T10:48:22.000000Z","2026-04-28T03:48:22.000000Z","IMPC","RG",0,2150.0,3100,"--","-","--","-",2050830,0,984243
"2026-04-28T10:49:01.000000Z","2026-04-28T03:49:01.000000Z","IMPC","RG",0,2160.0,1000,"XL","D","AK","F",2788351,2754584,986378
"2026-04-28T10:49:08.000000Z","2026-04-28T03:49:08.000000Z","IMPC","RG",0,2150.0,2100,"XL","D","BK","F",2050830,2789374,986708
"2026-04-28T10:49:28.000000Z","2026-04-28T03:49:28.000000Z","IMPC","RG",0,2150.0,3100,"XL","D","AK","F",2050830,2792250,987788
"2026-04-28T10:49:28.000000Z","2026-04-28T03:49:28.000000Z","IMPC","RG",0,2150.0,100,"XL","D","AK","F",2050830,2792251,987789
"2026-04-28T10:49:29.000000Z","2026-04-28T03:49:29.000000Z","IMPC","RG",0,2160.0,13100,"XL","D","AK","F",2792338,2754584,987848
"2026-04-28T10:49:29.000000Z","2026-04-28T03:49:29.000000Z","IMPC","RG",0,2160.0,1500,"XL","D","BK","F",2792338,2754927,987849
"2026-04-28T10:50:34.000000Z","2026-04-28T03:50:34.000000Z","IMPC","RG",0,2150.0,1400,"XL","D","AK","F",2050830,2802358,991025
"2026-04-28T10:50:34.000000Z","2026-04-28T03:50:34.000000Z","IMPC","RG",0,2150.0,2000,"XL","D","AK","F",2125613,2802358,991026
"2026-04-28T10:51:10.000000Z","2026-04-28T03:51:10.000000Z","IMPC","RG",0,2160.0,500,"PD","D","BK","F",2807718,2754927,993715
"2026-04-28T10:51:10.000000Z","2026-04-28T03:51:10.000000Z","IMPC","RG",0,2160.0,200,"PD","D","AK","F",2807718,2756897,993716
"2026-04-28T10:51:10.000000Z","2026-04-28T03:51:10.000000Z","IMPC","RG",0,2160.0,1600,"PD","D","AK","F",2807718,2802356,993717
"2026-04-28T10:51:10.000000Z","2026-04-28T03:51:10.000000Z","IMPC","RG",0,2160.0,200,"PD","D","AK","F",2807718,2765008,993718
"2026-04-28T10:51:10.000000Z","2026-04-28T03:51:10.000000Z","IMPC","RG",0,2160.0,2500,"PD","D","AK","F",2807718,2765010,993719
"2026-04-28T10:51:11.000000Z","2026-04-28T03:51:11.000000Z","IMPC","RG",0,2160.0,900,"CC","F","AK","F",2807815,2765010,993793
"2026-04-28T10:51:11.000000Z","2026-04-28T03:51:11.000000Z","IMPC","RG",0,2160.0,3400,"CC","F","AK","F",2807815,2777731,993794
"2026-04-28T10:51:11.000000Z","2026-04-28T03:51:11.000000Z","IMPC","RG",0,2160.0,900,"CC","F","AK","F",2807815,2778175,993795
"2026-04-28T10:51:11.000000Z","2026-04-28T03:51:11.000000Z","IMPC","RG",0,2160.0,3300,"CC","F","AK","F",2807815,2789417,993796
"2026-04-28T10:51:11.000000Z","2026-04-28T03:51:11.000000Z","IMPC","RG",0,2160.0,600,"CC","F","AK","F",2807815,2793849,993797
"2026-04-28T10:51:11.000000Z","2026-04-28T03:51:11.000000Z","IMPC","RG",0,2160.0,3700,"CC","F","AK","F",2807815,2799559,993798
"2026-04-28T10:51:11.000000Z","2026-04-28T03:51:11.000000Z","IMPC","RG",0,2160.0,6600,"CC","F","XL","D",2807815,2800845,993799
"2026-04-28T10:51:11.000000Z","2026-04-28T03:51:11.000000Z","IMPC","RG",0,2160.0,1900,"CC","F","BK","F",2807815,2807807,993800
"2026-04-28T10:52:05.000000Z","2026-04-28T03:52:05.000000Z","IMPC","RG",0,2170.0,3200,"AK","F","HD","F",2817812,2738088,998169
"2026-04-28T10:52:05.000000Z","2026-04-28T03:52:05.000000Z","IMPC","RG",0,2170.0,23500,"AK","F","KI","D",2817812,2740618,998170
"2026-04-28T10:52:05.000000Z","2026-04-28T03:52:05.000000Z","IMPC","RG",0,2170.0,10800,"AK","F","KI","D",2817812,2746825,998171
"2026-04-28T10:52:05.000000Z","2026-04-28T03:52:05.000000Z","IMPC","RG",0,2170.0,14400,"AK","F","KI","D",2817812,2748342,998172
"2026-04-28T10:52:05.000000Z","2026-04-28T03:52:05.000000Z","IMPC","RG",0,2170.0,9100,"AK","F","KI","D",2817812,2753394,998173
"2026-04-28T10:52:05.000000Z","2026-04-28T03:52:05.000000Z","IMPC","RG",0,2170.0,2100,"AK","F","ZP","F",2817812,2754521,998174
"2026-04-28T10:52:05.000000Z","2026-04-28T03:52:05.000000Z","IMPC","RG",0,2170.0,7600,"AK","F","KI","D",2817812,2754845,998175
"2026-04-28T10:52:05.000000Z","2026-04-28T03:52:05.000000Z","IMPC","RG",0,2170.0,4700,"AK","F","AK","F",2817812,2807836,998176
"2026-04-28T10:52:05.000000Z","2026-04-28T03:52:05.000000Z","IMPC","RG",0,2170.0,6600,"AK","F","XL","D",2817812,2811104,998177
"2026-04-28T10:52:05.000000Z","2026-04-28T03:52:05.000000Z","IMPC","RG",0,2170.0,2200,"AK","F","BK","F",2817812,2815916,998178
"2026-04-28T10:52:05.000000Z","2026-04-28T03:52:05.000000Z","IMPC","RG",0,2170.0,3800,"AK","F","AK","F",2817843,2817831,998180
"2026-04-28T10:52:17.000000Z","2026-04-28T03:52:17.000000Z","IMPC","RG",0,2160.0,25100,"--","-","--","-",2810891,0,999192
"2026-04-28T10:52:17.000000Z","2026-04-28T03:52:17.000000Z","IMPC","RG",0,2160.0,400,"--","-","--","-",2811028,0,999193
"2026-04-28T10:52:17.000000Z","2026-04-28T03:52:17.000000Z","IMPC","RG",0,2160.0,4700,"--","-","--","-",2812708,0,999194
"2026-04-28T10:52:17.000000Z","2026-04-28T03:52:17.000000Z","IMPC","RG",0,2160.0,10000,"--","-","--","-",2812737,0,999195
"2026-04-28T10:52:17.000000Z","2026-04-28T03:52:17.000000Z","IMPC","RG",0,2160.0,600,"--","-","--","-",2813235,0,999196
"2026-04-28T10:52:17.000000Z","2026-04-28T03:52:17.000000Z","IMPC","RG",0,2160.0,1500,"--","-","--","-",2813657,0,999197
"2026-04-28T10:52:17.000000Z","2026-04-28T03:52:17.000000Z","IMPC","RG",0,2160.0,3900,"--","-","--","-",2813715,0,999198
"2026-04-28T10:52:17.000000Z","2026-04-28T03:52:17.000000Z","IMPC","RG",0,2160.0,100,"--","-","--","-",2815034,0,999199
"2026-04-28T10:52:17.000000Z","2026-04-28T03:52:17.000000Z","IMPC","RG",0,2160.0,3700,"--","-","--","-",2816048,0,999200
"2026-04-28T10:53:00.000000Z","2026-04-28T03:53:00.000000Z","IMPC","RG",0,2170.0,6000,"CC","F","CP","D",2828181,2828169,1003043
"2026-04-28T10:53:33.000000Z","2026-04-28T03:53:33.000000Z","IMPC","RG",0,2170.0,1400,"XL","D","YP","D",2832274,2835077,1005864
"2026-04-28T10:53:33.000000Z","2026-04-28T03:53:33.000000Z","IMPC","RG",0,2170.0,1100,"CC","F","YP","D",2832925,2835077,1005865
"2026-04-28T10:53:49.000000Z","2026-04-28T03:53:49.000000Z","IMPC","RG",0,2170.0,200,"--","-","--","-",2832925,0,1008484
"2026-04-28T10:54:04.000000Z","2026-04-28T03:54:04.000000Z","IMPC","RG",0,2180.0,4200,"AK","F","HD","F",2842034,2293378,1010431
"2026-04-28T10:54:04.000000Z","2026-04-28T03:54:04.000000Z","IMPC","RG",0,2180.0,4600,"AK","F","XL","D",2842034,2460953,1010432
"2026-04-28T10:54:04.000000Z","2026-04-28T03:54:04.000000Z","IMPC","RG",0,2180.0,200,"AK","F","XL","D",2842034,2524964,1010433
"2026-04-28T10:54:04.000000Z","2026-04-28T03:54:04.000000Z","IMPC","RG",0,2180.0,1500,"AK","F","ZP","F",2842034,2554711,1010434
"2026-04-28T10:54:04.000000Z","2026-04-28T03:54:04.000000Z","IMPC","RG",0,2180.0,500,"AK","F","XA","D",2842034,2556885,1010435
"2026-04-28T10:54:04.000000Z","2026-04-28T03:54:04.000000Z","IMPC","RG",0,2180.0,1400,"AK","F","ZP","F",2842034,2561485,1010436
"2026-04-28T10:54:04.000000Z","2026-04-28T03:54:04.000000Z","IMPC","RG",0,2180.0,2000,"AK","F","TP","D",2842034,2598351,1010437
"2026-04-28T10:54:04.000000Z","2026-04-28T03:54:04.000000Z","IMPC","RG",0,2180.0,200,"AK","F","XC","D",2842034,2630855,1010438
"2026-04-28T10:54:04.000000Z","2026-04-28T03:54:04.000000Z","IMPC","RG",0,2180.0,200,"AK","F","AZ","D",2842034,2669701,1010439
"2026-04-28T10:54:04.000000Z","2026-04-28T03:54:04.000000Z","IMPC","RG",0,2180.0,2500,"AK","F","YP","D",2842034,2732078,1010440
"2026-04-28T10:54:04.000000Z","2026-04-28T03:54:04.000000Z","IMPC","RG",0,2180.0,12900,"AK","F","KI","D",2842034,2735004,1010441
"2026-04-28T10:54:04.000000Z","2026-04-28T03:54:04.000000Z","IMPC","RG",0,2180.0,3000,"AK","F","PD","D",2842034,2745458,1010442
"2026-04-28T10:54:04.000000Z","2026-04-28T03:54:04.000000Z","IMPC","RG",0,2180.0,200,"AK","F","AK","F",2842034,2822678,1010443
"2026-04-28T10:54:04.000000Z","2026-04-28T03:54:04.000000Z","IMPC","RG",0,2180.0,200,"AK","F","AK","F",2842034,2822679,1010444
"2026-04-28T10:54:04.000000Z","2026-04-28T03:54:04.000000Z","IMPC","RG",0,2180.0,500,"AK","F","AK","F",2842034,2824702,1010445
"2026-04-28T10:54:04.000000Z","2026-04-28T03:54:04.000000Z","IMPC","RG",0,2180.0,3300,"AK","F","AK","F",2842034,2826946,1010446
"2026-04-28T10:54:04.000000Z","2026-04-28T03:54:04.000000Z","IMPC","RG",0,2180.0,96200,"AK","F","XC","D",2842034,2830515,1010447
"2026-04-28T10:54:04.000000Z","2026-04-28T03:54:04.000000Z","IMPC","RG",0,2180.0,3300,"AK","F","AK","F",2842099,2842078,1010484
"2026-04-28T10:54:31.000000Z","2026-04-28T03:54:31.000000Z","IMPC","RG",0,2180.0,100,"XL","D","XL","D",2844908,2847469,1013021
"2026-04-28T10:54:46.000000Z","2026-04-28T03:54:46.000000Z","IMPC","RG",0,2180.0,2000,"XL","D","CC","D",2844908,2850731,1014568
"2026-04-28T10:55:55.000000Z","2026-04-28T03:55:55.000000Z","IMPC","RG",0,2180.0,2500,"XL","D","XL","D",2844908,2866440,1025876
"2026-04-28T10:56:21.000000Z","2026-04-28T03:56:21.000000Z","IMPC","RG",0,2190.0,1300,"--","-","--","-",0,1244545,1028403
"2026-04-28T10:56:21.000000Z","2026-04-28T03:56:21.000000Z","IMPC","RG",0,2190.0,6500,"--","-","--","-",0,1524839,1028404
"2026-04-28T10:56:43.000000Z","2026-04-28T03:56:43.000000Z","IMPC","RG",0,2190.0,1000,"--","-","--","-",0,1524839,1030662
"2026-04-28T10:56:43.000000Z","2026-04-28T03:56:43.000000Z","IMPC","RG",0,2190.0,10000,"--","-","--","-",0,1674389,1030663
"2026-04-28T10:56:43.000000Z","2026-04-28T03:56:43.000000Z","IMPC","RG",0,2190.0,9000,"--","-","--","-",0,1703064,1030664
"2026-04-28T10:56:54.000000Z","2026-04-28T03:56:54.000000Z","IMPC","RG",0,2190.0,3300,"--","-","--","-",0,1703064,1031902
"2026-04-28T10:57:29.000000Z","2026-04-28T03:57:29.000000Z","IMPC","RG",0,2180.0,10000,"--","-","--","-",2844908,0,1036629
"2026-04-28T10:57:55.000000Z","2026-04-28T03:57:55.000000Z","IMPC","RG",0,2180.0,100,"XL","D","KK","D",2844908,2894658,1039865
"2026-04-28T10:58:00.000000Z","2026-04-28T03:58:00.000000Z","IMPC","RG",0,2190.0,2800,"--","-","--","-",0,1703064,1040338
"2026-04-28T10:58:00.000000Z","2026-04-28T03:58:00.000000Z","IMPC","RG",0,2190.0,7200,"--","-","--","-",0,1724739,1040339
"2026-04-28T10:59:41.000000Z","2026-04-28T03:59:41.000000Z","IMPC","RG",0,2190.0,2500,"XL","D","KI","D",2918356,1724739,1049073
"2026-04-28T10:59:41.000000Z","2026-04-28T03:59:41.000000Z","IMPC","RG",0,2190.0,100,"XL","D","PD","D",2918356,1726655,1049074
"2026-04-28T10:59:41.000000Z","2026-04-28T03:59:41.000000Z","IMPC","RG",0,2190.0,700,"XL","D","XL","D",2918356,1934283,1049075
"2026-04-28T10:59:41.000000Z","2026-04-28T03:59:41.000000Z","IMPC","RG",0,2190.0,5500,"XL","D","XL","D",2918356,1943279,1049076
"2026-04-28T10:59:41.000000Z","2026-04-28T03:59:41.000000Z","IMPC","RG",0,2190.0,3300,"XL","D","XL","D",2918356,1956163,1049077
"2026-04-28T11:00:05.000000Z","2026-04-28T04:00:05.000000Z","IMPC","RG",0,2190.0,1700,"XL","D","XL","D",2923706,1956163,1050592
"2026-04-28T11:00:05.000000Z","2026-04-28T04:00:05.000000Z","IMPC","RG",0,2190.0,7900,"XL","D","XL","D",2923706,1987109,1050593
"2026-04-28T11:00:05.000000Z","2026-04-28T04:00:05.000000Z","IMPC","RG",0,2190.0,200,"XL","D","KK","D",2923706,2047135,1050594
"2026-04-28T11:00:05.000000Z","2026-04-28T04:00:05.000000Z","IMPC","RG",0,2190.0,200,"XL","D","XL","D",2923706,2243848,1050595
"2026-04-28T11:00:29.000000Z","2026-04-28T04:00:29.000000Z","IMPC","RG",0,2190.0,3800,"--","-","--","-",0,2243848,1053830
"2026-04-28T11:00:29.000000Z","2026-04-28T04:00:29.000000Z","IMPC","RG",0,2190.0,600,"--","-","--","-",0,2257033,1053831
"2026-04-28T11:00:29.000000Z","2026-04-28T04:00:29.000000Z","IMPC","RG",0,2190.0,100,"--","-","--","-",0,2259466,1053832
"2026-04-28T11:00:29.000000Z","2026-04-28T04:00:29.000000Z","IMPC","RG",0,2190.0,5000,"--","-","--","-",0,2332110,1053833
"2026-04-28T11:00:29.000000Z","2026-04-28T04:00:29.000000Z","IMPC","RG",0,2190.0,1000,"--","-","--","-",0,2576579,1053834
"2026-04-28T11:00:29.000000Z","2026-04-28T04:00:29.000000Z","IMPC","RG",0,2190.0,1000,"--","-","--","-",0,2676506,1053835
"2026-04-28T11:00:29.000000Z","2026-04-28T04:00:29.000000Z","IMPC","RG",0,2190.0,4000,"--","-","--","-",0,2823226,1053836
"2026-04-28T11:00:29.000000Z","2026-04-28T04:00:29.000000Z","IMPC","RG",0,2190.0,500,"--","-","--","-",0,2847042,1053837
"2026-04-28T11:00:29.000000Z","2026-04-28T04:00:29.000000Z","IMPC","RG",0,2190.0,3800,"--","-","--","-",0,2853316,1053838
"2026-04-28T11:00:29.000000Z","2026-04-28T04:00:29.000000Z","IMPC","RG",0,2190.0,200,"--","-","--","-",0,2859934,1053839
"2026-04-28T11:01:02.000000Z","2026-04-28T04:01:02.000000Z","IMPC","RG",0,2190.0,300,"--","-","--","-",0,2859934,1057051
"2026-04-28T11:01:07.000000Z","2026-04-28T04:01:07.000000Z","IMPC","RG",0,2180.0,5300,"XL","D","AK","F",2844908,2938169,1058667
"2026-04-28T11:01:07.000000Z","2026-04-28T04:01:07.000000Z","IMPC","RG",0,2180.0,3600,"ZP","F","AK","F",2844975,2938169,1058668
"2026-04-28T11:01:07.000000Z","2026-04-28T04:01:07.000000Z","IMPC","RG",0,2180.0,1000,"XL","D","AK","F",2847022,2938169,1058669
"2026-04-28T11:01:07.000000Z","2026-04-28T04:01:07.000000Z","IMPC","RG",0,2180.0,2000,"AI","D","AK","F",2858332,2938169,1058670
"2026-04-28T11:01:07.000000Z","2026-04-28T04:01:07.000000Z","IMPC","RG",0,2180.0,1000,"CC","D","AK","F",2869952,2938169,1058671
"2026-04-28T11:01:07.000000Z","2026-04-28T04:01:07.000000Z","IMPC","RG",0,2180.0,300,"CC","D","AK","F",2879102,2938169,1058672
"2026-04-28T11:01:07.000000Z","2026-04-28T04:01:07.000000Z","IMPC","RG",0,2180.0,800,"XL","D","AK","F",2883290,2938169,1058673
"2026-04-28T11:01:07.000000Z","2026-04-28T04:01:07.000000Z","IMPC","RG",0,2180.0,27200,"BK","F","AK","F",2884335,2938169,1058674
"2026-04-28T11:01:07.000000Z","2026-04-28T04:01:07.000000Z","IMPC","RG",0,2180.0,500,"YP","D","AK","F",2890683,2938169,1058675
"2026-04-28T11:01:07.000000Z","2026-04-28T04:01:07.000000Z","IMPC","RG",0,2180.0,400,"SQ","D","AK","F",2892071,2938169,1058676
"2026-04-28T11:01:07.000000Z","2026-04-28T04:01:07.000000Z","IMPC","RG",0,2180.0,10000,"XL","D","AK","F",2895270,2938169,1058677
"2026-04-28T11:01:07.000000Z","2026-04-28T04:01:07.000000Z","IMPC","RG",0,2180.0,10000,"DR","D","AK","F",2898564,2938169,1058678
"2026-04-28T11:01:07.000000Z","2026-04-28T04:01:07.000000Z","IMPC","RG",0,2180.0,100,"ZP","F","AK","F",2919555,2938169,1058679
"2026-04-28T11:01:07.000000Z","2026-04-28T04:01:07.000000Z","IMPC","RG",0,2180.0,3700,"ZP","F","AK","F",2923835,2938169,1058680
"2026-04-28T11:01:07.000000Z","2026-04-28T04:01:07.000000Z","IMPC","RG",0,2180.0,100,"ZP","F","AK","F",2928286,2938169,1058681
"2026-04-28T11:01:07.000000Z","2026-04-28T04:01:07.000000Z","IMPC","RG",0,2180.0,500,"YP","D","AK","F",2928334,2938169,1058682
"2026-04-28T11:01:07.000000Z","2026-04-28T04:01:07.000000Z","IMPC","RG",0,2180.0,10000,"PD","D","AK","F",2929729,2938169,1058683
"2026-04-28T11:01:23.000000Z","2026-04-28T04:01:23.000000Z","IMPC","RG",0,2180.0,2000,"KK","D","CP","D",2941589,2938276,1060405
"2026-04-28T11:02:29.000000Z","2026-04-28T04:02:29.000000Z","IMPC","RG",0,2180.0,100,"XL","D","CP","D",2953420,2938276,1063792
"2026-04-28T11:02:43.000000Z","2026-04-28T04:02:43.000000Z","IMPC","RG",0,2170.0,600,"XL","D","AK","F",2838784,2955564,1064325
"2026-04-28T11:02:43.000000Z","2026-04-28T04:02:43.000000Z","IMPC","RG",0,2170.0,1900,"XL","D","AK","F",2838784,2955570,1064326
"2026-04-28T11:02:43.000000Z","2026-04-28T04:02:43.000000Z","IMPC","RG",0,2170.0,500,"YP","D","AK","F",2891606,2955570,1064327
"2026-04-28T11:02:43.000000Z","2026-04-28T04:02:43.000000Z","IMPC","RG",0,2170.0,700,"XL","D","AK","F",2895914,2955570,1064328
"2026-04-28T11:02:48.000000Z","2026-04-28T04:02:48.000000Z","IMPC","RG",0,2180.0,500,"XL","D","CP","D",2956536,2938276,1064599
"2026-04-28T11:02:58.000000Z","2026-04-28T04:02:58.000000Z","IMPC","RG",0,2170.0,2100,"XL","D","BK","F",2895914,2958322,1065167
"2026-04-28T11:04:04.000000Z","2026-04-28T04:04:04.000000Z","IMPC","RG",0,2170.0,3700,"XL","D","AK","F",2895914,2969284,1068559
"2026-04-28T11:05:23.000000Z","2026-04-28T04:05:23.000000Z","IMPC","RG",0,2170.0,2300,"XL","D","AK","F",2895914,2982553,1072608
"2026-04-28T11:05:23.000000Z","2026-04-28T04:05:23.000000Z","IMPC","RG",0,2170.0,1200,"XL","D","AK","F",2895914,2982554,1072609
"2026-04-28T11:05:24.000000Z","2026-04-28T04:05:24.000000Z","IMPC","RG",0,2180.0,2100,"CC","D","CP","D",2982760,2938276,1072669
"2026-04-28T11:05:24.000000Z","2026-04-28T04:05:24.000000Z","IMPC","RG",0,2180.0,2300,"CC","D","BK","F",2982760,2938618,1072670
"2026-04-28T11:05:24.000000Z","2026-04-28T04:05:24.000000Z","IMPC","RG",0,2180.0,500,"CC","D","AK","F",2982760,2940747,1072671
"2026-04-28T11:05:24.000000Z","2026-04-28T04:05:24.000000Z","IMPC","RG",0,2180.0,300,"CC","D","AK","F",2982760,2940748,1072672
"2026-04-28T11:05:24.000000Z","2026-04-28T04:05:24.000000Z","IMPC","RG",0,2180.0,200,"CC","D","AK","F",2982760,2940749,1072673
"2026-04-28T11:05:24.000000Z","2026-04-28T04:05:24.000000Z","IMPC","RG",0,2180.0,900,"CC","D","AK","F",2982760,2982551,1072674
"2026-04-28T11:05:24.000000Z","2026-04-28T04:05:24.000000Z","IMPC","RG",0,2180.0,800,"CC","D","AK","F",2982760,2940762,1072675
"2026-04-28T11:05:24.000000Z","2026-04-28T04:05:24.000000Z","IMPC","RG",0,2180.0,4400,"CC","D","AK","F",2982760,2940767,1072676
"2026-04-28T11:05:24.000000Z","2026-04-28T04:05:24.000000Z","IMPC","RG",0,2180.0,9500,"CC","D","YU","D",2982760,2944519,1072677
"2026-04-28T11:05:24.000000Z","2026-04-28T04:05:24.000000Z","IMPC","RG",0,2180.0,3500,"CC","D","AK","F",2982760,2948948,1072678
"2026-04-28T11:05:24.000000Z","2026-04-28T04:05:24.000000Z","IMPC","RG",0,2180.0,500,"CC","D","AK","F",2982760,2958333,1072679
"2026-04-28T11:05:24.000000Z","2026-04-28T04:05:24.000000Z","IMPC","RG",0,2180.0,12800,"CC","D","YU","F",2982760,2959055,1072680
"2026-04-28T11:05:24.000000Z","2026-04-28T04:05:24.000000Z","IMPC","RG",0,2180.0,200,"CC","D","OD","D",2982760,2960861,1072681
"2026-04-28T11:05:24.000000Z","2026-04-28T04:05:24.000000Z","IMPC","RG",0,2180.0,3700,"CC","D","AK","F",2982760,2963212,1072682
"2026-04-28T11:05:24.000000Z","2026-04-28T04:05:24.000000Z","IMPC","RG",0,2180.0,200,"CC","D","AK","F",2982760,2974493,1072683
"2026-04-28T11:05:24.000000Z","2026-04-28T04:05:24.000000Z","IMPC","RG",0,2180.0,3100,"CC","D","AK","F",2982760,2976807,1072684
"2026-04-28T11:05:24.000000Z","2026-04-28T04:05:24.000000Z","IMPC","RG",0,2180.0,500,"CC","D","AK","F",2982760,2982784,1072685
"2026-04-28T11:05:44.000000Z","2026-04-28T04:05:44.000000Z","IMPC","RG",0,2190.0,300,"XL","D","XL","D",2986184,2872609,1073715
"2026-04-28T11:05:44.000000Z","2026-04-28T04:05:44.000000Z","IMPC","RG",0,2190.0,200,"XL","D","XL","D",2986184,2887146,1073716
"2026-04-28T11:05:45.000000Z","2026-04-28T04:05:45.000000Z","IMPC","RG",0,2190.0,2300,"CC","F","XL","D",2986388,2887146,1073778
"2026-04-28T11:05:45.000000Z","2026-04-28T04:05:45.000000Z","IMPC","RG",0,2190.0,900,"CC","F","XL","D",2986388,2902177,1073779
"2026-04-28T11:05:45.000000Z","2026-04-28T04:05:45.000000Z","IMPC","RG",0,2190.0,2500,"CC","F","YP","D",2986388,2919125,1073780
"2026-04-28T11:05:45.000000Z","2026-04-28T04:05:45.000000Z","IMPC","RG",0,2190.0,200,"CC","F","XL","D",2986388,2923340,1073781
"2026-04-28T11:05:45.000000Z","2026-04-28T04:05:45.000000Z","IMPC","RG",0,2190.0,3100,"CC","F","ZP","F",2986388,2929500,1073782
"2026-04-28T11:05:45.000000Z","2026-04-28T04:05:45.000000Z","IMPC","RG",0,2190.0,1000,"CC","F","XL","D",2986388,2930170,1073783
"2026-04-28T11:05:45.000000Z","2026-04-28T04:05:45.000000Z","IMPC","RG",0,2190.0,2000,"CC","F","XL","D",2986388,2931719,1073784
"2026-04-28T11:05:45.000000Z","2026-04-28T04:05:45.000000Z","IMPC","RG",0,2190.0,500,"CC","F","CC","D",2986388,2937844,1073785
"2026-04-28T11:05:45.000000Z","2026-04-28T04:05:45.000000Z","IMPC","RG",0,2190.0,20000,"CC","F","CP","D",2986388,2938156,1073786
"2026-04-28T11:05:45.000000Z","2026-04-28T04:05:45.000000Z","IMPC","RG",0,2190.0,20000,"CC","F","CP","D",2986388,2938473,1073787
"2026-04-28T11:05:45.000000Z","2026-04-28T04:05:45.000000Z","IMPC","RG",0,2190.0,20000,"CC","F","CP","D",2986388,2938588,1073788
"2026-04-28T11:05:45.000000Z","2026-04-28T04:05:45.000000Z","IMPC","RG",0,2190.0,2000,"CC","F","YB","D",2986388,2969155,1073789
"2026-04-28T11:05:45.000000Z","2026-04-28T04:05:45.000000Z","IMPC","RG",0,2190.0,3600,"CC","F","AK","F",2986388,2982785,1073790
"2026-04-28T11:05:45.000000Z","2026-04-28T04:05:45.000000Z","IMPC","RG",0,2190.0,1900,"CC","F","BK","F",2986388,2982832,1073791
"2026-04-28T11:05:54.000000Z","2026-04-28T04:05:54.000000Z","IMPC","RG",0,2190.0,400,"BQ","D","YB","D",2987698,2987856,1074207
"2026-04-28T11:05:54.000000Z","2026-04-28T04:05:54.000000Z","IMPC","RG",0,2190.0,1600,"ZP","F","YB","D",2987776,2987856,1074208
"2026-04-28T11:06:03.000000Z","2026-04-28T04:06:03.000000Z","IMPC","RG",0,2190.0,2300,"ZP","F","XL","D",2987776,2989685,1074781
"2026-04-28T11:06:03.000000Z","2026-04-28T04:06:03.000000Z","IMPC","RG",0,2190.0,200,"ZP","F","XL","D",2987903,2989685,1074782
"2026-04-28T11:06:03.000000Z","2026-04-28T04:06:03.000000Z","IMPC","RG",0,2190.0,6900,"BK","F","XL","D",2988053,2989685,1074783
"2026-04-28T11:06:03.000000Z","2026-04-28T04:06:03.000000Z","IMPC","RG",0,2190.0,9200,"XL","D","XL","D",2989428,2989685,1074784
"2026-04-28T11:06:03.000000Z","2026-04-28T04:06:03.000000Z","IMPC","RG",0,2190.0,21400,"AK","F","XL","D",2989690,2989685,1074786
"2026-04-28T11:06:12.000000Z","2026-04-28T04:06:12.000000Z","IMPC","RG",0,2200.0,500,"XL","D","OD","D",2991142,697640,1075219
"2026-04-28T11:07:03.000000Z","2026-04-28T04:07:03.000000Z","IMPC","RG",0,2200.0,3000,"--","-","--","-",0,697640,1078404
"2026-04-28T11:07:03.000000Z","2026-04-28T04:07:03.000000Z","IMPC","RG",0,2200.0,1000,"--","-","--","-",0,709352,1078405
"2026-04-28T11:07:03.000000Z","2026-04-28T04:07:03.000000Z","IMPC","RG",0,2200.0,1300,"--","-","--","-",0,727365,1078406
"2026-04-28T11:07:03.000000Z","2026-04-28T04:07:03.000000Z","IMPC","RG",0,2200.0,5000,"--","-","--","-",0,789032,1078407
"2026-04-28T11:07:03.000000Z","2026-04-28T04:07:03.000000Z","IMPC","RG",0,2200.0,2500,"--","-","--","-",0,861406,1078408
"2026-04-28T11:07:03.000000Z","2026-04-28T04:07:03.000000Z","IMPC","RG",0,2200.0,3000,"--","-","--","-",0,897552,1078409
"2026-04-28T11:07:03.000000Z","2026-04-28T04:07:03.000000Z","IMPC","RG",0,2200.0,12900,"--","-","--","-",0,937362,1078410
"2026-04-28T11:07:03.000000Z","2026-04-28T04:07:03.000000Z","IMPC","RG",0,2200.0,500,"--","-","--","-",0,1019902,1078411
"2026-04-28T11:07:03.000000Z","2026-04-28T04:07:03.000000Z","IMPC","RG",0,2200.0,800,"--","-","--","-",0,1024490,1078412
"2026-04-28T11:07:03.000000Z","2026-04-28T04:07:03.000000Z","IMPC","RG",0,2200.0,9200,"--","-","--","-",0,1024490,1078415
"2026-04-28T11:07:03.000000Z","2026-04-28T04:07:03.000000Z","IMPC","RG",0,2200.0,2600,"--","-","--","-",0,1160045,1078416
"2026-04-28T11:07:03.000000Z","2026-04-28T04:07:03.000000Z","IMPC","RG",0,2200.0,14400,"--","-","--","-",0,1309276,1078417
"2026-04-28T11:07:03.000000Z","2026-04-28T04:07:03.000000Z","IMPC","RG",0,2200.0,1000,"--","-","--","-",0,1381147,1078418
"2026-04-28T11:07:03.000000Z","2026-04-28T04:07:03.000000Z","IMPC","RG",0,2200.0,200,"--","-","--","-",0,1399243,1078419
"2026-04-28T11:07:03.000000Z","2026-04-28T04:07:03.000000Z","IMPC","RG",0,2200.0,10000,"--","-","--","-",0,1415966,1078420
"2026-04-28T11:07:03.000000Z","2026-04-28T04:07:03.000000Z","IMPC","RG",0,2200.0,200,"--","-","--","-",0,1436551,1078421
"2026-04-28T11:07:03.000000Z","2026-04-28T04:07:03.000000Z","IMPC","RG",0,2200.0,1300,"--","-","--","-",0,1439777,1078422
"2026-04-28T11:07:03.000000Z","2026-04-28T04:07:03.000000Z","IMPC","RG",0,2200.0,10000,"--","-","--","-",0,1512250,1078423
"2026-04-28T11:07:03.000000Z","2026-04-28T04:07:03.000000Z","IMPC","RG",0,2200.0,2000,"--","-","--","-",0,1660300,1078424
"2026-04-28T11:07:03.000000Z","2026-04-28T04:07:03.000000Z","IMPC","RG",0,2200.0,4800,"--","-","--","-",0,1679481,1078425
"2026-04-28T11:07:03.000000Z","2026-04-28T04:07:03.000000Z","IMPC","RG",0,2200.0,1000,"--","-","--","-",0,1693442,1078426
"2026-04-28T11:07:03.000000Z","2026-04-28T04:07:03.000000Z","IMPC","RG",0,2200.0,10800,"--","-","--","-",0,1704215,1078427
"2026-04-28T11:07:03.000000Z","2026-04-28T04:07:03.000000Z","IMPC","RG",0,2200.0,1000,"--","-","--","-",0,1716177,1078428
"2026-04-28T11:07:03.000000Z","2026-04-28T04:07:03.000000Z","IMPC","RG",0,2200.0,81500,"--","-","--","-",0,1766603,1078429
"2026-04-28T11:07:03.000000Z","2026-04-28T04:07:03.000000Z","IMPC","RG",0,2200.0,18500,"--","-","--","-",0,1766603,1078431
"2026-04-28T11:07:03.000000Z","2026-04-28T04:07:03.000000Z","IMPC","RG",0,2200.0,7000,"--","-","--","-",0,1936556,1078432
"2026-04-28T11:07:03.000000Z","2026-04-28T04:07:03.000000Z","IMPC","RG",0,2200.0,10000,"--","-","--","-",0,1970991,1078433
"2026-04-28T11:07:03.000000Z","2026-04-28T04:07:03.000000Z","IMPC","RG",0,2200.0,100,"--","-","--","-",0,1989327,1078434
"2026-04-28T11:07:03.000000Z","2026-04-28T04:07:03.000000Z","IMPC","RG",0,2200.0,800,"--","-","--","-",0,2011794,1078435
"2026-04-28T11:07:03.000000Z","2026-04-28T04:07:03.000000Z","IMPC","RG",0,2200.0,2000,"--","-","--","-",0,2133202,1078436
"2026-04-28T11:07:03.000000Z","2026-04-28T04:07:03.000000Z","IMPC","RG",0,2200.0,300,"--","-","--","-",0,2185294,1078437
"2026-04-28T11:07:03.000000Z","2026-04-28T04:07:03.000000Z","IMPC","RG",0,2200.0,2400,"--","-","--","-",0,2217933,1078438
"2026-04-28T11:07:03.000000Z","2026-04-28T04:07:03.000000Z","IMPC","RG",0,2200.0,1000,"--","-","--","-",0,2501719,1078439
"2026-04-28T11:07:03.000000Z","2026-04-28T04:07:03.000000Z","IMPC","RG",0,2200.0,5000,"--","-","--","-",0,2515586,1078440
"2026-04-28T11:07:03.000000Z","2026-04-28T04:07:03.000000Z","IMPC","RG",0,2200.0,200,"--","-","--","-",0,2604458,1078441
"2026-04-28T11:07:03.000000Z","2026-04-28T04:07:03.000000Z","IMPC","RG",0,2200.0,2600,"--","-","--","-",0,2664177,1078442
"2026-04-28T11:07:03.000000Z","2026-04-28T04:07:03.000000Z","IMPC","RG",0,2200.0,21400,"--","-","--","-",0,2731223,1078443
"2026-04-28T11:07:03.000000Z","2026-04-28T04:07:03.000000Z","IMPC","RG",0,2200.0,23500,"--","-","--","-",0,2738244,1078444
"2026-04-28T11:07:03.000000Z","2026-04-28T04:07:03.000000Z","IMPC","RG",0,2200.0,11600,"--","-","--","-",0,2744681,1078445
"2026-04-28T11:07:03.000000Z","2026-04-28T04:07:03.000000Z","IMPC","RG",0,2200.0,2400,"--","-","--","-",0,2827283,1078446
"2026-04-28T11:07:03.000000Z","2026-04-28T04:07:03.000000Z","IMPC","RG",0,2200.0,25000,"--","-","--","-",0,2850352,1078447
"2026-04-28T11:07:03.000000Z","2026-04-28T04:07:03.000000Z","IMPC","RG",0,2200.0,300,"--","-","--","-",0,2940122,1078448
"2026-04-28T11:07:03.000000Z","2026-04-28T04:07:03.000000Z","IMPC","RG",0,2200.0,3500,"--","-","--","-",0,2987904,1078449
"2026-04-28T11:07:03.000000Z","2026-04-28T04:07:03.000000Z","IMPC","RG",0,2200.0,500,"--","-","--","-",0,2990953,1078450
"2026-04-28T11:07:03.000000Z","2026-04-28T04:07:03.000000Z","IMPC","RG",0,2200.0,900,"--","-","--","-",0,2991151,1078451
"2026-04-28T11:07:03.000000Z","2026-04-28T04:07:03.000000Z","IMPC","RG",0,2200.0,400,"--","-","--","-",0,2992736,1078452
"2026-04-28T11:07:03.000000Z","2026-04-28T04:07:03.000000Z","IMPC","RG",0,2200.0,100,"--","-","--","-",0,2996231,1078453
"2026-04-28T11:07:13.000000Z","2026-04-28T04:07:13.000000Z","IMPC","RG",0,2210.0,4000,"PD","D","NI","D",3001921,486366,1079194
"2026-04-28T11:07:13.000000Z","2026-04-28T04:07:13.000000Z","IMPC","RG",0,2210.0,16000,"PD","D","AT","D",3001921,510079,1079195
"2026-04-28T11:07:13.000000Z","2026-04-28T04:07:13.000000Z","IMPC","RG",0,2210.0,14100,"AK","F","AT","D",3001944,510079,1079204
"2026-04-28T11:07:13.000000Z","2026-04-28T04:07:13.000000Z","IMPC","RG",0,2210.0,7100,"AK","F","XL","D",3001944,682505,1079205
"2026-04-28T11:07:13.000000Z","2026-04-28T04:07:13.000000Z","IMPC","RG",0,2210.0,1500,"AK","F","XL","D",3001944,746655,1079206
"2026-04-28T11:07:13.000000Z","2026-04-28T04:07:13.000000Z","IMPC","RG",0,2210.0,1000,"AK","F","PD","D",3001944,823474,1079207
"2026-04-28T11:07:13.000000Z","2026-04-28T04:07:13.000000Z","IMPC","RG",0,2210.0,2400,"AK","F","XL","D",3001944,964036,1079208
"2026-04-28T11:07:13.000000Z","2026-04-28T04:07:13.000000Z","IMPC","RG",0,2210.0,4000,"AK","F","DR","D",3001944,1029575,1079209
"2026-04-28T11:07:13.000000Z","2026-04-28T04:07:13.000000Z","IMPC","RG",0,2210.0,2200,"AK","F","XL","D",3001944,1148858,1079210
"2026-04-28T11:07:13.000000Z","2026-04-28T04:07:13.000000Z","IMPC","RG",0,2210.0,1100,"AK","F","CC","D",3001944,1703587,1079211
"2026-04-28T11:07:13.000000Z","2026-04-28T04:07:13.000000Z","IMPC","RG",0,2210.0,7500,"AK","F","CC","D",3001944,1910183,1079212
"2026-04-28T11:07:13.000000Z","2026-04-28T04:07:13.000000Z","IMPC","RG",0,2210.0,2000,"AK","F","PD","D",3001944,1931327,1079213
"2026-04-28T11:07:13.000000Z","2026-04-28T04:07:13.000000Z","IMPC","RG",0,2210.0,800,"AK","F","XL","D",3001944,2154589,1079214
"2026-04-28T11:07:13.000000Z","2026-04-28T04:07:13.000000Z","IMPC","RG",0,2210.0,1500,"AK","F","XL","D",3001944,2618879,1079215
"2026-04-28T11:07:13.000000Z","2026-04-28T04:07:13.000000Z","IMPC","RG",0,2210.0,2000,"AK","F","XL","D",3001944,2679324,1079216
"2026-04-28T11:07:13.000000Z","2026-04-28T04:07:13.000000Z","IMPC","RG",0,2210.0,100,"HD","F","XL","D",3001945,3001942,1079217
"2026-04-28T11:07:21.000000Z","2026-04-28T04:07:21.000000Z","IMPC","RG",0,2220.0,2500,"CP","D","XL","D",3003225,481004,1079513
"2026-04-28T11:07:21.000000Z","2026-04-28T04:07:21.000000Z","IMPC","RG",0,2220.0,100,"CP","D","XL","D",3003225,772088,1079514
"2026-04-28T11:07:21.000000Z","2026-04-28T04:07:21.000000Z","IMPC","RG",0,2220.0,100,"CP","D","PD","D",3003225,810163,1079515
"2026-04-28T11:07:21.000000Z","2026-04-28T04:07:21.000000Z","IMPC","RG",0,2220.0,1000,"CP","D","CC","D",3003225,839205,1079516
"2026-04-28T11:07:21.000000Z","2026-04-28T04:07:21.000000Z","IMPC","RG",0,2220.0,600,"CP","D","PD","D",3003225,855599,1079517
"2026-04-28T11:07:21.000000Z","2026-04-28T04:07:21.000000Z","IMPC","RG",0,2220.0,300,"CP","D","XL","D",3003225,1002637,1079518
"2026-04-28T11:07:21.000000Z","2026-04-28T04:07:21.000000Z","IMPC","RG",0,2220.0,500,"CP","D","XL","D",3003225,1393917,1079519
"2026-04-28T11:07:21.000000Z","2026-04-28T04:07:21.000000Z","IMPC","RG",0,2220.0,10000,"CP","D","AZ","D",3003225,1425247,1079520
"2026-04-28T11:07:21.000000Z","2026-04-28T04:07:21.000000Z","IMPC","RG",0,2220.0,100,"CP","D","XL","D",3003225,1688151,1079521
"2026-04-28T11:07:21.000000Z","2026-04-28T04:07:21.000000Z","IMPC","RG",0,2220.0,100,"CP","D","NI","D",3003225,1747276,1079522
"2026-04-28T11:07:21.000000Z","2026-04-28T04:07:21.000000Z","IMPC","RG",0,2220.0,5000,"CP","D","LG","D",3003225,1761674,1079523
"2026-04-28T11:07:21.000000Z","2026-04-28T04:07:21.000000Z","IMPC","RG",0,2220.0,1000,"CP","D","HP","D",3003225,1817956,1079524
"2026-04-28T11:07:21.000000Z","2026-04-28T04:07:21.000000Z","IMPC","RG",0,2220.0,400,"CP","D","XL","D",3003225,1867933,1079525
"2026-04-28T11:07:21.000000Z","2026-04-28T04:07:21.000000Z","IMPC","RG",0,2220.0,2200,"CP","D","YP","D",3003225,1948420,1079526
"2026-04-28T11:07:21.000000Z","2026-04-28T04:07:21.000000Z","IMPC","RG",0,2220.0,5000,"CP","D","DR","D",3003225,2229895,1079527
"2026-04-28T11:07:21.000000Z","2026-04-28T04:07:21.000000Z","IMPC","RG",0,2220.0,1100,"CP","D","AI","D",3003225,2310041,1079528
"2026-04-28T11:07:28.000000Z","2026-04-28T04:07:28.000000Z","IMPC","RG",0,2220.0,400,"XL","D","AI","D",3004599,2310041,1080079
"2026-04-28T11:07:28.000000Z","2026-04-28T04:07:28.000000Z","IMPC","RG",0,2220.0,1000,"XL","D","XL","D",3004599,2803188,1080080
"2026-04-28T11:07:30.000000Z","2026-04-28T04:07:30.000000Z","IMPC","RG",0,2220.0,100,"KK","D","AZ","D",3004899,2993848,1080141
"2026-04-28T11:07:37.000000Z","2026-04-28T04:07:37.000000Z","IMPC","RG",0,2220.0,3700,"XL","D","AK","F",3005958,3001970,1080444
"2026-04-28T11:07:37.000000Z","2026-04-28T04:07:37.000000Z","IMPC","RG",0,2220.0,1800,"XL","D","XL","D",3005958,3003239,1080445
"2026-04-28T11:07:37.000000Z","2026-04-28T04:07:37.000000Z","IMPC","RG",0,2220.0,1300,"XL","D","XC","D",3005958,3003364,1080446
"2026-04-28T11:07:39.000000Z","2026-04-28T04:07:39.000000Z","IMPC","RG",0,2220.0,100,"XL","D","XC","D",3006253,3003364,1080515
"2026-04-28T11:07:43.000000Z","2026-04-28T04:07:43.000000Z","IMPC","RG",0,2220.0,1000,"PD","D","XL","D",3006917,3004884,1080770
"2026-04-28T11:07:49.000000Z","2026-04-28T04:07:49.000000Z","IMPC","RG",0,2220.0,1000,"XL","D","XL","D",3007718,3004884,1080971
"2026-04-28T11:07:49.000000Z","2026-04-28T04:07:49.000000Z","IMPC","RG",0,2220.0,1000,"XL","D","YP","D",3007718,3005272,1080972
"2026-04-28T11:07:49.000000Z","2026-04-28T04:07:49.000000Z","IMPC","RG",0,2220.0,400,"XL","D","XL","D",3007718,3005386,1080973
"2026-04-28T11:07:49.000000Z","2026-04-28T04:07:49.000000Z","IMPC","RG",0,2220.0,2200,"XL","D","XL","D",3007718,3006213,1080974
"2026-04-28T11:07:54.000000Z","2026-04-28T04:07:54.000000Z","IMPC","RG",0,2220.0,2400,"XL","D","XL","D",3008453,3006213,1081232
"2026-04-28T11:07:54.000000Z","2026-04-28T04:07:54.000000Z","IMPC","RG",0,2220.0,700,"XL","D","XL","D",3008453,3007560,1081233
"2026-04-28T11:07:54.000000Z","2026-04-28T04:07:54.000000Z","IMPC","RG",0,2220.0,1400,"XL","D","AK","F",3008453,3008465,1081237
"2026-04-28T11:07:54.000000Z","2026-04-28T04:07:54.000000Z","IMPC","RG",0,2220.0,3700,"ZP","F","AK","F",3008501,3008510,1081244
"2026-04-28T11:07:55.000000Z","2026-04-28T04:07:55.000000Z","IMPC","RG",0,2230.0,100,"XC","D","XL","D",3008581,163616,1081255
"2026-04-28T11:07:59.000000Z","2026-04-28T04:07:59.000000Z","IMPC","RG",0,2210.0,5000,"HD","F","AK","F",3001945,3009276,1081493
"2026-04-28T11:08:02.000000Z","2026-04-28T04:08:02.000000Z","IMPC","RG",0,2220.0,400,"XL","D","XL","D",3009705,3009258,1081611
"2026-04-28T11:08:02.000000Z","2026-04-28T04:08:02.000000Z","IMPC","RG",0,2220.0,13100,"XL","D","HD","F",3009705,3009259,1081612
"2026-04-28T11:08:02.000000Z","2026-04-28T04:08:02.000000Z","IMPC","RG",0,2230.0,400,"XL","D","XL","D",3009705,163616,1081613
"2026-04-28T11:08:02.000000Z","2026-04-28T04:08:02.000000Z","IMPC","RG",0,2230.0,2000,"XL","D","XL","D",3009705,212417,1081614
"2026-04-28T11:08:02.000000Z","2026-04-28T04:08:02.000000Z","IMPC","RG",0,2230.0,400,"XL","D","PD","D",3009705,368759,1081615
"2026-04-28T11:08:02.000000Z","2026-04-28T04:08:02.000000Z","IMPC","RG",0,2230.0,3500,"XL","D","XL","D",3009705,483422,1081616
"2026-04-28T11:08:06.000000Z","2026-04-28T04:08:06.000000Z","IMPC","RG",0,2220.0,1600,"XL","D","XL","D",3010160,3010128,1081745
"2026-04-28T11:08:06.000000Z","2026-04-28T04:08:06.000000Z","IMPC","RG",0,2220.0,2000,"KK","D","XL","D",3010199,3010128,1081751
"2026-04-28T11:08:09.000000Z","2026-04-28T04:08:09.000000Z","IMPC","RG",0,2220.0,100,"KK","D","XL","D",3010499,3010128,1081824
"2026-04-28T11:08:09.000000Z","2026-04-28T04:08:09.000000Z","IMPC","RG",0,2220.0,500,"XL","D","XL","D",3010621,3010128,1081886
"2026-04-28T11:08:22.000000Z","2026-04-28T04:08:22.000000Z","IMPC","RG",0,2220.0,5000,"XL","D","XL","D",3012501,3010128,1082655
"2026-04-28T11:08:28.000000Z","2026-04-28T04:08:28.000000Z","IMPC","RG",0,2210.0,4700,"HD","F","XC","D",3001945,3013410,1082908
"2026-04-28T11:08:40.000000Z","2026-04-28T04:08:40.000000Z","IMPC","RG",0,2220.0,500,"PD","D","XL","D",3015417,3010128,1083782
"2026-04-28T11:08:52.000000Z","2026-04-28T04:08:52.000000Z","IMPC","RG",0,2210.0,500,"HD","F","SQ","D",3001945,3017396,1084534
"2026-04-28T11:08:56.000000Z","2026-04-28T04:08:56.000000Z","IMPC","RG",0,2220.0,14200,"XL","D","XL","D",3018034,3010128,1084667
"2026-04-28T11:08:56.000000Z","2026-04-28T04:08:56.000000Z","IMPC","RG",0,2220.0,500,"XL","D","AK","F",3018034,3010536,1084668
"2026-04-28T11:08:56.000000Z","2026-04-28T04:08:56.000000Z","IMPC","RG",0,2220.0,5000,"XL","D","CP","D",3018034,3012835,1084669
"2026-04-28T11:08:56.000000Z","2026-04-28T04:08:56.000000Z","IMPC","RG",0,2220.0,100,"XL","D","XL","D",3018034,3013234,1084670
"2026-04-28T11:08:56.000000Z","2026-04-28T04:08:56.000000Z","IMPC","RG",0,2220.0,2000,"XL","D","XL","D",3018034,3015256,1084671
"2026-04-28T11:08:56.000000Z","2026-04-28T04:08:56.000000Z","IMPC","RG",0,2220.0,100,"XL","D","XL","D",3018034,3016475,1084672
"2026-04-28T11:08:56.000000Z","2026-04-28T04:08:56.000000Z","IMPC","RG",0,2220.0,600,"XL","D","XC","D",3018034,3016898,1084673
"2026-04-28T11:08:56.000000Z","2026-04-28T04:08:56.000000Z","IMPC","RG",0,2220.0,7500,"XL","D","AK","F",3018034,3018048,1084675
"2026-04-28T11:09:09.000000Z","2026-04-28T04:09:09.000000Z","IMPC","RG",0,2220.0,800,"XA","D","XL","D",3020281,3019352,1085815
"2026-04-28T11:09:09.000000Z","2026-04-28T04:09:09.000000Z","IMPC","RG",0,2220.0,7600,"XA","D","YU","F",3020281,3019543,1085816
"2026-04-28T11:09:24.000000Z","2026-04-28T04:09:24.000000Z","IMPC","RG",0,2220.0,10000,"YP","D","YU","F",3022841,3019543,1086635
"2026-04-28T11:09:30.000000Z","2026-04-28T04:09:30.000000Z","IMPC","RG",0,2210.0,100,"HD","F","XL","D",3001945,3023786,1086955
"2026-04-28T11:09:32.000000Z","2026-04-28T04:09:32.000000Z","IMPC","RG",0,2220.0,12600,"XL","D","YU","F",3024241,3019543,1087096
"2026-04-28T11:09:45.000000Z","2026-04-28T04:09:45.000000Z","IMPC","RG",0,2220.0,4900,"--","-","--","-",0,3019543,1087901
"2026-04-28T11:09:50.000000Z","2026-04-28T04:09:50.000000Z","IMPC","RG",0,2210.0,3500,"--","-","--","-",3001945,0,1088118
"2026-04-28T11:09:50.000000Z","2026-04-28T04:09:50.000000Z","IMPC","RG",0,2210.0,500,"--","-","--","-",3002001,0,1088119
"2026-04-28T11:09:50.000000Z","2026-04-28T04:09:50.000000Z","IMPC","RG",0,2220.0,2800,"--","-","--","-",0,3019543,1088127
"2026-04-28T11:10:23.000000Z","2026-04-28T04:10:23.000000Z","IMPC","RG",0,2220.0,400,"--","-","--","-",0,3019543,1091217
"2026-04-28T11:10:23.000000Z","2026-04-28T04:10:23.000000Z","IMPC","RG",0,2220.0,3700,"--","-","--","-",0,3019897,1091218
"2026-04-28T11:10:23.000000Z","2026-04-28T04:10:23.000000Z","IMPC","RG",0,2220.0,300,"--","-","--","-",0,3020628,1091219
"2026-04-28T11:10:23.000000Z","2026-04-28T04:10:23.000000Z","IMPC","RG",0,2220.0,5000,"--","-","--","-",0,3021317,1091220
"2026-04-28T11:10:23.000000Z","2026-04-28T04:10:23.000000Z","IMPC","RG",0,2220.0,5000,"--","-","--","-",0,3022345,1091221
"2026-04-28T11:10:23.000000Z","2026-04-28T04:10:23.000000Z","IMPC","RG",0,2220.0,2000,"--","-","--","-",0,3023901,1091222
"2026-04-28T11:10:23.000000Z","2026-04-28T04:10:23.000000Z","IMPC","RG",0,2220.0,1200,"--","-","--","-",0,3024035,1091223
"2026-04-28T11:10:23.000000Z","2026-04-28T04:10:23.000000Z","IMPC","RG",0,2220.0,500,"--","-","--","-",0,3024151,1091224
"2026-04-28T11:10:23.000000Z","2026-04-28T04:10:23.000000Z","IMPC","RG",0,2220.0,1400,"--","-","--","-",0,3026611,1091225
"2026-04-28T11:10:23.000000Z","2026-04-28T04:10:23.000000Z","IMPC","RG",0,2220.0,500,"--","-","--","-",0,3029423,1091226
"2026-04-28T11:10:24.000000Z","2026-04-28T04:10:24.000000Z","IMPC","RG",0,2220.0,500,"--","-","--","-",0,3029423,1091241
"2026-04-28T11:10:24.000000Z","2026-04-28T04:10:24.000000Z","IMPC","RG",0,2220.0,100,"--","-","--","-",0,3029815,1091242
"2026-04-28T11:10:24.000000Z","2026-04-28T04:10:24.000000Z","IMPC","RG",0,2220.0,34400,"--","-","--","-",0,3031654,1091243
"2026-04-28T11:10:43.000000Z","2026-04-28T04:10:43.000000Z","IMPC","RG",0,2220.0,15600,"GR","D","CC","D",3036667,3031654,1092565
"2026-04-28T11:10:43.000000Z","2026-04-28T04:10:43.000000Z","IMPC","RG",0,2220.0,44400,"GR","D","XL","D",3036667,3031711,1092566
"2026-04-28T11:10:44.000000Z","2026-04-28T04:10:44.000000Z","IMPC","RG",0,2220.0,100,"XC","D","XL","D",3036886,3031711,1092704
"2026-04-28T11:10:58.000000Z","2026-04-28T04:10:58.000000Z","IMPC","RG",0,2220.0,2100,"--","-","--","-",0,3031711,1093677
"2026-04-28T11:11:05.000000Z","2026-04-28T04:11:05.000000Z","IMPC","RG",0,2210.0,1000,"--","-","--","-",3002001,0,1094311
"2026-04-28T11:11:42.000000Z","2026-04-28T04:11:42.000000Z","IMPC","RG",0,2210.0,1500,"ZP","F","YP","D",3002001,3047095,1096689
"2026-04-28T11:11:43.000000Z","2026-04-28T04:11:43.000000Z","IMPC","RG",0,2210.0,900,"ZP","F","CC","D",3002001,3047218,1096723
"2026-04-28T11:11:43.000000Z","2026-04-28T04:11:43.000000Z","IMPC","RG",0,2210.0,2100,"ZP","F","CC","D",3002092,3047218,1096724
"2026-04-28T11:11:44.000000Z","2026-04-28T04:11:44.000000Z","IMPC","RG",0,2210.0,500,"ZP","F","XC","D",3002092,3047403,1096768
"2026-04-28T11:11:56.000000Z","2026-04-28T04:11:56.000000Z","IMPC","RG",0,2220.0,3400,"--","-","--","-",0,3031711,1097720
"2026-04-28T11:11:56.000000Z","2026-04-28T04:11:56.000000Z","IMPC","RG",0,2220.0,10000,"--","-","--","-",0,3033162,1097721
"2026-04-28T11:11:56.000000Z","2026-04-28T04:11:56.000000Z","IMPC","RG",0,2220.0,6500,"--","-","--","-",0,3033472,1097722
"2026-04-28T11:11:56.000000Z","2026-04-28T04:11:56.000000Z","IMPC","RG",0,2220.0,1000,"--","-","--","-",0,3034254,1097723
"2026-04-28T11:11:56.000000Z","2026-04-28T04:11:56.000000Z","IMPC","RG",0,2220.0,500,"--","-","--","-",0,3035184,1097724
"2026-04-28T11:11:56.000000Z","2026-04-28T04:11:56.000000Z","IMPC","RG",0,2220.0,28600,"--","-","--","-",0,3037776,1097725
"2026-04-28T11:12:06.000000Z","2026-04-28T04:12:06.000000Z","IMPC","RG",0,2220.0,20000,"PD","D","YP","D",3051442,3037776,1098519
"2026-04-28T11:12:08.000000Z","2026-04-28T04:12:08.000000Z","IMPC","RG",0,2220.0,1400,"XL","D","YP","D",3051714,3037776,1098624
"2026-04-28T11:12:08.000000Z","2026-04-28T04:12:08.000000Z","IMPC","RG",0,2220.0,2500,"XL","D","XL","D",3051714,3037990,1098625
"2026-04-28T11:12:08.000000Z","2026-04-28T04:12:08.000000Z","IMPC","RG",0,2220.0,100,"XL","D","XC","D",3051714,3039137,1098626
"2026-04-28T11:12:08.000000Z","2026-04-28T04:12:08.000000Z","IMPC","RG",0,2220.0,2000,"XL","D","XL","D",3051714,3039368,1098627
"2026-04-28T11:12:08.000000Z","2026-04-28T04:12:08.000000Z","IMPC","RG",0,2220.0,200,"XL","D","AK","F",3051714,3042461,1098628
"2026-04-28T11:12:08.000000Z","2026-04-28T04:12:08.000000Z","IMPC","RG",0,2220.0,3400,"XL","D","AK","F",3051714,3044291,1098629
"2026-04-28T11:12:08.000000Z","2026-04-28T04:12:08.000000Z","IMPC","RG",0,2220.0,1000,"XL","D","PD","D",3051714,3045299,1098630
"2026-04-28T11:12:08.000000Z","2026-04-28T04:12:08.000000Z","IMPC","RG",0,2220.0,2200,"XL","D","BK","F",3051714,3045333,1098631
"2026-04-28T11:12:08.000000Z","2026-04-28T04:12:08.000000Z","IMPC","RG",0,2220.0,500,"XL","D","YU","F",3051714,3047141,1098632
"2026-04-28T11:12:09.000000Z","2026-04-28T04:12:09.000000Z","IMPC","RG",0,2220.0,2000,"YP","D","YU","F",3052044,3047141,1098796
"2026-04-28T11:12:11.000000Z","2026-04-28T04:12:11.000000Z","IMPC","RG",0,2220.0,1000,"XL","D","YU","F",3052366,3047141,1098901
"2026-04-28T11:12:36.000000Z","2026-04-28T04:12:36.000000Z","IMPC","RG",0,2220.0,2300,"XL","D","YU","F",3057396,3047141,1100442
"2026-04-28T11:12:36.000000Z","2026-04-28T04:12:36.000000Z","IMPC","RG",0,2220.0,500,"XL","D","XL","D",3057396,3047446,1100443
"2026-04-28T11:12:36.000000Z","2026-04-28T04:12:36.000000Z","IMPC","RG",0,2220.0,500,"XL","D","XL","D",3057396,3048943,1100444
"2026-04-28T11:12:36.000000Z","2026-04-28T04:12:36.000000Z","IMPC","RG",0,2220.0,500,"XL","D","XC","D",3057396,3048996,1100445
"2026-04-28T11:12:36.000000Z","2026-04-28T04:12:36.000000Z","IMPC","RG",0,2220.0,2500,"XL","D","XL","D",3057396,3049529,1100446
"2026-04-28T11:12:36.000000Z","2026-04-28T04:12:36.000000Z","IMPC","RG",0,2220.0,500,"XL","D","XL","D",3057396,3051839,1100447
"2026-04-28T11:13:05.000000Z","2026-04-28T04:13:05.000000Z","IMPC","RG",0,2220.0,400,"XL","D","XL","D",3062023,3051839,1101851
"2026-04-28T11:13:05.000000Z","2026-04-28T04:13:05.000000Z","IMPC","RG",0,2220.0,5100,"XL","D","XL","D",3062023,3054529,1101852
"2026-04-28T11:13:10.000000Z","2026-04-28T04:13:10.000000Z","IMPC","RG",0,2210.0,1200,"ZP","F","CC","D",3002092,3062818,1102087
"2026-04-28T11:13:10.000000Z","2026-04-28T04:13:10.000000Z","IMPC","RG",0,2210.0,1000,"XL","D","CC","D",3010479,3062818,1102088
"2026-04-28T11:13:10.000000Z","2026-04-28T04:13:10.000000Z","IMPC","RG",0,2210.0,15800,"YB","D","CC","D",3012303,3062818,1102089
"2026-04-28T11:13:17.000000Z","2026-04-28T04:13:17.000000Z","IMPC","RG",0,2220.0,100,"XL","D","XL","D",3063979,3054529,1102396
"2026-04-28T11:13:32.000000Z","2026-04-28T04:13:32.000000Z","IMPC","RG",0,2220.0,300,"--","-","--","-",0,3054529,1103359
"2026-04-28T11:13:49.000000Z","2026-04-28T04:13:49.000000Z","IMPC","RG",0,2220.0,1200,"XL","D","XL","D",3069309,3054529,1104518
"2026-04-28T11:13:50.000000Z","2026-04-28T04:13:50.000000Z","IMPC","RG",0,2220.0,700,"XC","D","XL","D",3069480,3054529,1104632
"2026-04-28T11:13:52.000000Z","2026-04-28T04:13:52.000000Z","IMPC","RG",0,2210.0,400,"YB","D","XL","D",3012303,3069909,1104823
"2026-04-28T11:14:09.000000Z","2026-04-28T04:14:09.000000Z","IMPC","RG",0,2210.0,300,"YB","D","PD","D",3012303,3073267,1106412
"2026-04-28T11:14:09.000000Z","2026-04-28T04:14:09.000000Z","IMPC","RG",0,2210.0,100,"PD","D","PD","D",3015869,3073267,1106413
"2026-04-28T11:14:09.000000Z","2026-04-28T04:14:09.000000Z","IMPC","RG",0,2210.0,2000,"YP","D","PD","D",3017449,3073267,1106414
"2026-04-28T11:14:09.000000Z","2026-04-28T04:14:09.000000Z","IMPC","RG",0,2210.0,500,"YP","D","PD","D",3020276,3073267,1106415
"2026-04-28T11:14:09.000000Z","2026-04-28T04:14:09.000000Z","IMPC","RG",0,2210.0,100,"ZP","F","PD","D",3023501,3073267,1106416
"2026-04-28T11:14:09.000000Z","2026-04-28T04:14:09.000000Z","IMPC","RG",0,2210.0,100,"ZP","F","PD","D",3024238,3073267,1106417
"2026-04-28T11:14:09.000000Z","2026-04-28T04:14:09.000000Z","IMPC","RG",0,2210.0,500,"SQ","D","PD","D",3027296,3073267,1106418
"2026-04-28T11:14:09.000000Z","2026-04-28T04:14:09.000000Z","IMPC","RG",0,2210.0,1000,"YJ","D","PD","D",3034318,3073267,1106419
"2026-04-28T11:14:19.000000Z","2026-04-28T04:14:19.000000Z","IMPC","RG",0,2210.0,300,"XL","D","DH","D",3044420,3075355,1107459
"2026-04-28T11:14:21.000000Z","2026-04-28T04:14:21.000000Z","IMPC","RG",0,2210.0,200,"XL","D","IF","D",3044420,3075785,1107648
"2026-04-28T11:14:21.000000Z","2026-04-28T04:14:21.000000Z","IMPC","RG",0,2210.0,2200,"XL","D","IF","D",3047038,3075785,1107649
"2026-04-28T11:14:21.000000Z","2026-04-28T04:14:21.000000Z","IMPC","RG",0,2210.0,100,"ZP","F","IF","D",3047084,3075785,1107650
"2026-04-28T11:14:21.000000Z","2026-04-28T04:14:21.000000Z","IMPC","RG",0,2210.0,30000,"YP","D","IF","D",3047226,3075785,1107651
"2026-04-28T11:14:21.000000Z","2026-04-28T04:14:21.000000Z","IMPC","RG",0,2210.0,3700,"ZP","F","IF","D",3047302,3075785,1107652
"2026-04-28T11:14:21.000000Z","2026-04-28T04:14:21.000000Z","IMPC","RG",0,2210.0,1500,"AI","D","IF","D",3047681,3075785,1107653
"2026-04-28T11:14:21.000000Z","2026-04-28T04:14:21.000000Z","IMPC","RG",0,2210.0,10000,"PD","D","IF","D",3051446,3075785,1107654
"2026-04-28T11:14:21.000000Z","2026-04-28T04:14:21.000000Z","IMPC","RG",0,2210.0,10000,"CP","D","IF","D",3056083,3075785,1107655
"2026-04-28T11:14:21.000000Z","2026-04-28T04:14:21.000000Z","IMPC","RG",0,2210.0,1000,"XL","D","IF","D",3060972,3075785,1107656
"2026-04-28T11:14:21.000000Z","2026-04-28T04:14:21.000000Z","IMPC","RG",0,2210.0,200,"AG","D","IF","D",3062357,3075785,1107657
"2026-04-28T11:14:21.000000Z","2026-04-28T04:14:21.000000Z","IMPC","RG",0,2210.0,3700,"ZP","F","IF","D",3062931,3075785,1107658
"2026-04-28T11:14:35.000000Z","2026-04-28T04:14:35.000000Z","IMPC","RG",0,2200.0,200,"HD","F","XL","D",3000161,3078610,1108846
"2026-04-28T11:14:46.000000Z","2026-04-28T04:14:46.000000Z","IMPC","RG",0,2200.0,10100,"HD","F","CP","D",3000161,3080654,1109641
"2026-04-28T11:14:46.000000Z","2026-04-28T04:14:46.000000Z","IMPC","RG",0,2200.0,10000,"PD","D","CP","D",3001922,3080654,1109642
"2026-04-28T11:14:46.000000Z","2026-04-28T04:14:46.000000Z","IMPC","RG",0,2200.0,1000,"XL","D","CP","D",3011406,3080654,1109643
"2026-04-28T11:14:46.000000Z","2026-04-28T04:14:46.000000Z","IMPC","RG",0,2200.0,5000,"GR","D","CP","D",3023266,3080654,1109644
"2026-04-28T11:14:46.000000Z","2026-04-28T04:14:46.000000Z","IMPC","RG",0,2200.0,100,"XL","D","CP","D",3023955,3080654,1109645
"2026-04-28T11:14:46.000000Z","2026-04-28T04:14:46.000000Z","IMPC","RG",0,2200.0,3800,"XL","D","CP","D",3024182,3080654,1109646
"2026-04-28T11:14:47.000000Z","2026-04-28T04:14:47.000000Z","IMPC","RG",0,2210.0,700,"XL","D","IF","D",3080868,3075785,1109701
"2026-04-28T11:15:01.000000Z","2026-04-28T04:15:01.000000Z","IMPC","RG",0,2200.0,300,"XL","D","XL","D",3024182,3083434,1110697
"2026-04-28T11:15:01.000000Z","2026-04-28T04:15:01.000000Z","IMPC","RG",0,2200.0,100,"XL","D","XL","D",3024786,3083434,1110698
"2026-04-28T11:15:01.000000Z","2026-04-28T04:15:01.000000Z","IMPC","RG",0,2200.0,2000,"XL","D","XL","D",3043804,3083434,1110699
"2026-04-28T11:15:01.000000Z","2026-04-28T04:15:01.000000Z","IMPC","RG",0,2200.0,1000,"XL","D","XL","D",3061385,3083434,1110700
"2026-04-28T11:15:01.000000Z","2026-04-28T04:15:01.000000Z","IMPC","RG",0,2200.0,1100,"XL","D","XL","D",3065480,3083434,1110701
"2026-04-28T11:15:11.000000Z","2026-04-28T04:15:11.000000Z","IMPC","RG",0,2200.0,1200,"XL","D","XL","D",3065480,3085289,1111365
"2026-04-28T11:15:11.000000Z","2026-04-28T04:15:11.000000Z","IMPC","RG",0,2200.0,7900,"CC","F","XL","D",3077041,3085289,1111366
"2026-04-28T11:15:11.000000Z","2026-04-28T04:15:11.000000Z","IMPC","RG",0,2200.0,11900,"CC","F","XL","D",3077954,3085289,1111367
"2026-04-28T11:15:11.000000Z","2026-04-28T04:15:11.000000Z","IMPC","RG",0,2200.0,100,"ZP","F","XL","D",3080109,3085289,1111368
"2026-04-28T11:15:11.000000Z","2026-04-28T04:15:11.000000Z","IMPC","RG",0,2200.0,300,"AG","D","XL","D",3081332,3085289,1111369
"2026-04-28T11:15:11.000000Z","2026-04-28T04:15:11.000000Z","IMPC","RG",0,2200.0,600,"XL","D","XL","D",3081663,3085289,1111370
"2026-04-28T11:15:11.000000Z","2026-04-28T04:15:11.000000Z","IMPC","RG",0,2200.0,100,"BQ","D","XL","D",3083096,3085289,1111371
"2026-04-28T11:15:11.000000Z","2026-04-28T04:15:11.000000Z","IMPC","RG",0,2200.0,17300,"CC","F","XL","D",3085294,3085289,1111373
"2026-04-28T11:15:48.000000Z","2026-04-28T04:15:48.000000Z","IMPC","RG",0,2200.0,1500,"XC","D","CC","D",3088954,3091635,1113645
"2026-04-28T11:15:48.000000Z","2026-04-28T04:15:48.000000Z","IMPC","RG",0,2200.0,3100,"CC","F","CC","D",3089167,3091635,1113646
"2026-04-28T11:15:52.000000Z","2026-04-28T04:15:52.000000Z","IMPC","RG",0,2210.0,500,"XL","D","IF","D",3092402,3075785,1113944
"2026-04-28T11:15:53.000000Z","2026-04-28T04:15:53.000000Z","IMPC","RG",0,2210.0,1800,"XL","D","IF","D",3092603,3075785,1114089
"2026-04-28T11:15:54.000000Z","2026-04-28T04:15:54.000000Z","IMPC","RG",0,2200.0,2900,"CC","F","XC","D",3089167,3092833,1114154
"2026-04-28T11:15:54.000000Z","2026-04-28T04:15:54.000000Z","IMPC","RG",0,2200.0,1700,"YP","D","XC","D",3090210,3092833,1114155
"2026-04-28T11:15:55.000000Z","2026-04-28T04:15:55.000000Z","IMPC","RG",0,2200.0,300,"YP","D","XL","D",3090210,3092934,1114177
"2026-04-28T11:15:55.000000Z","2026-04-28T04:15:55.000000Z","IMPC","RG",0,2200.0,200,"XC","D","XL","D",3090267,3092934,1114178
"2026-04-28T11:15:56.000000Z","2026-04-28T04:15:56.000000Z","IMPC","RG",0,2200.0,2300,"CC","F","XL","D",3093139,3092934,1114231
"2026-04-28T11:16:43.000000Z","2026-04-28T04:16:43.000000Z","IMPC","RG",0,2200.0,300,"CC","F","XL","D",3093139,3101047,1116876
"2026-04-28T11:17:18.000000Z","2026-04-28T04:17:18.000000Z","IMPC","RG",0,2210.0,1400,"XL","D","IF","D",3107194,3075785,1119096
"2026-04-28T11:17:28.000000Z","2026-04-28T04:17:28.000000Z","IMPC","RG",0,2200.0,7200,"--","-","--","-",3093139,0,1119496
"2026-04-28T11:17:28.000000Z","2026-04-28T04:17:28.000000Z","IMPC","RG",0,2200.0,1600,"--","-","--","-",3095295,0,1119497
"2026-04-28T11:17:28.000000Z","2026-04-28T04:17:28.000000Z","IMPC","RG",0,2200.0,1100,"--","-","--","-",3096546,0,1119498
"2026-04-28T11:17:28.000000Z","2026-04-28T04:17:28.000000Z","IMPC","RG",0,2200.0,100,"--","-","--","-",3107263,0,1119499
"2026-04-28T11:17:28.000000Z","2026-04-28T04:17:28.000000Z","IMPC","RG",0,2200.0,200,"--","-","--","-",3108220,0,1119500
"2026-04-28T11:17:34.000000Z","2026-04-28T04:17:34.000000Z","IMPC","RG",0,2200.0,4800,"--","-","--","-",0,3108645,1119882
"2026-04-28T11:17:34.000000Z","2026-04-28T04:17:34.000000Z","IMPC","RG",0,2200.0,2000,"--","-","--","-",0,3108869,1119883
"2026-04-28T11:17:34.000000Z","2026-04-28T04:17:34.000000Z","IMPC","RG",0,2200.0,9200,"--","-","--","-",0,3109635,1119884
"2026-04-28T11:17:37.000000Z","2026-04-28T04:17:37.000000Z","IMPC","RG",0,2200.0,500,"--","-","--","-",3110072,0,1120075
"2026-04-28T11:17:41.000000Z","2026-04-28T04:17:41.000000Z","IMPC","RG",0,2200.0,300,"--","-","--","-",0,3110122,1120254
"2026-04-28T11:17:41.000000Z","2026-04-28T04:17:41.000000Z","IMPC","RG",0,2200.0,19200,"--","-","--","-",0,3110122,1120259
"2026-04-28T11:17:41.000000Z","2026-04-28T04:17:41.000000Z","IMPC","RG",0,2200.0,2500,"--","-","--","-",0,3110902,1120269
"2026-04-28T11:17:57.000000Z","2026-04-28T04:17:57.000000Z","IMPC","RG",0,2210.0,300,"CC","F","IF","D",3113509,3075785,1121161
"2026-04-28T11:18:19.000000Z","2026-04-28T04:18:19.000000Z","IMPC","RG",0,2200.0,10000,"LG","D","XL","D",3110990,3117300,1122894
"2026-04-28T11:18:19.000000Z","2026-04-28T04:18:19.000000Z","IMPC","RG",0,2200.0,33000,"BK","F","XL","D",3111349,3117300,1122895
"2026-04-28T11:18:19.000000Z","2026-04-28T04:18:19.000000Z","IMPC","RG",0,2200.0,7900,"CC","F","XL","D",3111362,3117300,1122896
"2026-04-28T11:18:19.000000Z","2026-04-28T04:18:19.000000Z","IMPC","RG",0,2200.0,3600,"ZP","F","XL","D",3111416,3117300,1122897
"2026-04-28T11:18:19.000000Z","2026-04-28T04:18:19.000000Z","IMPC","RG",0,2200.0,1400,"CC","F","XL","D",3111482,3117300,1122898
"2026-04-28T11:18:19.000000Z","2026-04-28T04:18:19.000000Z","IMPC","RG",0,2200.0,800,"CC","F","XL","D",3111487,3117300,1122899
"2026-04-28T11:18:19.000000Z","2026-04-28T04:18:19.000000Z","IMPC","RG",0,2200.0,300,"CC","F","XL","D",3115694,3117300,1122900
"2026-04-28T11:18:19.000000Z","2026-04-28T04:18:19.000000Z","IMPC","RG",0,2200.0,1000,"AG","D","XL","D",3116429,3117300,1122901
"2026-04-28T11:18:19.000000Z","2026-04-28T04:18:19.000000Z","IMPC","RG",0,2200.0,2000,"CC","F","XL","D",3117305,3117300,1122902
"2026-04-28T11:18:19.000000Z","2026-04-28T04:18:19.000000Z","IMPC","RG",0,2200.0,3500,"CC","F","HD","F",3117305,3117301,1122903
"2026-04-28T11:18:27.000000Z","2026-04-28T04:18:27.000000Z","IMPC","RG",0,2200.0,30000,"CC","F","XL","D",3118400,3118385,1123481
"2026-04-28T11:18:45.000000Z","2026-04-28T04:18:45.000000Z","IMPC","RG",0,2200.0,300,"YB","D","CP","D",3118863,3121240,1124306
"2026-04-28T11:18:45.000000Z","2026-04-28T04:18:45.000000Z","IMPC","RG",0,2200.0,600,"CC","F","CP","D",3118977,3121240,1124307
"2026-04-28T11:18:45.000000Z","2026-04-28T04:18:45.000000Z","IMPC","RG",0,2200.0,300,"YP","D","CP","D",3119599,3121240,1124308
"2026-04-28T11:18:50.000000Z","2026-04-28T04:18:50.000000Z","IMPC","RG",0,2210.0,500,"CC","F","IF","D",3122052,3075785,1124539
"2026-04-28T11:19:11.000000Z","2026-04-28T04:19:11.000000Z","IMPC","RG",0,2200.0,100,"YP","D","XL","D",3119599,3125362,1126269
"2026-04-28T11:19:16.000000Z","2026-04-28T04:19:16.000000Z","IMPC","RG",0,2210.0,1000,"XL","D","IF","D",3126125,3075785,1126538
"2026-04-28T11:19:33.000000Z","2026-04-28T04:19:33.000000Z","IMPC","RG",0,2200.0,1600,"YP","D","AK","F",3119599,3128984,1127550
"2026-04-28T11:19:33.000000Z","2026-04-28T04:19:33.000000Z","IMPC","RG",0,2200.0,200,"CC","F","AK","F",3120185,3128984,1127551
"2026-04-28T11:19:33.000000Z","2026-04-28T04:19:33.000000Z","IMPC","RG",0,2200.0,2000,"XL","D","AK","F",3120834,3128984,1127552
"2026-04-28T11:19:44.000000Z","2026-04-28T04:19:44.000000Z","IMPC","RG",0,2210.0,2500,"XL","D","IF","D",3130761,3075785,1128214
"2026-04-28T11:19:47.000000Z","2026-04-28T04:19:47.000000Z","IMPC","RG",0,2210.0,100,"CC","F","IF","D",3131315,3075785,1128407
"2026-04-28T11:20:08.000000Z","2026-04-28T04:20:08.000000Z","IMPC","RG",0,2210.0,3000,"--","-","--","-",0,3075785,1129598
"2026-04-28T11:20:21.000000Z","2026-04-28T04:20:21.000000Z","IMPC","RG",0,2210.0,200,"XL","D","IF","D",3137064,3075785,1130354
"2026-04-28T11:20:25.000000Z","2026-04-28T04:20:25.000000Z","IMPC","RG",0,2200.0,4000,"XL","D","YP","D",3120834,3137616,1130530
"2026-04-28T11:20:28.000000Z","2026-04-28T04:20:28.000000Z","IMPC","RG",0,2210.0,100,"CC","F","IF","D",3138020,3075785,1130673
"2026-04-28T11:20:48.000000Z","2026-04-28T04:20:48.000000Z","IMPC","RG",0,2210.0,1000,"CC","F","IF","D",3141791,3075785,1132091
"2026-04-28T11:20:49.000000Z","2026-04-28T04:20:49.000000Z","IMPC","RG",0,2200.0,1700,"--","-","--","-",3120834,0,1132104
"2026-04-28T11:21:01.000000Z","2026-04-28T04:21:01.000000Z","IMPC","RG",0,2210.0,1000,"PD","D","IF","D",3143839,3075785,1132852
"2026-04-28T11:21:05.000000Z","2026-04-28T04:21:05.000000Z","IMPC","RG",0,2210.0,100,"CC","F","IF","D",3144496,3075785,1133042
"2026-04-28T11:21:05.000000Z","2026-04-28T04:21:05.000000Z","IMPC","RG",0,2210.0,100,"CC","F","IF","D",3144532,3075785,1133045
"2026-04-28T11:21:06.000000Z","2026-04-28T04:21:06.000000Z","IMPC","RG",0,2210.0,1000,"PD","D","IF","D",3144648,3075785,1133061
"2026-04-28T11:21:28.000000Z","2026-04-28T04:21:28.000000Z","IMPC","RG",0,2210.0,10000,"--","-","--","-",0,3075785,1134249
"2026-04-28T11:21:29.000000Z","2026-04-28T04:21:29.000000Z","IMPC","RG",0,2200.0,3100,"--","-","--","-",3120834,0,1134254
"2026-04-28T11:21:29.000000Z","2026-04-28T04:21:29.000000Z","IMPC","RG",0,2210.0,300,"--","-","--","-",0,3075785,1134270
"2026-04-28T11:21:29.000000Z","2026-04-28T04:21:29.000000Z","IMPC","RG",0,2210.0,300,"--","-","--","-",0,3075785,1134277
"2026-04-28T11:21:29.000000Z","2026-04-28T04:21:29.000000Z","IMPC","RG",0,2210.0,6300,"--","-","--","-",0,3075785,1134291
"2026-04-28T11:21:29.000000Z","2026-04-28T04:21:29.000000Z","IMPC","RG",0,2210.0,200,"--","-","--","-",0,3077997,1134292
"2026-04-28T11:21:29.000000Z","2026-04-28T04:21:29.000000Z","IMPC","RG",0,2210.0,800,"--","-","--","-",0,3078010,1134293
"2026-04-28T11:21:29.000000Z","2026-04-28T04:21:29.000000Z","IMPC","RG",0,2210.0,1200,"--","-","--","-",0,3086295,1134294
"2026-04-28T11:21:29.000000Z","2026-04-28T04:21:29.000000Z","IMPC","RG",0,2210.0,3300,"--","-","--","-",0,3088030,1134295
"2026-04-28T11:21:29.000000Z","2026-04-28T04:21:29.000000Z","IMPC","RG",0,2210.0,500,"--","-","--","-",0,3091154,1134296
"2026-04-28T11:21:29.000000Z","2026-04-28T04:21:29.000000Z","IMPC","RG",0,2210.0,4600,"--","-","--","-",0,3094934,1134297
"2026-04-28T11:21:29.000000Z","2026-04-28T04:21:29.000000Z","IMPC","RG",0,2210.0,200,"--","-","--","-",0,3098819,1134298
"2026-04-28T11:21:29.000000Z","2026-04-28T04:21:29.000000Z","IMPC","RG",0,2210.0,3700,"--","-","--","-",0,3100683,1134299
"2026-04-28T11:21:29.000000Z","2026-04-28T04:21:29.000000Z","IMPC","RG",0,2210.0,600,"--","-","--","-",0,3113112,1134300
"2026-04-28T11:21:29.000000Z","2026-04-28T04:21:29.000000Z","IMPC","RG",0,2210.0,3400,"--","-","--","-",0,3115729,1134301
"2026-04-28T11:21:29.000000Z","2026-04-28T04:21:29.000000Z","IMPC","RG",0,2210.0,200,"--","-","--","-",0,3117325,1134302
"2026-04-28T11:21:29.000000Z","2026-04-28T04:21:29.000000Z","IMPC","RG",0,2210.0,2200,"--","-","--","-",0,3120202,1134303
"2026-04-28T11:21:29.000000Z","2026-04-28T04:21:29.000000Z","IMPC","RG",0,2210.0,3400,"--","-","--","-",0,3126176,1134304
"2026-04-28T11:21:29.000000Z","2026-04-28T04:21:29.000000Z","IMPC","RG",0,2210.0,2200,"--","-","--","-",0,3128934,1134305
"2026-04-28T11:21:29.000000Z","2026-04-28T04:21:29.000000Z","IMPC","RG",0,2210.0,100,"--","-","--","-",0,3134917,1134306
"2026-04-28T11:21:29.000000Z","2026-04-28T04:21:29.000000Z","IMPC","RG",0,2210.0,3300,"--","-","--","-",0,3137026,1134307
"2026-04-28T11:21:29.000000Z","2026-04-28T04:21:29.000000Z","IMPC","RG",0,2210.0,5000,"--","-","--","-",0,3144742,1134308
"2026-04-28T11:21:29.000000Z","2026-04-28T04:21:29.000000Z","IMPC","RG",0,2210.0,500,"--","-","--","-",0,3147071,1134309
"2026-04-28T11:21:29.000000Z","2026-04-28T04:21:29.000000Z","IMPC","RG",0,2210.0,3000,"--","-","--","-",0,3147193,1134310
"2026-04-28T11:21:36.000000Z","2026-04-28T04:21:36.000000Z","IMPC","RG",0,2200.0,3000,"XL","D","XL","D",3120834,3149798,1134626
"2026-04-28T11:21:37.000000Z","2026-04-28T04:21:37.000000Z","IMPC","RG",0,2220.0,800,"CC","F","XL","D",3149919,3054529,1134690
"2026-04-28T11:22:06.000000Z","2026-04-28T04:22:06.000000Z","IMPC","RG",0,2220.0,800,"CC","F","XL","D",3154440,3054529,1136279
"2026-04-28T11:22:18.000000Z","2026-04-28T04:22:18.000000Z","IMPC","RG",0,2220.0,400,"--","-","--","-",0,3054529,1136852
"2026-04-28T11:22:48.000000Z","2026-04-28T04:22:48.000000Z","IMPC","RG",0,2220.0,1400,"--","-","--","-",0,3054529,1138730
"2026-04-28T11:23:31.000000Z","2026-04-28T04:23:31.000000Z","IMPC","RG",0,2220.0,200,"--","-","--","-",0,3054529,1141393
"2026-04-28T11:23:33.000000Z","2026-04-28T04:23:33.000000Z","IMPC","RG",0,2220.0,500,"--","-","--","-",0,3054529,1141706
"2026-04-28T11:23:51.000000Z","2026-04-28T04:23:51.000000Z","IMPC","RG",0,2220.0,2300,"--","-","--","-",0,3054529,1142621
"2026-04-28T11:24:15.000000Z","2026-04-28T04:24:15.000000Z","IMPC","RG",0,2220.0,100,"--","-","--","-",0,3054529,1144121
"2026-04-28T11:24:23.000000Z","2026-04-28T04:24:23.000000Z","IMPC","RG",0,2220.0,26700,"BK","F","XL","D",3176731,3054529,1144941
"2026-04-28T11:24:23.000000Z","2026-04-28T04:24:23.000000Z","IMPC","RG",0,2220.0,500,"BK","F","LG","D",3176731,3057062,1144942
"2026-04-28T11:24:23.000000Z","2026-04-28T04:24:23.000000Z","IMPC","RG",0,2220.0,200,"BK","F","XL","D",3176731,3058907,1144943
"2026-04-28T11:24:23.000000Z","2026-04-28T04:24:23.000000Z","IMPC","RG",0,2220.0,1700,"BK","F","CC","D",3176731,3067290,1144944
"2026-04-28T11:24:23.000000Z","2026-04-28T04:24:23.000000Z","IMPC","RG",0,2220.0,1100,"BK","F","YB","D",3176731,3068076,1144945
"2026-04-28T11:24:23.000000Z","2026-04-28T04:24:23.000000Z","IMPC","RG",0,2220.0,600,"BK","F","EP","D",3176731,3068533,1144946
"2026-04-28T11:24:23.000000Z","2026-04-28T04:24:23.000000Z","IMPC","RG",0,2220.0,600,"BK","F","XL","D",3176731,3081868,1144947
"2026-04-28T11:24:23.000000Z","2026-04-28T04:24:23.000000Z","IMPC","RG",0,2220.0,5000,"BK","F","PD","D",3176731,3091991,1144948
"2026-04-28T11:24:23.000000Z","2026-04-28T04:24:23.000000Z","IMPC","RG",0,2220.0,1500,"BK","F","XL","D",3176731,3093070,1144949
"2026-04-28T11:24:23.000000Z","2026-04-28T04:24:23.000000Z","IMPC","RG",0,2220.0,4600,"BK","F","XL","D",3176731,3117010,1144950
"2026-04-28T11:24:23.000000Z","2026-04-28T04:24:23.000000Z","IMPC","RG",0,2220.0,100,"BK","F","PD","D",3176731,3118613,1144951
"2026-04-28T11:24:23.000000Z","2026-04-28T04:24:23.000000Z","IMPC","RG",0,2220.0,2800,"BK","F","CC","D",3176731,3127239,1144952
"2026-04-28T11:24:23.000000Z","2026-04-28T04:24:23.000000Z","IMPC","RG",0,2220.0,5000,"BK","F","PD","D",3176731,3137496,1144953
"2026-04-28T11:24:23.000000Z","2026-04-28T04:24:23.000000Z","IMPC","RG",0,2220.0,1000,"BK","F","XC","D",3176731,3140856,1144954
"2026-04-28T11:24:23.000000Z","2026-04-28T04:24:23.000000Z","IMPC","RG",0,2220.0,3100,"BK","F","AK","F",3176731,3148696,1144955
"2026-04-28T11:24:23.000000Z","2026-04-28T04:24:23.000000Z","IMPC","RG",0,2220.0,300,"BK","F","AK","F",3176731,3151637,1144956
"2026-04-28T11:24:23.000000Z","2026-04-28T04:24:23.000000Z","IMPC","RG",0,2220.0,10000,"BK","F","DR","D",3176731,3157469,1144957
"2026-04-28T11:24:23.000000Z","2026-04-28T04:24:23.000000Z","IMPC","RG",0,2220.0,14600,"BK","F","XC","D",3176731,3158110,1144958
"2026-04-28T11:24:23.000000Z","2026-04-28T04:24:23.000000Z","IMPC","RG",0,2220.0,3800,"BK","F","AK","F",3176731,3159169,1144959
"2026-04-28T11:24:23.000000Z","2026-04-28T04:24:23.000000Z","IMPC","RG",0,2220.0,21500,"BK","F","XL","D",3176731,3159633,1144960
"2026-04-28T11:24:23.000000Z","2026-04-28T04:24:23.000000Z","IMPC","RG",0,2220.0,1500,"BK","F","HP","D",3176731,3160955,1144961
"2026-04-28T11:24:23.000000Z","2026-04-28T04:24:23.000000Z","IMPC","RG",0,2220.0,100,"BK","F","XC","D",3176731,3161682,1144962
"2026-04-28T11:24:23.000000Z","2026-04-28T04:24:23.000000Z","IMPC","RG",0,2220.0,2100,"BK","F","BK","F",3176731,3162186,1144963
"2026-04-28T11:24:23.000000Z","2026-04-28T04:24:23.000000Z","IMPC","RG",0,2220.0,3000,"BK","F","CP","D",3176731,3163203,1144964
"2026-04-28T11:24:23.000000Z","2026-04-28T04:24:23.000000Z","IMPC","RG",0,2220.0,600,"BK","F","AK","F",3176731,3165312,1144965
"2026-04-28T11:24:23.000000Z","2026-04-28T04:24:23.000000Z","IMPC","RG",0,2220.0,13500,"BK","F","YU","F",3176731,3166492,1144966
"2026-04-28T11:24:23.000000Z","2026-04-28T04:24:23.000000Z","IMPC","RG",0,2220.0,2000,"BK","F","TP","D",3176731,3170372,1144967
"2026-04-28T11:24:23.000000Z","2026-04-28T04:24:23.000000Z","IMPC","RG",0,2220.0,1300,"BK","F","KK","D",3176731,3171097,1144968
"2026-04-28T11:24:23.000000Z","2026-04-28T04:24:23.000000Z","IMPC","RG",0,2220.0,400,"BK","F","XL","D",3176731,3173150,1144969
"2026-04-28T11:24:23.000000Z","2026-04-28T04:24:23.000000Z","IMPC","RG",0,2220.0,3900,"AK","F","AK","F",3176743,3176746,1144972
"2026-04-28T11:24:24.000000Z","2026-04-28T04:24:24.000000Z","IMPC","RG",0,2230.0,1500,"CC","F","XL","D",3176969,525269,1145045
"2026-04-28T11:24:24.000000Z","2026-04-28T04:24:24.000000Z","IMPC","RG",0,2230.0,800,"CC","F","XL","D",3176969,535516,1145046
"2026-04-28T11:24:32.000000Z","2026-04-28T04:24:32.000000Z","IMPC","RG",0,2230.0,2400,"CC","F","XL","D",3178254,535516,1145619
"2026-04-28T11:24:47.000000Z","2026-04-28T04:24:47.000000Z","IMPC","RG",0,2220.0,3800,"--","-","--","-",3176788,0,1146556
"2026-04-28T11:24:47.000000Z","2026-04-28T04:24:47.000000Z","IMPC","RG",0,2220.0,1100,"--","-","--","-",3176945,0,1146557
"2026-04-28T11:24:47.000000Z","2026-04-28T04:24:47.000000Z","IMPC","RG",0,2220.0,200,"--","-","--","-",3176997,0,1146558
"2026-04-28T11:24:47.000000Z","2026-04-28T04:24:47.000000Z","IMPC","RG",0,2220.0,3900,"--","-","--","-",3177625,0,1146559
"2026-04-28T11:24:47.000000Z","2026-04-28T04:24:47.000000Z","IMPC","RG",0,2220.0,100,"--","-","--","-",3177661,0,1146560
"2026-04-28T11:24:47.000000Z","2026-04-28T04:24:47.000000Z","IMPC","RG",0,2220.0,900,"--","-","--","-",3178261,0,1146561
"2026-04-28T11:25:08.000000Z","2026-04-28T04:25:08.000000Z","IMPC","RG",0,2220.0,300,"--","-","--","-",3178261,0,1147725
"2026-04-28T11:25:12.000000Z","2026-04-28T04:25:12.000000Z","IMPC","RG",0,2220.0,300,"--","-","--","-",3178261,0,1147941
"2026-04-28T11:25:12.000000Z","2026-04-28T04:25:12.000000Z","IMPC","RG",0,2220.0,200,"--","-","--","-",3179931,0,1147942
"2026-04-28T11:25:12.000000Z","2026-04-28T04:25:12.000000Z","IMPC","RG",0,2220.0,300,"--","-","--","-",3180697,0,1147943
"2026-04-28T11:25:12.000000Z","2026-04-28T04:25:12.000000Z","IMPC","RG",0,2220.0,200,"--","-","--","-",3180799,0,1147944
"2026-04-28T11:25:12.000000Z","2026-04-28T04:25:12.000000Z","IMPC","RG",0,2220.0,500,"--","-","--","-",3183083,0,1147945
"2026-04-28T11:25:12.000000Z","2026-04-28T04:25:12.000000Z","IMPC","RG",0,2220.0,8500,"--","-","--","-",3183632,0,1147946
"2026-04-28T11:25:21.000000Z","2026-04-28T04:25:21.000000Z","IMPC","RG",0,2230.0,400,"XL","D","XL","D",3185770,535516,1148535
"2026-04-28T11:25:46.000000Z","2026-04-28T04:25:46.000000Z","IMPC","RG",0,2230.0,9200,"--","-","--","-",0,535516,1149934
"2026-04-28T11:25:46.000000Z","2026-04-28T04:25:46.000000Z","IMPC","RG",0,2230.0,800,"--","-","--","-",0,616543,1149935
"2026-04-28T11:26:08.000000Z","2026-04-28T04:26:08.000000Z","IMPC","RG",0,2220.0,1500,"XC","D","XC","D",3183632,3192875,1151281
"2026-04-28T11:26:08.000000Z","2026-04-28T04:26:08.000000Z","IMPC","RG",0,2220.0,20000,"DR","D","XC","D",3184226,3192875,1151282
"2026-04-28T11:26:08.000000Z","2026-04-28T04:26:08.000000Z","IMPC","RG",0,2220.0,600,"CC","F","XC","D",3184533,3192875,1151283
"2026-04-28T11:26:08.000000Z","2026-04-28T04:26:08.000000Z","IMPC","RG",0,2220.0,600,"CC","F","XC","D",3184565,3192875,1151284
"2026-04-28T11:26:08.000000Z","2026-04-28T04:26:08.000000Z","IMPC","RG",0,2220.0,300,"CC","F","XC","D",3184644,3192875,1151285
"2026-04-28T11:26:08.000000Z","2026-04-28T04:26:08.000000Z","IMPC","RG",0,2220.0,2800,"XL","D","XC","D",3189732,3192875,1151286
"2026-04-28T11:26:08.000000Z","2026-04-28T04:26:08.000000Z","IMPC","RG",0,2220.0,3800,"ZP","F","XC","D",3189783,3192875,1151287
"2026-04-28T11:26:08.000000Z","2026-04-28T04:26:08.000000Z","IMPC","RG",0,2220.0,100,"CC","F","XC","D",3189869,3192875,1151288
"2026-04-28T11:26:08.000000Z","2026-04-28T04:26:08.000000Z","IMPC","RG",0,2220.0,500,"CC","F","XC","D",3191069,3192875,1151289
"2026-04-28T11:26:17.000000Z","2026-04-28T04:26:17.000000Z","IMPC","RG",0,2220.0,1000,"--","-","--","-",0,3192875,1151703
"2026-04-28T11:26:27.000000Z","2026-04-28T04:26:27.000000Z","IMPC","RG",0,2220.0,10000,"--","-","--","-",0,3192875,1152388
"2026-04-28T11:26:47.000000Z","2026-04-28T04:26:47.000000Z","IMPC","RG",0,2210.0,100,"--","-","--","-",3151277,0,1153490
"2026-04-28T11:26:47.000000Z","2026-04-28T04:26:47.000000Z","IMPC","RG",0,2210.0,22800,"--","-","--","-",3153546,0,1153491
"2026-04-28T11:26:47.000000Z","2026-04-28T04:26:47.000000Z","IMPC","RG",0,2210.0,2000,"--","-","--","-",3155505,0,1153492
"2026-04-28T11:26:47.000000Z","2026-04-28T04:26:47.000000Z","IMPC","RG",0,2210.0,100,"--","-","--","-",3158284,0,1153493
"2026-04-28T11:26:47.000000Z","2026-04-28T04:26:47.000000Z","IMPC","RG",0,2210.0,10000,"--","-","--","-",3163593,0,1153494
"2026-04-28T11:26:47.000000Z","2026-04-28T04:26:47.000000Z","IMPC","RG",0,2210.0,2300,"--","-","--","-",3166802,0,1153495
"2026-04-28T11:26:47.000000Z","2026-04-28T04:26:47.000000Z","IMPC","RG",0,2210.0,200,"--","-","--","-",3168209,0,1153496
"2026-04-28T11:26:47.000000Z","2026-04-28T04:26:47.000000Z","IMPC","RG",0,2210.0,1200,"--","-","--","-",3177535,0,1153497
"2026-04-28T11:26:47.000000Z","2026-04-28T04:26:47.000000Z","IMPC","RG",0,2210.0,1200,"--","-","--","-",3177553,0,1153498
"2026-04-28T11:26:47.000000Z","2026-04-28T04:26:47.000000Z","IMPC","RG",0,2210.0,600,"--","-","--","-",3193343,0,1153499
"2026-04-28T11:26:47.000000Z","2026-04-28T04:26:47.000000Z","IMPC","RG",0,2210.0,200,"--","-","--","-",3198461,0,1153500
"2026-04-28T11:27:08.000000Z","2026-04-28T04:27:08.000000Z","IMPC","RG",0,2200.0,300,"XL","D","XL","D",3120834,3202090,1154647
"2026-04-28T11:27:08.000000Z","2026-04-28T04:27:08.000000Z","IMPC","RG",0,2200.0,100,"XL","D","XL","D",3120834,3202096,1154649
"2026-04-28T11:28:20.000000Z","2026-04-28T04:28:20.000000Z","IMPC","RG",0,2200.0,1800,"XL","D","GR","D",3120834,3213373,1158424
"2026-04-28T11:28:20.000000Z","2026-04-28T04:28:20.000000Z","IMPC","RG",0,2200.0,1800,"XL","D","GR","D",3122444,3213373,1158425
"2026-04-28T11:28:23.000000Z","2026-04-28T04:28:23.000000Z","IMPC","RG",0,2210.0,100,"XL","D","YP","D",3213891,3198895,1158625
"2026-04-28T11:29:08.000000Z","2026-04-28T04:29:08.000000Z","IMPC","RG",0,2200.0,7100,"--","-","--","-",3122444,0,1161014
"2026-04-28T11:29:13.000000Z","2026-04-28T04:29:13.000000Z","IMPC","RG",0,2200.0,600,"XL","D","XL","D",3122444,3221326,1161355
"2026-04-28T11:30:14.000000Z","2026-04-28T04:30:14.000000Z","IMPC","RG",0,2200.0,500,"XL","D","KI","D",3122444,3230716,1165459
"2026-04-28T11:30:14.000000Z","2026-04-28T04:30:14.000000Z","IMPC","RG",0,2200.0,1000,"CP","D","KI","D",3132085,3230716,1165460
"2026-04-28T11:30:14.000000Z","2026-04-28T04:30:14.000000Z","IMPC","RG",0,2200.0,100,"XL","D","KI","D",3135272,3230716,1165461
"2026-04-28T11:30:14.000000Z","2026-04-28T04:30:14.000000Z","IMPC","RG",0,2200.0,300,"XL","D","KI","D",3150766,3230716,1165462
"2026-04-28T11:30:14.000000Z","2026-04-28T04:30:14.000000Z","IMPC","RG",0,2200.0,5700,"IH","D","KI","D",3151992,3230716,1165463
"2026-04-28T11:30:57.000000Z","2026-04-28T04:30:57.000000Z","IMPC","RG",0,2210.0,200,"PD","D","YP","D",3237335,3198895,1167657
"2026-04-28T11:31:08.000000Z","2026-04-28T04:31:08.000000Z","IMPC","RG",0,2210.0,9000,"LG","D","YP","D",3239189,3198895,1168872
"2026-04-28T11:31:08.000000Z","2026-04-28T04:31:08.000000Z","IMPC","RG",0,2210.0,200,"LG","D","AK","F",3239189,3200685,1168873
"2026-04-28T11:31:08.000000Z","2026-04-28T04:31:08.000000Z","IMPC","RG",0,2210.0,600,"LG","D","AK","F",3239189,3200686,1168874
"2026-04-28T11:31:08.000000Z","2026-04-28T04:31:08.000000Z","IMPC","RG",0,2210.0,7100,"LG","D","AK","F",3239189,3200695,1168875
"2026-04-28T11:31:08.000000Z","2026-04-28T04:31:08.000000Z","IMPC","RG",0,2210.0,3100,"LG","D","AK","F",3239189,3209578,1168876
"2026-04-28T11:31:59.000000Z","2026-04-28T04:31:59.000000Z","IMPC","RG",0,2210.0,100,"XC","D","AK","F",3248083,3209578,1172651
"2026-04-28T11:32:10.000000Z","2026-04-28T04:32:10.000000Z","IMPC","RG",0,2200.0,1000,"IH","D","XL","D",3151992,3250630,1173582
"2026-04-28T11:32:27.000000Z","2026-04-28T04:32:27.000000Z","IMPC","RG",0,2200.0,2500,"IH","D","AZ","D",3151992,3253822,1174792
"2026-04-28T11:32:46.000000Z","2026-04-28T04:32:46.000000Z","IMPC","RG",0,2200.0,100,"IH","D","CC","D",3151992,3257512,1176166
"2026-04-28T11:33:23.000000Z","2026-04-28T04:33:23.000000Z","IMPC","RG",0,2210.0,100,"CC","F","AK","F",3264629,3209578,1178604
"2026-04-28T11:33:23.000000Z","2026-04-28T04:33:23.000000Z","IMPC","RG",0,2210.0,2500,"CC","F","XL","D",3264629,3213872,1178605
"2026-04-28T11:34:12.000000Z","2026-04-28T04:34:12.000000Z","IMPC","RG",0,2210.0,100,"XC","D","XL","D",3272249,3215498,1181141
"2026-04-28T11:34:12.000000Z","2026-04-28T04:34:12.000000Z","IMPC","RG",0,2210.0,100,"XC","D","BK","F",3272249,3216134,1181142
"2026-04-28T11:34:40.000000Z","2026-04-28T04:34:40.000000Z","IMPC","RG",0,2210.0,200,"XL","D","BK","F",3276601,3216134,1182983
"2026-04-28T11:35:12.000000Z","2026-04-28T04:35:12.000000Z","IMPC","RG",0,2200.0,700,"IH","D","BK","F",3151992,3281685,1184902
"2026-04-28T11:35:12.000000Z","2026-04-28T04:35:12.000000Z","IMPC","RG",0,2200.0,500,"CC","D","BK","F",3153871,3281685,1184903
"2026-04-28T11:35:12.000000Z","2026-04-28T04:35:12.000000Z","IMPC","RG",0,2200.0,1000,"XC","D","BK","F",3155326,3281685,1184904
"2026-04-28T11:35:23.000000Z","2026-04-28T04:35:23.000000Z","IMPC","RG",0,2210.0,500,"XL","D","BK","F",3283505,3216134,1185602
"2026-04-28T11:35:26.000000Z","2026-04-28T04:35:26.000000Z","IMPC","RG",0,2200.0,400,"XC","D","XC","D",3155326,3284045,1185775
"2026-04-28T11:35:40.000000Z","2026-04-28T04:35:40.000000Z","IMPC","RG",0,2210.0,100,"XL","D","BK","F",3286273,3216134,1186481
"2026-04-28T11:35:49.000000Z","2026-04-28T04:35:49.000000Z","IMPC","RG",0,2210.0,300,"CC","F","BK","F",3287774,3216134,1187709
"2026-04-28T11:35:50.000000Z","2026-04-28T04:35:50.000000Z","IMPC","RG",0,2210.0,300,"CC","F","BK","F",3287884,3216134,1187755
"2026-04-28T11:36:25.000000Z","2026-04-28T04:36:25.000000Z","IMPC","RG",0,2200.0,1100,"XC","D","KI","D",3155326,3293827,1189808
"2026-04-28T11:36:25.000000Z","2026-04-28T04:36:25.000000Z","IMPC","RG",0,2200.0,100,"LG","D","KI","D",3161330,3293827,1189809
"2026-04-28T11:36:25.000000Z","2026-04-28T04:36:25.000000Z","IMPC","RG",0,2200.0,4700,"XL","D","KI","D",3168060,3293827,1189810
"2026-04-28T11:36:25.000000Z","2026-04-28T04:36:25.000000Z","IMPC","RG",0,2200.0,2400,"XL","D","KI","D",3169697,3293827,1189811
"2026-04-28T11:36:39.000000Z","2026-04-28T04:36:39.000000Z","IMPC","RG",0,2200.0,8100,"XL","D","XL","D",3169697,3296031,1190855
"2026-04-28T11:37:15.000000Z","2026-04-28T04:37:15.000000Z","IMPC","RG",0,2200.0,700,"XL","D","AK","F",3169697,3302279,1193127
"2026-04-28T11:37:15.000000Z","2026-04-28T04:37:15.000000Z","IMPC","RG",0,2200.0,3100,"XL","D","AK","F",3169697,3302296,1193133
"2026-04-28T11:37:16.000000Z","2026-04-28T04:37:16.000000Z","IMPC","RG",0,2210.0,200,"CC","F","BK","F",3302429,3216134,1193215
"2026-04-28T11:37:16.000000Z","2026-04-28T04:37:16.000000Z","IMPC","RG",0,2210.0,200,"CC","F","BK","F",3302477,3216134,1193223
"2026-04-28T11:37:16.000000Z","2026-04-28T04:37:16.000000Z","IMPC","RG",0,2210.0,200,"CC","F","AK","F",3302477,3220591,1193224
"2026-04-28T11:37:19.000000Z","2026-04-28T04:37:19.000000Z","IMPC","RG",0,2210.0,200,"CC","F","AK","F",3303000,3220591,1193332
"2026-04-28T11:37:48.000000Z","2026-04-28T04:37:48.000000Z","IMPC","RG",0,2210.0,100,"CC","F","AK","F",3307565,3220591,1195030
"2026-04-28T11:37:48.000000Z","2026-04-28T04:37:48.000000Z","IMPC","RG",0,2210.0,200,"CC","F","AK","F",3307565,3302276,1195031
"2026-04-28T11:37:52.000000Z","2026-04-28T04:37:52.000000Z","IMPC","RG",0,2210.0,300,"CC","F","AK","F",3308242,3302276,1195323
"2026-04-28T11:37:52.000000Z","2026-04-28T04:37:52.000000Z","IMPC","RG",0,2210.0,100,"CC","F","XL","D",3308242,3224419,1195324
"2026-04-28T11:37:52.000000Z","2026-04-28T04:37:52.000000Z","IMPC","RG",0,2210.0,100,"ZP","F","XL","D",3308277,3224419,1195328
"2026-04-28T11:38:01.000000Z","2026-04-28T04:38:01.000000Z","IMPC","RG",0,2200.0,10700,"XL","D","XC","D",3169697,3309811,1195788
"2026-04-28T11:38:01.000000Z","2026-04-28T04:38:01.000000Z","IMPC","RG",0,2200.0,100,"XL","D","XC","D",3188217,3309811,1195789
"2026-04-28T11:38:01.000000Z","2026-04-28T04:38:01.000000Z","IMPC","RG",0,2200.0,200,"XL","D","XC","D",3194783,3309811,1195790
"2026-04-28T11:38:01.000000Z","2026-04-28T04:38:01.000000Z","IMPC","RG",0,2200.0,1600,"CC","F","XC","D",3198960,3309811,1195791
"2026-04-28T11:38:01.000000Z","2026-04-28T04:38:01.000000Z","IMPC","RG",0,2200.0,1700,"CC","F","XC","D",3199000,3309811,1195792
"2026-04-28T11:38:01.000000Z","2026-04-28T04:38:01.000000Z","IMPC","RG",0,2200.0,800,"CC","F","XC","D",3264615,3309811,1195793
"2026-04-28T11:38:01.000000Z","2026-04-28T04:38:01.000000Z","IMPC","RG",0,2200.0,100,"ZP","F","XC","D",3201215,3309811,1195794
"2026-04-28T11:38:01.000000Z","2026-04-28T04:38:01.000000Z","IMPC","RG",0,2200.0,2000,"XC","D","XC","D",3203593,3309811,1195795
"2026-04-28T11:38:01.000000Z","2026-04-28T04:38:01.000000Z","IMPC","RG",0,2200.0,1000,"XL","D","XC","D",3203802,3309811,1195796
"2026-04-28T11:38:01.000000Z","2026-04-28T04:38:01.000000Z","IMPC","RG",0,2200.0,4600,"BK","F","XC","D",3205908,3309811,1195797
"2026-04-28T11:38:30.000000Z","2026-04-28T04:38:30.000000Z","IMPC","RG",0,2200.0,4800,"--","-","--","-",3205908,0,1197452
"2026-04-28T11:38:38.000000Z","2026-04-28T04:38:38.000000Z","IMPC","RG",0,2210.0,4800,"OD","D","XL","D",3315928,3224419,1197834
"2026-04-28T11:38:38.000000Z","2026-04-28T04:38:38.000000Z","IMPC","RG",0,2210.0,200,"OD","D","AK","F",3315928,3226952,1197835
"2026-04-28T11:38:38.000000Z","2026-04-28T04:38:38.000000Z","IMPC","RG",0,2210.0,1000,"OD","D","KI","D",3315928,3228301,1197836
"2026-04-28T11:39:12.000000Z","2026-04-28T04:39:12.000000Z","IMPC","RG",0,2200.0,900,"BK","F","AK","F",3205908,3321284,1199950
"2026-04-28T11:39:12.000000Z","2026-04-28T04:39:12.000000Z","IMPC","RG",0,2200.0,2600,"BK","F","AK","F",3205908,3321290,1199953
"2026-04-28T11:39:39.000000Z","2026-04-28T04:39:39.000000Z","IMPC","RG",0,2210.0,300,"--","-","--","-",0,3228301,1201425
"2026-04-28T11:40:04.000000Z","2026-04-28T04:40:04.000000Z","IMPC","RG",0,2210.0,400,"XL","D","KI","D",3330363,3228301,1203203
"2026-04-28T11:40:10.000000Z","2026-04-28T04:40:10.000000Z","IMPC","RG",0,2200.0,4700,"BK","F","CC","D",3205908,3331303,1203448
"2026-04-28T11:40:10.000000Z","2026-04-28T04:40:10.000000Z","IMPC","RG",0,2200.0,100,"CC","F","CC","D",3205938,3331303,1203449
"2026-04-28T11:40:10.000000Z","2026-04-28T04:40:10.000000Z","IMPC","RG",0,2200.0,200,"CC","F","CC","D",3206574,3331303,1203450
"2026-04-28T11:40:11.000000Z","2026-04-28T04:40:11.000000Z","IMPC","RG",0,2210.0,300,"CC","F","KI","D",3331430,3228301,1203511
"2026-04-28T11:40:12.000000Z","2026-04-28T04:40:12.000000Z","IMPC","RG",0,2210.0,3000,"OD","D","KI","D",3331620,3228301,1203789
"2026-04-28T11:40:40.000000Z","2026-04-28T04:40:40.000000Z","IMPC","RG",0,2200.0,2000,"DH","D","AK","F",3210106,3336258,1205249
"2026-04-28T11:40:59.000000Z","2026-04-28T04:40:59.000000Z","IMPC","RG",0,2210.0,1000,"OD","D","KI","D",3339198,3228301,1206451
"2026-04-28T11:41:30.000000Z","2026-04-28T04:41:30.000000Z","IMPC","RG",0,2200.0,300,"DH","D","AK","F",3210106,3344197,1208660
"2026-04-28T11:41:30.000000Z","2026-04-28T04:41:30.000000Z","IMPC","RG",0,2200.0,3300,"CP","D","AK","F",3216584,3344197,1208661
"2026-04-28T11:42:35.000000Z","2026-04-28T04:42:35.000000Z","IMPC","RG",0,2200.0,3000,"--","-","--","-",3216584,0,1212542
"2026-04-28T11:43:06.000000Z","2026-04-28T04:43:06.000000Z","IMPC","RG",0,2200.0,2200,"CP","D","BK","F",3216584,3359215,1214069
"2026-04-28T11:43:45.000000Z","2026-04-28T04:43:45.000000Z","IMPC","RG",0,2200.0,1500,"--","-","--","-",3216584,0,1216071
"2026-04-28T11:43:45.000000Z","2026-04-28T04:43:45.000000Z","IMPC","RG",0,2200.0,200,"--","-","--","-",3216645,0,1216072
"2026-04-28T11:43:45.000000Z","2026-04-28T04:43:45.000000Z","IMPC","RG",0,2200.0,300,"--","-","--","-",3216672,0,1216073
"2026-04-28T11:43:45.000000Z","2026-04-28T04:43:45.000000Z","IMPC","RG",0,2200.0,200,"--","-","--","-",3221770,0,1216074
"2026-04-28T11:43:45.000000Z","2026-04-28T04:43:45.000000Z","IMPC","RG",0,2200.0,200,"--","-","--","-",3226141,0,1216075
"2026-04-28T11:43:45.000000Z","2026-04-28T04:43:45.000000Z","IMPC","RG",0,2200.0,1000,"--","-","--","-",3229542,0,1216076
"2026-04-28T11:43:45.000000Z","2026-04-28T04:43:45.000000Z","IMPC","RG",0,2200.0,100,"--","-","--","-",3233457,0,1216077
"2026-04-28T11:43:48.000000Z","2026-04-28T04:43:48.000000Z","IMPC","RG",0,2210.0,300,"--","-","--","-",0,3228301,1216201
"2026-04-28T11:44:18.000000Z","2026-04-28T04:44:18.000000Z","IMPC","RG",0,2210.0,500,"--","-","--","-",0,3228301,1217642
"2026-04-28T11:44:45.000000Z","2026-04-28T04:44:45.000000Z","IMPC","RG",0,2210.0,400,"--","-","--","-",0,3228301,1218863
"2026-04-28T11:44:59.000000Z","2026-04-28T04:44:59.000000Z","IMPC","RG",0,2200.0,100,"--","-","--","-",3234729,0,1219486
"2026-04-28T11:44:59.000000Z","2026-04-28T04:44:59.000000Z","IMPC","RG",0,2200.0,500,"--","-","--","-",3239263,0,1219487
"2026-04-28T11:45:10.000000Z","2026-04-28T04:45:10.000000Z","IMPC","RG",0,2200.0,3200,"ZP","F","AK","F",3239263,3376670,1219875
"2026-04-28T11:45:54.000000Z","2026-04-28T04:45:54.000000Z","IMPC","RG",0,2210.0,200,"--","-","--","-",0,3228301,1222187
"2026-04-28T11:46:13.000000Z","2026-04-28T04:46:13.000000Z","IMPC","RG",0,2210.0,100,"ZP","F","KI","D",3385571,3228301,1223124
"2026-04-28T11:46:43.000000Z","2026-04-28T04:46:43.000000Z","IMPC","RG",0,2200.0,200,"--","-","--","-",3239263,0,1224669
"2026-04-28T11:46:43.000000Z","2026-04-28T04:46:43.000000Z","IMPC","RG",0,2200.0,500,"--","-","--","-",3242135,0,1224670
"2026-04-28T11:46:43.000000Z","2026-04-28T04:46:43.000000Z","IMPC","RG",0,2200.0,100,"--","-","--","-",3248247,0,1224671
"2026-04-28T11:46:43.000000Z","2026-04-28T04:46:43.000000Z","IMPC","RG",0,2200.0,500,"--","-","--","-",3249855,0,1224672
"2026-04-28T11:46:43.000000Z","2026-04-28T04:46:43.000000Z","IMPC","RG",0,2200.0,1000,"--","-","--","-",3249855,0,1224673
"2026-04-28T11:46:43.000000Z","2026-04-28T04:46:43.000000Z","IMPC","RG",0,2200.0,100,"--","-","--","-",3250177,0,1224674
"2026-04-28T11:46:43.000000Z","2026-04-28T04:46:43.000000Z","IMPC","RG",0,2200.0,1000,"--","-","--","-",3257568,0,1224675
"2026-04-28T11:46:55.000000Z","2026-04-28T04:46:55.000000Z","IMPC","RG",0,2210.0,200,"--","-","--","-",0,3228301,1225271
"2026-04-28T11:47:09.000000Z","2026-04-28T04:47:09.000000Z","IMPC","RG",0,2210.0,500,"--","-","--","-",0,3228301,1226048
"2026-04-28T11:47:17.000000Z","2026-04-28T04:47:17.000000Z","IMPC","RG",0,2210.0,3500,"--","-","--","-",0,3228301,1226543
"2026-04-28T11:47:17.000000Z","2026-04-28T04:47:17.000000Z","IMPC","RG",0,2210.0,1900,"--","-","--","-",0,3229232,1226544
"2026-04-28T11:47:19.000000Z","2026-04-28T04:47:19.000000Z","IMPC","RG",0,2200.0,9000,"--","-","--","-",3257568,0,1226575
"2026-04-28T11:47:19.000000Z","2026-04-28T04:47:19.000000Z","IMPC","RG",0,2200.0,100,"--","-","--","-",3258822,0,1226576
"2026-04-28T11:47:19.000000Z","2026-04-28T04:47:19.000000Z","IMPC","RG",0,2200.0,1000,"--","-","--","-",3263749,0,1226577
"2026-04-28T11:47:19.000000Z","2026-04-28T04:47:19.000000Z","IMPC","RG",0,2200.0,1200,"--","-","--","-",3265340,0,1226578
"2026-04-28T11:47:19.000000Z","2026-04-28T04:47:19.000000Z","IMPC","RG",0,2200.0,300,"--","-","--","-",3265950,0,1226579
"2026-04-28T11:47:19.000000Z","2026-04-28T04:47:19.000000Z","IMPC","RG",0,2200.0,1000,"--","-","--","-",3267739,0,1226580
"2026-04-28T11:47:19.000000Z","2026-04-28T04:47:19.000000Z","IMPC","RG",0,2200.0,100,"--","-","--","-",3289768,0,1226581
"2026-04-28T11:47:19.000000Z","2026-04-28T04:47:19.000000Z","IMPC","RG",0,2200.0,100,"--","-","--","-",3292279,0,1226582
"2026-04-28T11:47:19.000000Z","2026-04-28T04:47:19.000000Z","IMPC","RG",0,2200.0,100,"--","-","--","-",3294148,0,1226583
"2026-04-28T11:47:19.000000Z","2026-04-28T04:47:19.000000Z","IMPC","RG",0,2200.0,100,"--","-","--","-",3309856,0,1226584
"2026-04-28T11:47:19.000000Z","2026-04-28T04:47:19.000000Z","IMPC","RG",0,2200.0,200,"--","-","--","-",3310369,0,1226585
"2026-04-28T11:47:19.000000Z","2026-04-28T04:47:19.000000Z","IMPC","RG",0,2200.0,200,"--","-","--","-",3310492,0,1226586
"2026-04-28T11:47:19.000000Z","2026-04-28T04:47:19.000000Z","IMPC","RG",0,2200.0,100,"--","-","--","-",3316256,0,1226587
"2026-04-28T11:47:19.000000Z","2026-04-28T04:47:19.000000Z","IMPC","RG",0,2200.0,100,"--","-","--","-",3316403,0,1226588
"2026-04-28T11:47:19.000000Z","2026-04-28T04:47:19.000000Z","IMPC","RG",0,2200.0,100,"--","-","--","-",3332017,0,1226589
"2026-04-28T11:47:19.000000Z","2026-04-28T04:47:19.000000Z","IMPC","RG",0,2200.0,100,"--","-","--","-",3332118,0,1226590
"2026-04-28T11:47:19.000000Z","2026-04-28T04:47:19.000000Z","IMPC","RG",0,2200.0,5000,"--","-","--","-",3333010,0,1226591
"2026-04-28T11:47:19.000000Z","2026-04-28T04:47:19.000000Z","IMPC","RG",0,2200.0,200,"--","-","--","-",3342362,0,1226592
"2026-04-28T11:47:19.000000Z","2026-04-28T04:47:19.000000Z","IMPC","RG",0,2200.0,200,"--","-","--","-",3342528,0,1226593
"2026-04-28T11:47:19.000000Z","2026-04-28T04:47:19.000000Z","IMPC","RG",0,2200.0,1000,"--","-","--","-",3344364,0,1226594
"2026-04-28T11:47:19.000000Z","2026-04-28T04:47:19.000000Z","IMPC","RG",0,2200.0,100,"--","-","--","-",3346861,0,1226595
"2026-04-28T11:47:19.000000Z","2026-04-28T04:47:19.000000Z","IMPC","RG",0,2200.0,100,"--","-","--","-",3347325,0,1226596
"2026-04-28T11:47:19.000000Z","2026-04-28T04:47:19.000000Z","IMPC","RG",0,2200.0,100,"--","-","--","-",3354980,0,1226597
"2026-04-28T11:47:19.000000Z","2026-04-28T04:47:19.000000Z","IMPC","RG",0,2200.0,1200,"--","-","--","-",3355131,0,1226598
"2026-04-28T11:47:34.000000Z","2026-04-28T04:47:34.000000Z","IMPC","RG",0,2200.0,1300,"YP","D","CC","D",3355131,3397060,1227302
"2026-04-28T11:47:34.000000Z","2026-04-28T04:47:34.000000Z","IMPC","RG",0,2200.0,100,"AK","F","CC","D",3356466,3397060,1227303
"2026-04-28T11:47:34.000000Z","2026-04-28T04:47:34.000000Z","IMPC","RG",0,2200.0,100,"YP","D","CC","D",3357891,3397060,1227304
"2026-04-28T11:47:34.000000Z","2026-04-28T04:47:34.000000Z","IMPC","RG",0,2200.0,11000,"XL","D","CC","D",3362161,3397060,1227305
"2026-04-28T11:47:34.000000Z","2026-04-28T04:47:34.000000Z","IMPC","RG",0,2200.0,100,"CC","F","CC","D",3362704,3397060,1227306
"2026-04-28T11:47:34.000000Z","2026-04-28T04:47:34.000000Z","IMPC","RG",0,2200.0,200,"CC","F","CC","D",3365094,3397060,1227307
"2026-04-28T11:47:34.000000Z","2026-04-28T04:47:34.000000Z","IMPC","RG",0,2200.0,500,"XL","D","CC","D",3365656,3397060,1227308
"2026-04-28T11:47:34.000000Z","2026-04-28T04:47:34.000000Z","IMPC","RG",0,2200.0,1000,"YP","D","CC","D",3366320,3397060,1227309
"2026-04-28T11:47:34.000000Z","2026-04-28T04:47:34.000000Z","IMPC","RG",0,2200.0,200,"CC","F","CC","D",3380186,3397060,1227310
"2026-04-28T11:47:34.000000Z","2026-04-28T04:47:34.000000Z","IMPC","RG",0,2200.0,100,"CC","F","CC","D",3380291,3397060,1227311
"2026-04-28T11:47:34.000000Z","2026-04-28T04:47:34.000000Z","IMPC","RG",0,2200.0,100,"XL","D","CC","D",3370601,3397060,1227312
"2026-04-28T11:47:34.000000Z","2026-04-28T04:47:34.000000Z","IMPC","RG",0,2200.0,100,"--","-","--","-",3381620,0,1227313
"2026-04-28T11:47:34.000000Z","2026-04-28T04:47:34.000000Z","IMPC","RG",0,2200.0,100,"--","-","--","-",3384950,0,1227314
"2026-04-28T11:47:34.000000Z","2026-04-28T04:47:34.000000Z","IMPC","RG",0,2200.0,100,"--","-","--","-",3385046,0,1227315
"2026-04-28T11:47:34.000000Z","2026-04-28T04:47:34.000000Z","IMPC","RG",0,2200.0,100,"--","-","--","-",3395114,0,1227316
"2026-04-28T11:47:34.000000Z","2026-04-28T04:47:34.000000Z","IMPC","RG",0,2200.0,3200,"--","-","--","-",3395302,0,1227317
"2026-04-28T11:47:37.000000Z","2026-04-28T04:47:37.000000Z","IMPC","RG",0,2200.0,1300,"--","-","--","-",3395302,0,1227482
"2026-04-28T11:47:49.000000Z","2026-04-28T04:47:49.000000Z","IMPC","RG",0,2210.0,200,"--","-","--","-",0,3229232,1227992
"2026-04-28T11:47:54.000000Z","2026-04-28T04:47:54.000000Z","IMPC","RG",0,2200.0,500,"--","-","--","-",3395302,0,1228292
"2026-04-28T11:47:54.000000Z","2026-04-28T04:47:54.000000Z","IMPC","RG",0,2200.0,200,"--","-","--","-",3397135,0,1228293
"2026-04-28T11:47:54.000000Z","2026-04-28T04:47:54.000000Z","IMPC","RG",0,2200.0,200,"--","-","--","-",3397198,0,1228294
"2026-04-28T11:47:54.000000Z","2026-04-28T04:47:54.000000Z","IMPC","RG",0,2200.0,100,"--","-","--","-",3397261,0,1228295
"2026-04-28T11:47:55.000000Z","2026-04-28T04:47:55.000000Z","IMPC","RG",0,2200.0,900,"--","-","--","-",0,3399766,1228299
"2026-04-28T11:47:55.000000Z","2026-04-28T04:47:55.000000Z","IMPC","RG",0,2200.0,3000,"--","-","--","-",0,3399777,1228300
"2026-04-28T11:47:55.000000Z","2026-04-28T04:47:55.000000Z","IMPC","RG",0,2200.0,1200,"--","-","--","-",0,3399778,1228301
"2026-04-28T11:48:56.000000Z","2026-04-28T04:48:56.000000Z","IMPC","RG",0,2200.0,1000,"--","-","--","-",3402638,0,1231507
"2026-04-28T11:48:56.000000Z","2026-04-28T04:48:56.000000Z","IMPC","RG",0,2200.0,4000,"--","-","--","-",3403075,0,1231508
"2026-04-28T11:49:18.000000Z","2026-04-28T04:49:18.000000Z","IMPC","RG",0,2210.0,100,"--","-","--","-",0,3229232,1232654
"2026-04-28T11:49:59.000000Z","2026-04-28T04:49:59.000000Z","IMPC","RG",0,2200.0,3000,"--","-","--","-",3403075,0,1234613
"2026-04-28T11:50:08.000000Z","2026-04-28T04:50:08.000000Z","IMPC","RG",0,2200.0,11300,"--","-","--","-",3403075,0,1235087
"2026-04-28T11:50:31.000000Z","2026-04-28T04:50:31.000000Z","IMPC","RG",0,2200.0,3700,"CC","F","AK","F",3403075,3420558,1235985
"2026-04-28T11:52:05.000000Z","2026-04-28T04:52:05.000000Z","IMPC","RG",0,2200.0,3100,"--","-","--","-",3403075,0,1240982
"2026-04-28T11:52:12.000000Z","2026-04-28T04:52:12.000000Z","IMPC","RG",0,2200.0,2100,"--","-","--","-",3403075,0,1241511
"2026-04-28T11:53:28.000000Z","2026-04-28T04:53:28.000000Z","IMPC","RG",0,2200.0,2800,"CC","F","AK","F",3403075,3445310,1244652
"2026-04-28T11:53:28.000000Z","2026-04-28T04:53:28.000000Z","IMPC","RG",0,2200.0,300,"CC","F","AK","F",3403245,3445310,1244653
"2026-04-28T11:54:00.000000Z","2026-04-28T04:54:00.000000Z","IMPC","RG",0,2200.0,200,"CC","F","XC","D",3403245,3449406,1245998
"2026-04-28T11:54:00.000000Z","2026-04-28T04:54:00.000000Z","IMPC","RG",0,2200.0,300,"MG","D","XC","D",3404551,3449406,1245999
"2026-04-28T11:54:37.000000Z","2026-04-28T04:54:37.000000Z","IMPC","RG",0,2200.0,600,"--","-","--","-",3404551,0,1247639
"2026-04-28T11:54:47.000000Z","2026-04-28T04:54:47.000000Z","IMPC","RG",0,2200.0,3000,"--","-","--","-",3404551,0,1248065
"2026-04-28T11:56:06.000000Z","2026-04-28T04:56:06.000000Z","IMPC","RG",0,2200.0,700,"MG","D","BK","F",3404551,3465110,1254548
"2026-04-28T11:56:06.000000Z","2026-04-28T04:56:06.000000Z","IMPC","RG",0,2200.0,1000,"LG","D","BK","F",3407655,3465110,1254549
"2026-04-28T11:56:06.000000Z","2026-04-28T04:56:06.000000Z","IMPC","RG",0,2200.0,400,"CC","F","BK","F",3407742,3465110,1254550
"2026-04-28T11:56:21.000000Z","2026-04-28T04:56:21.000000Z","IMPC","RG",0,2200.0,500,"CC","F","AK","F",3407742,3466897,1255342
"2026-04-28T11:56:21.000000Z","2026-04-28T04:56:21.000000Z","IMPC","RG",0,2200.0,900,"CC","F","AK","F",3407834,3466897,1255343
"2026-04-28T11:56:21.000000Z","2026-04-28T04:56:21.000000Z","IMPC","RG",0,2200.0,100,"CC","D","AK","F",3409470,3466897,1255344
"2026-04-28T11:56:21.000000Z","2026-04-28T04:56:21.000000Z","IMPC","RG",0,2200.0,1000,"LG","D","AK","F",3410866,3466897,1255345
"2026-04-28T11:56:21.000000Z","2026-04-28T04:56:21.000000Z","IMPC","RG",0,2200.0,1200,"KK","D","AK","F",3419859,3466897,1255346
"2026-04-28T11:57:29.000000Z","2026-04-28T04:57:29.000000Z","IMPC","RG",0,2210.0,100,"XL","D","BK","F",3475642,3233708,1259534
"2026-04-28T11:58:20.000000Z","2026-04-28T04:58:20.000000Z","IMPC","RG",0,2200.0,2100,"KK","D","BK","F",3419859,3482799,1262241
"2026-04-28T11:58:22.000000Z","2026-04-28T04:58:22.000000Z","IMPC","RG",0,2210.0,2000,"CC","F","BK","F",3483125,3233708,1262327
"2026-04-28T11:58:22.000000Z","2026-04-28T04:58:22.000000Z","IMPC","RG",0,2210.0,500,"CC","F","BK","F",3483125,3238092,1262328
"2026-04-28T11:58:22.000000Z","2026-04-28T04:58:22.000000Z","IMPC","RG",0,2210.0,500,"CC","F","AK","F",3483125,3250664,1262329
"2026-04-28T11:58:22.000000Z","2026-04-28T04:58:22.000000Z","IMPC","RG",0,2210.0,40700,"CC","F","YU","F",3483125,3253221,1262330
"2026-04-28T11:58:22.000000Z","2026-04-28T04:58:22.000000Z","IMPC","RG",0,2210.0,100,"CC","F","XC","D",3483125,3262219,1262331
"2026-04-28T11:58:22.000000Z","2026-04-28T04:58:22.000000Z","IMPC","RG",0,2210.0,600,"CC","F","AK","F",3483125,3289578,1262332
"2026-04-28T11:58:22.000000Z","2026-04-28T04:58:22.000000Z","IMPC","RG",0,2210.0,1500,"CC","F","AK","F",3483125,3466907,1262333
"2026-04-28T11:58:22.000000Z","2026-04-28T04:58:22.000000Z","IMPC","RG",0,2210.0,2300,"CC","F","BK","F",3483125,3302955,1262334
"2026-04-28T11:58:22.000000Z","2026-04-28T04:58:22.000000Z","IMPC","RG",0,2210.0,200,"CC","F","AK","F",3483125,3305407,1262335
"2026-04-28T11:58:22.000000Z","2026-04-28T04:58:22.000000Z","IMPC","RG",0,2210.0,3700,"CC","F","AK","F",3483125,3312097,1262336
"2026-04-28T11:58:22.000000Z","2026-04-28T04:58:22.000000Z","IMPC","RG",0,2210.0,200,"CC","F","AK","F",3483125,3314634,1262337
"2026-04-28T11:58:22.000000Z","2026-04-28T04:58:22.000000Z","IMPC","RG",0,2210.0,600,"CC","F","AK","F",3483125,3323202,1262338
"2026-04-28T11:58:22.000000Z","2026-04-28T04:58:22.000000Z","IMPC","RG",0,2210.0,3100,"CC","F","AK","F",3483125,3330304,1262339
"2026-04-28T11:58:22.000000Z","2026-04-28T04:58:22.000000Z","IMPC","RG",0,2210.0,5000,"CC","F","XL","D",3483125,3345721,1262340
"2026-04-28T11:58:22.000000Z","2026-04-28T04:58:22.000000Z","IMPC","RG",0,2210.0,600,"CC","F","AK","F",3483125,3352028,1262341
"2026-04-28T11:58:22.000000Z","2026-04-28T04:58:22.000000Z","IMPC","RG",0,2210.0,200,"CC","F","AK","F",3483125,3356467,1262342
"2026-04-28T11:58:22.000000Z","2026-04-28T04:58:22.000000Z","IMPC","RG",0,2210.0,6800,"CC","F","XL","D",3483125,3370196,1262343
"2026-04-28T11:58:22.000000Z","2026-04-28T04:58:22.000000Z","IMPC","RG",0,2210.0,200,"CC","F","OD","D",3483125,3377495,1262344
"2026-04-28T11:58:22.000000Z","2026-04-28T04:58:22.000000Z","IMPC","RG",0,2210.0,600,"CC","F","AK","F",3483125,3393249,1262345
"2026-04-28T11:58:22.000000Z","2026-04-28T04:58:22.000000Z","IMPC","RG",0,2210.0,400,"CC","F","BK","F",3483125,3397381,1262346
"2026-04-28T11:58:22.000000Z","2026-04-28T04:58:22.000000Z","IMPC","RG",0,2210.0,3100,"CC","F","AK","F",3483125,3398781,1262347
"2026-04-28T11:58:22.000000Z","2026-04-28T04:58:22.000000Z","IMPC","RG",0,2210.0,500,"CC","F","BK","F",3483125,3399795,1262348
"2026-04-28T11:58:22.000000Z","2026-04-28T04:58:22.000000Z","IMPC","RG",0,2210.0,800,"CC","F","BK","F",3483125,3408026,1262349
"2026-04-28T11:58:22.000000Z","2026-04-28T04:58:22.000000Z","IMPC","RG",0,2210.0,3100,"CC","F","AK","F",3483125,3409015,1262350
"2026-04-28T11:58:22.000000Z","2026-04-28T04:58:22.000000Z","IMPC","RG",0,2210.0,200,"CC","F","AK","F",3483125,3410613,1262351
"2026-04-28T11:58:22.000000Z","2026-04-28T04:58:22.000000Z","IMPC","RG",0,2210.0,200,"CC","F","AK","F",3483125,3419203,1262352
"2026-04-28T11:58:22.000000Z","2026-04-28T04:58:22.000000Z","IMPC","RG",0,2210.0,500,"CC","F","AK","F",3483125,3424572,1262353
"2026-04-28T11:58:22.000000Z","2026-04-28T04:58:22.000000Z","IMPC","RG",0,2210.0,500,"CC","F","AK","F",3483125,3453458,1262354
"2026-04-28T11:58:22.000000Z","2026-04-28T04:58:22.000000Z","IMPC","RG",0,2210.0,5100,"CC","F","XL","D",3483125,3468316,1262355
"2026-04-28T11:58:22.000000Z","2026-04-28T04:58:22.000000Z","IMPC","RG",0,2210.0,50000,"CC","F","XC","D",3483125,3471788,1262356
"2026-04-28T11:58:22.000000Z","2026-04-28T04:58:22.000000Z","IMPC","RG",0,2210.0,3400,"CC","F","AK","F",3483125,3475482,1262357
"2026-04-28T11:58:22.000000Z","2026-04-28T04:58:22.000000Z","IMPC","RG",0,2210.0,200,"CC","F","XL","D",3483125,3478993,1262358
"2026-04-28T11:58:22.000000Z","2026-04-28T04:58:22.000000Z","IMPC","RG",0,2210.0,2600,"CC","F","YP","D",3483125,3482676,1262359
"2026-04-28T11:58:24.000000Z","2026-04-28T04:58:24.000000Z","IMPC","RG",0,2220.0,200,"CC","F","XL","D",3483359,3197006,1262460
"2026-04-28T11:58:24.000000Z","2026-04-28T04:58:24.000000Z","IMPC","RG",0,2220.0,600,"CC","F","XL","D",3483359,3197417,1262461
"2026-04-28T11:58:24.000000Z","2026-04-28T04:58:24.000000Z","IMPC","RG",0,2220.0,1500,"CC","F","PD","D",3483359,3198836,1262462
"2026-04-28T11:58:24.000000Z","2026-04-28T04:58:24.000000Z","IMPC","RG",0,2220.0,2300,"CC","F","PD","D",3483476,3198836,1262494
"2026-04-28T11:58:25.000000Z","2026-04-28T04:58:25.000000Z","IMPC","RG",0,2220.0,2700,"CC","F","PD","D",3483488,3198836,1262515
"2026-04-28T11:59:30.000000Z","2026-04-28T04:59:30.000000Z","IMPC","RG",0,2220.0,6500,"XL","D","PD","D",3493078,3198836,1266566
"2026-04-28T11:59:55.000000Z","2026-04-28T04:59:55.000000Z","IMPC","RG",0,2220.0,500,"YP","D","PD","D",3497872,3198836,1268879
"2026-04-28T13:30:02.000000Z","2026-04-28T06:30:02.000000Z","IMPC","RG",0,2220.0,2000,"TP","D","PD","D",3506077,3198836,1271931
"2026-04-28T13:30:02.000000Z","2026-04-28T06:30:02.000000Z","IMPC","RG",0,2220.0,1000,"SQ","D","PD","D",3500005,3198836,1269635
"2026-04-28T13:30:02.000000Z","2026-04-28T06:30:02.000000Z","IMPC","RG",0,2220.0,100,"ZP","D","PD","D",3504697,3198836,1271346
"2026-04-28T13:30:02.000000Z","2026-04-28T06:30:02.000000Z","IMPC","RG",0,2220.0,16700,"XL","D","PD","D",3506653,3198836,1272085
"2026-04-28T13:30:02.000000Z","2026-04-28T06:30:02.000000Z","IMPC","RG",0,2220.0,1300,"XL","D","KK","D",3506653,3228462,1272086
"2026-04-28T13:30:02.000000Z","2026-04-28T06:30:02.000000Z","IMPC","RG",0,2220.0,2000,"XL","D","TP","D",3506653,3270218,1272087
"2026-04-28T13:30:02.000000Z","2026-04-28T06:30:02.000000Z","IMPC","RG",0,2220.0,1500,"XL","D","PD","D",3506653,3351651,1272088
"2026-04-28T13:30:02.000000Z","2026-04-28T06:30:02.000000Z","IMPC","RG",0,2220.0,100,"XL","D","AZ","D",3506653,3447976,1272089
"2026-04-28T13:30:02.000000Z","2026-04-28T06:30:02.000000Z","IMPC","RG",0,2220.0,500,"XL","D","AK","F",3506653,3483141,1272090
"2026-04-28T13:30:02.000000Z","2026-04-28T06:30:02.000000Z","IMPC","RG",0,2220.0,3700,"XL","D","AK","F",3506653,3483143,1272091
"2026-04-28T13:30:02.000000Z","2026-04-28T06:30:02.000000Z","IMPC","RG",0,2220.0,400,"XL","D","XL","D",3506653,3483377,1272092
"2026-04-28T13:30:02.000000Z","2026-04-28T06:30:02.000000Z","IMPC","RG",0,2220.0,1600,"XL","D","AT","D",3506653,3484799,1272093
"2026-04-28T13:30:02.000000Z","2026-04-28T06:30:02.000000Z","IMPC","RG",0,2220.0,200,"XL","D","AK","F",3506653,3485165,1272094
"2026-04-28T13:30:02.000000Z","2026-04-28T06:30:02.000000Z","IMPC","RG",0,2220.0,2000,"XL","D","BK","F",3506653,3501078,1272095
"2026-04-28T13:30:03.000000Z","2026-04-28T06:30:03.000000Z","IMPC","RG",0,2220.0,700,"XL","D","BK","F",3513210,3501078,1273747
"2026-04-28T13:30:04.000000Z","2026-04-28T06:30:04.000000Z","IMPC","RG",0,2220.0,400,"XL","D","EP","D",3536544,3507744,1281254
"2026-04-28T13:30:04.000000Z","2026-04-28T06:30:04.000000Z","IMPC","RG",0,2220.0,2300,"XL","D","YP","D",3537374,3515708,1281549
"2026-04-28T13:30:04.000000Z","2026-04-28T06:30:04.000000Z","IMPC","RG",0,2220.0,1000,"XL","D","AK","F",3537374,3526262,1281550
"2026-04-28T13:30:04.000000Z","2026-04-28T06:30:04.000000Z","IMPC","RG",0,2220.0,900,"XL","D","AK","F",3550492,3526262,1285924
"2026-04-28T13:30:04.000000Z","2026-04-28T06:30:04.000000Z","IMPC","RG",0,2220.0,300,"XL","D","AK","F",3550492,3526867,1285925
"2026-04-28T13:30:04.000000Z","2026-04-28T06:30:04.000000Z","IMPC","RG",0,2220.0,14500,"XL","D","CC","F",3550492,3531300,1285926
"2026-04-28T13:30:05.000000Z","2026-04-28T06:30:05.000000Z","IMPC","RG",0,2220.0,500,"XC","D","CC","F",3563193,3531300,1289305
"2026-04-28T13:30:05.000000Z","2026-04-28T06:30:05.000000Z","IMPC","RG",0,2220.0,1100,"XC","D","CC","F",3563200,3531300,1289307
"2026-04-28T13:30:08.000000Z","2026-04-28T06:30:08.000000Z","IMPC","RG",0,2220.0,100,"--","-","--","-",0,3531300,1292834
"2026-04-28T13:30:08.000000Z","2026-04-28T06:30:08.000000Z","IMPC","RG",0,2210.0,3800,"--","-","--","-",3483234,0,1292984
"2026-04-28T13:30:08.000000Z","2026-04-28T06:30:08.000000Z","IMPC","RG",0,2210.0,100,"--","-","--","-",3483310,0,1292985
"2026-04-28T13:30:08.000000Z","2026-04-28T06:30:08.000000Z","IMPC","RG",0,2210.0,200,"--","-","--","-",3483336,0,1292986
"2026-04-28T13:30:08.000000Z","2026-04-28T06:30:08.000000Z","IMPC","RG",0,2210.0,500,"--","-","--","-",3484083,0,1292987
"2026-04-28T13:30:08.000000Z","2026-04-28T06:30:08.000000Z","IMPC","RG",0,2210.0,500,"--","-","--","-",3484173,0,1292988
"2026-04-28T13:30:08.000000Z","2026-04-28T06:30:08.000000Z","IMPC","RG",0,2210.0,500,"--","-","--","-",3484189,0,1292989
"2026-04-28T13:30:08.000000Z","2026-04-28T06:30:08.000000Z","IMPC","RG",0,2210.0,800,"--","-","--","-",3484677,0,1292990
"2026-04-28T13:30:08.000000Z","2026-04-28T06:30:08.000000Z","IMPC","RG",0,2210.0,800,"--","-","--","-",3484758,0,1292991
"2026-04-28T13:30:08.000000Z","2026-04-28T06:30:08.000000Z","IMPC","RG",0,2210.0,800,"--","-","--","-",3484769,0,1292992
"2026-04-28T13:30:08.000000Z","2026-04-28T06:30:08.000000Z","IMPC","RG",0,2210.0,100,"--","-","--","-",3492767,0,1292993
"2026-04-28T13:30:08.000000Z","2026-04-28T06:30:08.000000Z","IMPC","RG",0,2210.0,100,"--","-","--","-",3511823,0,1292994
"2026-04-28T13:30:08.000000Z","2026-04-28T06:30:08.000000Z","IMPC","RG",0,2210.0,700,"--","-","--","-",3512901,0,1292995
"2026-04-28T13:30:08.000000Z","2026-04-28T06:30:08.000000Z","IMPC","RG",0,2210.0,500,"--","-","--","-",3513227,0,1292996
"2026-04-28T13:30:08.000000Z","2026-04-28T06:30:08.000000Z","IMPC","RG",0,2210.0,6500,"--","-","--","-",3528618,0,1292997
"2026-04-28T13:31:02.000000Z","2026-04-28T06:31:02.000000Z","IMPC","RG",0,2220.0,1700,"XL","D","CC","F",3584170,3531300,1300680
"2026-04-28T13:31:02.000000Z","2026-04-28T06:31:02.000000Z","IMPC","RG",0,2220.0,3300,"XL","D","XL","D",3584170,3539977,1300681
"2026-04-28T13:31:18.000000Z","2026-04-28T06:31:18.000000Z","IMPC","RG",0,2210.0,2400,"XL","D","XL","D",3528618,3587041,1301937
"2026-04-28T13:31:18.000000Z","2026-04-28T06:31:18.000000Z","IMPC","RG",0,2210.0,2300,"XL","D","XL","D",3529596,3587041,1301938
"2026-04-28T13:31:18.000000Z","2026-04-28T06:31:18.000000Z","IMPC","RG",0,2210.0,100,"PD","D","XL","D",3543650,3587041,1301939
"2026-04-28T13:31:18.000000Z","2026-04-28T06:31:18.000000Z","IMPC","RG",0,2210.0,1500,"XL","D","XL","D",3550112,3587041,1301940
"2026-04-28T13:31:18.000000Z","2026-04-28T06:31:18.000000Z","IMPC","RG",0,2210.0,800,"CC","D","XL","D",3557511,3587041,1301941
"2026-04-28T13:31:18.000000Z","2026-04-28T06:31:18.000000Z","IMPC","RG",0,2220.0,700,"PD","D","XL","D",3587123,3539977,1301965
"2026-04-28T13:31:18.000000Z","2026-04-28T06:31:18.000000Z","IMPC","RG",0,2220.0,1500,"PD","D","XC","D",3587123,3543911,1301966
"2026-04-28T13:31:18.000000Z","2026-04-28T06:31:18.000000Z","IMPC","RG",0,2220.0,17800,"PD","D","CC","D",3587123,3550789,1301967
"2026-04-28T13:31:33.000000Z","2026-04-28T06:31:33.000000Z","IMPC","RG",0,2220.0,5000,"PD","D","CC","D",3590800,3550789,1303940
"2026-04-28T13:31:36.000000Z","2026-04-28T06:31:36.000000Z","IMPC","RG",0,2220.0,300,"XL","D","CC","D",3591463,3550789,1304135
"2026-04-28T13:31:54.000000Z","2026-04-28T06:31:54.000000Z","IMPC","RG",0,2220.0,55000,"XL","D","CC","D",3595027,3550789,1305659
"2026-04-28T13:31:54.000000Z","2026-04-28T06:31:54.000000Z","IMPC","RG",0,2210.0,900,"CC","D","AK","F",3557511,3595066,1305662
"2026-04-28T13:31:54.000000Z","2026-04-28T06:31:54.000000Z","IMPC","RG",0,2210.0,2600,"CC","D","AK","F",3557511,3595068,1305672
"2026-04-28T13:31:56.000000Z","2026-04-28T06:31:56.000000Z","IMPC","RG",0,2210.0,400,"CC","D","XL","D",3557511,3595274,1305731
"2026-04-28T13:32:21.000000Z","2026-04-28T06:32:21.000000Z","IMPC","RG",0,2210.0,300,"CC","D","AK","F",3557511,3599575,1307330
"2026-04-28T13:32:21.000000Z","2026-04-28T06:32:21.000000Z","IMPC","RG",0,2210.0,1900,"CC","D","AK","F",3557511,3599578,1307331
"2026-04-28T13:32:21.000000Z","2026-04-28T06:32:21.000000Z","IMPC","RG",0,2210.0,1000,"CC","D","AK","F",3560224,3599578,1307332
"2026-04-28T13:32:21.000000Z","2026-04-28T06:32:21.000000Z","IMPC","RG",0,2210.0,600,"YP","D","AK","F",3563897,3599578,1307333
"2026-04-28T13:32:49.000000Z","2026-04-28T06:32:49.000000Z","IMPC","RG",0,2210.0,3900,"YP","D","AK","F",3563897,3604677,1309863
"2026-04-28T13:32:49.000000Z","2026-04-28T06:32:49.000000Z","IMPC","RG",0,2210.0,1400,"CC","F","AK","F",3570168,3604677,1309864
"2026-04-28T13:32:49.000000Z","2026-04-28T06:32:49.000000Z","IMPC","RG",0,2210.0,1400,"CC","F","AK","F",3570209,3604677,1309865
"2026-04-28T13:32:49.000000Z","2026-04-28T06:32:49.000000Z","IMPC","RG",0,2210.0,1400,"CC","F","AK","F",3570237,3604677,1309866
"2026-04-28T13:32:49.000000Z","2026-04-28T06:32:49.000000Z","IMPC","RG",0,2210.0,4000,"CC","F","AK","F",3572048,3604677,1309867
"2026-04-28T13:32:49.000000Z","2026-04-28T06:32:49.000000Z","IMPC","RG",0,2210.0,100,"ZP","F","AK","F",3577777,3604677,1309868
"2026-04-28T13:32:49.000000Z","2026-04-28T06:32:49.000000Z","IMPC","RG",0,2210.0,200,"ZP","F","AK","F",3582044,3604677,1309869
"2026-04-28T13:32:49.000000Z","2026-04-28T06:32:49.000000Z","IMPC","RG",0,2210.0,100,"ZP","F","AK","F",3585331,3604677,1309870
"2026-04-28T13:32:49.000000Z","2026-04-28T06:32:49.000000Z","IMPC","RG",0,2210.0,20000,"PD","D","AK","F",3587124,3604677,1309871
"2026-04-28T13:32:49.000000Z","2026-04-28T06:32:49.000000Z","IMPC","RG",0,2210.0,1000,"CC","F","AK","F",3588157,3604677,1309872
"2026-04-28T13:32:49.000000Z","2026-04-28T06:32:49.000000Z","IMPC","RG",0,2210.0,1100,"CC","F","AK","F",3588179,3604677,1309873
"2026-04-28T13:32:49.000000Z","2026-04-28T06:32:49.000000Z","IMPC","RG",0,2210.0,1100,"CC","F","AK","F",3588185,3604677,1309874
"2026-04-28T13:32:49.000000Z","2026-04-28T06:32:49.000000Z","IMPC","RG",0,2210.0,2500,"XL","D","AK","F",3593240,3604677,1309875
"2026-04-28T13:32:49.000000Z","2026-04-28T06:32:49.000000Z","IMPC","RG",0,2210.0,50000,"XL","D","AK","F",3593649,3604677,1309876
"2026-04-28T13:32:49.000000Z","2026-04-28T06:32:49.000000Z","IMPC","RG",0,2210.0,3600,"ZP","F","AK","F",3593717,3604677,1309877
"2026-04-28T13:32:49.000000Z","2026-04-28T06:32:49.000000Z","IMPC","RG",0,2210.0,1300,"CC","F","AK","F",3594372,3604677,1309878
"2026-04-28T13:32:49.000000Z","2026-04-28T06:32:49.000000Z","IMPC","RG",0,2210.0,1300,"CC","F","AK","F",3594385,3604677,1309879
"2026-04-28T13:32:49.000000Z","2026-04-28T06:32:49.000000Z","IMPC","RG",0,2210.0,1300,"CC","F","AK","F",3594390,3604677,1309880
"2026-04-28T13:32:49.000000Z","2026-04-28T06:32:49.000000Z","IMPC","RG",0,2210.0,1200,"CC","F","AK","F",3595792,3604677,1309881
"2026-04-28T13:32:49.000000Z","2026-04-28T06:32:49.000000Z","IMPC","RG",0,2210.0,1100,"CC","F","AK","F",3595806,3604677,1309882
"2026-04-28T13:32:49.000000Z","2026-04-28T06:32:49.000000Z","IMPC","RG",0,2210.0,1100,"CC","F","AK","F",3595815,3604677,1309883
"2026-04-28T13:32:49.000000Z","2026-04-28T06:32:49.000000Z","IMPC","RG",0,2210.0,10000,"CP","D","AK","F",3597035,3604677,1309884
"2026-04-28T13:32:49.000000Z","2026-04-28T06:32:49.000000Z","IMPC","RG",0,2210.0,100,"ZP","F","AK","F",3599607,3604677,1309885
"2026-04-28T13:32:49.000000Z","2026-04-28T06:32:49.000000Z","IMPC","RG",0,2210.0,14300,"XL","D","AK","F",3603721,3604677,1309886
"2026-04-28T13:32:49.000000Z","2026-04-28T06:32:49.000000Z","IMPC","RG",0,2210.0,2000,"KK","D","AK","F",3604651,3604677,1309887
"2026-04-28T13:32:51.000000Z","2026-04-28T06:32:51.000000Z","IMPC","RG",0,2210.0,1000,"XC","D","AK","F",3605044,3604699,1310040
"2026-04-28T13:33:02.000000Z","2026-04-28T06:33:02.000000Z","IMPC","RG",0,2200.0,1700,"KK","D","AK","F",3419859,3607311,1311659
"2026-04-28T13:33:02.000000Z","2026-04-28T06:33:02.000000Z","IMPC","RG",0,2200.0,2000,"XL","D","AK","F",3420576,3607311,1311660
"2026-04-28T13:33:02.000000Z","2026-04-28T06:33:02.000000Z","IMPC","RG",0,2200.0,1100,"XL","D","YP","D",3420576,3607334,1311668
"2026-04-28T13:33:12.000000Z","2026-04-28T06:33:12.000000Z","IMPC","RG",0,2200.0,1900,"XL","D","CP","D",3420576,3609245,1312351
"2026-04-28T13:33:12.000000Z","2026-04-28T06:33:12.000000Z","IMPC","RG",0,2200.0,300,"XC","D","CP","D",3421059,3609245,1312352
"2026-04-28T13:33:12.000000Z","2026-04-28T06:33:12.000000Z","IMPC","RG",0,2200.0,700,"XL","D","CP","D",3477261,3609245,1312353
"2026-04-28T13:33:12.000000Z","2026-04-28T06:33:12.000000Z","IMPC","RG",0,2200.0,1000,"CC","D","CP","D",3481075,3609245,1312354
"2026-04-28T13:33:12.000000Z","2026-04-28T06:33:12.000000Z","IMPC","RG",0,2200.0,1100,"HD","F","CP","D",3483550,3609245,1312355
"2026-04-28T13:33:15.000000Z","2026-04-28T06:33:15.000000Z","IMPC","RG",0,2210.0,100,"XL","D","AK","F",3609751,3605096,1312503
"2026-04-28T13:33:26.000000Z","2026-04-28T06:33:26.000000Z","IMPC","RG",0,2200.0,1300,"HD","F","AK","F",3483550,3612054,1313607
"2026-04-28T13:33:26.000000Z","2026-04-28T06:33:26.000000Z","IMPC","RG",0,2200.0,2800,"HD","F","AK","F",3483550,3612058,1313610
"2026-04-28T13:33:35.000000Z","2026-04-28T06:33:35.000000Z","IMPC","RG",0,2210.0,100,"PD","D","AK","F",3613652,3605096,1314304
"2026-04-28T13:33:35.000000Z","2026-04-28T06:33:35.000000Z","IMPC","RG",0,2210.0,200,"PD","D","AK","F",3613652,3605097,1314305
"2026-04-28T13:33:35.000000Z","2026-04-28T06:33:35.000000Z","IMPC","RG",0,2210.0,300,"PD","D","AK","F",3613652,3605098,1314306
"2026-04-28T13:33:35.000000Z","2026-04-28T06:33:35.000000Z","IMPC","RG",0,2210.0,400,"PD","D","AK","F",3613652,3605105,1314307
"2026-04-28T13:33:40.000000Z","2026-04-28T06:33:40.000000Z","IMPC","RG",0,2210.0,200,"PD","D","AK","F",3614500,3605105,1314624
"2026-04-28T13:33:40.000000Z","2026-04-28T06:33:40.000000Z","IMPC","RG",0,2210.0,800,"PD","D","AK","F",3614500,3605114,1314625
"2026-04-28T13:33:44.000000Z","2026-04-28T06:33:44.000000Z","IMPC","RG",0,2210.0,100,"PD","D","AK","F",3615265,3605114,1314975
"2026-04-28T13:33:44.000000Z","2026-04-28T06:33:44.000000Z","IMPC","RG",0,2210.0,900,"PD","D","BK","F",3615265,3605324,1314976
"2026-04-28T13:33:54.000000Z","2026-04-28T06:33:54.000000Z","IMPC","RG",0,2200.0,3800,"HD","F","AK","F",3483550,3616944,1315830
"2026-04-28T13:34:28.000000Z","2026-04-28T06:34:28.000000Z","IMPC","RG",0,2200.0,2000,"HD","F","AK","F",3483550,3623287,1319513
"2026-04-28T13:34:28.000000Z","2026-04-28T06:34:28.000000Z","IMPC","RG",0,2200.0,200,"KK","D","AK","F",3489424,3623287,1319514
"2026-04-28T13:34:28.000000Z","2026-04-28T06:34:28.000000Z","IMPC","RG",0,2200.0,400,"XC","D","AK","F",3493875,3623287,1319515
"2026-04-28T13:34:28.000000Z","2026-04-28T06:34:28.000000Z","IMPC","RG",0,2200.0,500,"CC","D","AK","F",3500543,3623287,1319516
"2026-04-28T13:34:28.000000Z","2026-04-28T06:34:28.000000Z","IMPC","RG",0,2200.0,400,"YB","D","AK","F",3504161,3623287,1319517
"2026-04-28T13:34:32.000000Z","2026-04-28T06:34:32.000000Z","IMPC","RG",0,2210.0,1000,"XL","D","BK","F",3624079,3605324,1319794
"2026-04-28T13:34:38.000000Z","2026-04-28T06:34:38.000000Z","IMPC","RG",0,2200.0,1400,"--","-","--","-",3504161,0,1320175
"2026-04-28T13:34:38.000000Z","2026-04-28T06:34:38.000000Z","IMPC","RG",0,2200.0,5000,"--","-","--","-",3505819,0,1320176
"2026-04-28T13:34:38.000000Z","2026-04-28T06:34:38.000000Z","IMPC","RG",0,2200.0,500,"--","-","--","-",3513204,0,1320177
"2026-04-28T13:34:38.000000Z","2026-04-28T06:34:38.000000Z","IMPC","RG",0,2200.0,500,"--","-","--","-",3519103,0,1320178
"2026-04-28T13:34:38.000000Z","2026-04-28T06:34:38.000000Z","IMPC","RG",0,2200.0,20100,"--","-","--","-",3520806,0,1320179
"2026-04-28T13:34:38.000000Z","2026-04-28T06:34:38.000000Z","IMPC","RG",0,2200.0,10000,"--","-","--","-",3522000,0,1320180
"2026-04-28T13:34:38.000000Z","2026-04-28T06:34:38.000000Z","IMPC","RG",0,2200.0,100,"--","-","--","-",3522985,0,1320181
"2026-04-28T13:34:38.000000Z","2026-04-28T06:34:38.000000Z","IMPC","RG",0,2200.0,800,"--","-","--","-",3539277,0,1320182
"2026-04-28T13:34:38.000000Z","2026-04-28T06:34:38.000000Z","IMPC","RG",0,2200.0,100,"--","-","--","-",3545688,0,1320183
"2026-04-28T13:34:38.000000Z","2026-04-28T06:34:38.000000Z","IMPC","RG",0,2200.0,200,"--","-","--","-",3547443,0,1320184
"2026-04-28T13:34:38.000000Z","2026-04-28T06:34:38.000000Z","IMPC","RG",0,2200.0,500,"--","-","--","-",3556795,0,1320185
"2026-04-28T13:34:38.000000Z","2026-04-28T06:34:38.000000Z","IMPC","RG",0,2200.0,4500,"--","-","--","-",3557853,0,1320186
"2026-04-28T13:34:38.000000Z","2026-04-28T06:34:38.000000Z","IMPC","RG",0,2200.0,15000,"--","-","--","-",3559441,0,1320187
"2026-04-28T13:34:38.000000Z","2026-04-28T06:34:38.000000Z","IMPC","RG",0,2200.0,500,"--","-","--","-",3588966,0,1320188
"2026-04-28T13:34:38.000000Z","2026-04-28T06:34:38.000000Z","IMPC","RG",0,2200.0,10000,"--","-","--","-",3596303,0,1320189
"2026-04-28T13:34:38.000000Z","2026-04-28T06:34:38.000000Z","IMPC","RG",0,2200.0,3800,"--","-","--","-",3604788,0,1320190
"2026-04-28T13:34:38.000000Z","2026-04-28T06:34:38.000000Z","IMPC","RG",0,2200.0,2700,"--","-","--","-",3605166,0,1320191
"2026-04-28T13:34:38.000000Z","2026-04-28T06:34:38.000000Z","IMPC","RG",0,2200.0,2800,"--","-","--","-",3605197,0,1320192
"2026-04-28T13:34:38.000000Z","2026-04-28T06:34:38.000000Z","IMPC","RG",0,2200.0,2800,"--","-","--","-",3605201,0,1320193
"2026-04-28T13:34:38.000000Z","2026-04-28T06:34:38.000000Z","IMPC","RG",0,2200.0,200,"--","-","--","-",3607823,0,1320194
"2026-04-28T13:34:38.000000Z","2026-04-28T06:34:38.000000Z","IMPC","RG",0,2200.0,13100,"--","-","--","-",3610014,0,1320195
"2026-04-28T13:34:38.000000Z","2026-04-28T06:34:38.000000Z","IMPC","RG",0,2200.0,100,"--","-","--","-",3618399,0,1320196
"2026-04-28T13:34:47.000000Z","2026-04-28T06:34:47.000000Z","IMPC","RG",0,2200.0,5300,"--","-","--","-",0,3625129,1321252
"2026-04-28T13:34:47.000000Z","2026-04-28T06:34:47.000000Z","IMPC","RG",0,2200.0,100,"--","-","--","-",0,3625130,1321253
"2026-04-28T13:34:47.000000Z","2026-04-28T06:34:47.000000Z","IMPC","RG",0,2200.0,3700,"--","-","--","-",0,3625163,1321254
"2026-04-28T13:34:47.000000Z","2026-04-28T06:34:47.000000Z","IMPC","RG",0,2200.0,600,"--","-","--","-",0,3625164,1321255
"2026-04-28T13:34:47.000000Z","2026-04-28T06:34:47.000000Z","IMPC","RG",0,2200.0,3600,"--","-","--","-",0,3625165,1321256
"2026-04-28T13:35:13.000000Z","2026-04-28T06:35:13.000000Z","IMPC","RG",0,2210.0,200,"PD","D","BK","F",3632039,3605324,1323586
"2026-04-28T13:35:13.000000Z","2026-04-28T06:35:13.000000Z","IMPC","RG",0,2210.0,10000,"PD","D","BQ","D",3632039,3606182,1323587
"2026-04-28T13:35:13.000000Z","2026-04-28T06:35:13.000000Z","IMPC","RG",0,2210.0,4700,"PD","D","AZ","D",3632039,3608265,1323588
"2026-04-28T13:35:13.000000Z","2026-04-28T06:35:13.000000Z","IMPC","RG",0,2210.0,5500,"PD","D","BK","F",3632039,3609703,1323589
"2026-04-28T13:35:13.000000Z","2026-04-28T06:35:13.000000Z","IMPC","RG",0,2210.0,600,"PD","D","BK","F",3632039,3612536,1323590
"2026-04-28T13:35:13.000000Z","2026-04-28T06:35:13.000000Z","IMPC","RG",0,2210.0,2000,"PD","D","KI","D",3632039,3614904,1323591
"2026-04-28T13:35:34.000000Z","2026-04-28T06:35:34.000000Z","IMPC","RG",0,2210.0,500,"XL","D","KI","D",3636221,3614904,1325656
"2026-04-28T13:35:54.000000Z","2026-04-28T06:35:54.000000Z","IMPC","RG",0,2210.0,100,"XL","D","KI","D",3640314,3614904,1327986
"2026-04-28T13:36:13.000000Z","2026-04-28T06:36:13.000000Z","IMPC","RG",0,2200.0,100,"XL","D","CP","D",3643835,3641480,1329288
"2026-04-28T13:36:35.000000Z","2026-04-28T06:36:35.000000Z","IMPC","RG",0,2190.0,5100,"XL","D","CP","D",2999433,3647808,1330726
"2026-04-28T13:36:35.000000Z","2026-04-28T06:36:35.000000Z","IMPC","RG",0,2190.0,4600,"XL","D","XL","D",2999433,3647816,1330738
"2026-04-28T13:36:35.000000Z","2026-04-28T06:36:35.000000Z","IMPC","RG",0,2190.0,300,"XL","D","XL","D",2999433,3647820,1330742
"2026-04-28T13:36:35.000000Z","2026-04-28T06:36:35.000000Z","IMPC","RG",0,2190.0,1800,"CP","D","XL","D",3000646,3647820,1330743
"2026-04-28T13:36:35.000000Z","2026-04-28T06:36:35.000000Z","IMPC","RG",0,2200.0,4900,"PD","D","CP","D",3647865,3641480,1330759
"2026-04-28T13:36:35.000000Z","2026-04-28T06:36:35.000000Z","IMPC","RG",0,2200.0,2100,"PD","D","BK","F",3647865,3641591,1330760
"2026-04-28T13:36:35.000000Z","2026-04-28T06:36:35.000000Z","IMPC","RG",0,2200.0,1800,"PD","D","BK","F",3647865,3641640,1330761
"2026-04-28T13:36:35.000000Z","2026-04-28T06:36:35.000000Z","IMPC","RG",0,2200.0,3500,"PD","D","AK","F",3647865,3641645,1330762
"2026-04-28T13:36:35.000000Z","2026-04-28T06:36:35.000000Z","IMPC","RG",0,2200.0,5400,"PD","D","AK","F",3647865,3641646,1330763
"2026-04-28T13:36:35.000000Z","2026-04-28T06:36:35.000000Z","IMPC","RG",0,2200.0,2100,"PD","D","AK","F",3647865,3641648,1330764
"2026-04-28T13:36:35.000000Z","2026-04-28T06:36:35.000000Z","IMPC","RG",0,2200.0,2600,"PD","D","AK","F",3647865,3641652,1330765
"2026-04-28T13:36:35.000000Z","2026-04-28T06:36:35.000000Z","IMPC","RG",0,2200.0,200,"PD","D","AK","F",3647865,3643485,1330766
"2026-04-28T13:36:35.000000Z","2026-04-28T06:36:35.000000Z","IMPC","RG",0,2200.0,2400,"PD","D","AK","F",3647865,3643486,1330767
"2026-04-28T13:37:23.000000Z","2026-04-28T06:37:23.000000Z","IMPC","RG",0,2200.0,500,"XL","D","AK","F",3657199,3643486,1334649
"2026-04-28T13:37:51.000000Z","2026-04-28T06:37:51.000000Z","IMPC","RG",0,2190.0,8200,"CP","D","AK","F",3000646,3662525,1338356
"2026-04-28T13:37:51.000000Z","2026-04-28T06:37:51.000000Z","IMPC","RG",0,2190.0,100,"XL","D","AK","F",3007742,3662525,1338357
"2026-04-28T13:37:51.000000Z","2026-04-28T06:37:51.000000Z","IMPC","RG",0,2190.0,200,"XL","D","AK","F",3015640,3662525,1338358
"2026-04-28T13:37:51.000000Z","2026-04-28T06:37:51.000000Z","IMPC","RG",0,2190.0,100,"XL","D","AK","F",3021722,3662525,1338359
"2026-04-28T13:37:51.000000Z","2026-04-28T06:37:51.000000Z","IMPC","RG",0,2190.0,1000,"XL","D","AK","F",3050363,3662525,1338360
"2026-04-28T13:37:51.000000Z","2026-04-28T06:37:51.000000Z","IMPC","RG",0,2190.0,1500,"XL","D","AK","F",3065916,3662525,1338361
"2026-04-28T13:37:51.000000Z","2026-04-28T06:37:51.000000Z","IMPC","RG",0,2190.0,2000,"XL","D","AK","F",3078023,3662525,1338362
"2026-04-28T13:37:51.000000Z","2026-04-28T06:37:51.000000Z","IMPC","RG",0,2190.0,300,"AG","D","AK","F",3082750,3662525,1338363
"2026-04-28T13:37:51.000000Z","2026-04-28T06:37:51.000000Z","IMPC","RG",0,2190.0,300,"AG","D","AK","F",3089113,3662525,1338364
"2026-04-28T13:37:51.000000Z","2026-04-28T06:37:51.000000Z","IMPC","RG",0,2190.0,100,"XL","D","AK","F",3094874,3662525,1338365
"2026-04-28T13:37:51.000000Z","2026-04-28T06:37:51.000000Z","IMPC","RG",0,2190.0,1500,"CP","D","AK","F",3106872,3662525,1338366
"2026-04-28T13:37:51.000000Z","2026-04-28T06:37:51.000000Z","IMPC","RG",0,2190.0,60000,"YP","D","AK","F",3119120,3662525,1338367
"2026-04-28T13:37:51.000000Z","2026-04-28T06:37:51.000000Z","IMPC","RG",0,2190.0,3800,"XL","D","AK","F",3119304,3662525,1338368
"2026-04-28T13:37:51.000000Z","2026-04-28T06:37:51.000000Z","IMPC","RG",0,2190.0,1400,"YP","D","AK","F",3149820,3662525,1338369
"2026-04-28T13:37:51.000000Z","2026-04-28T06:37:51.000000Z","IMPC","RG",0,2190.0,100,"XL","D","AK","F",3167270,3662525,1338370
"2026-04-28T13:37:51.000000Z","2026-04-28T06:37:51.000000Z","IMPC","RG",0,2190.0,100,"XL","D","AK","F",3188398,3662525,1338371
"2026-04-28T13:37:51.000000Z","2026-04-28T06:37:51.000000Z","IMPC","RG",0,2190.0,200,"PD","D","AK","F",3226720,3662525,1338372
"2026-04-28T13:37:51.000000Z","2026-04-28T06:37:51.000000Z","IMPC","RG",0,2190.0,300,"TP","D","AK","F",3228187,3662525,1338373
"2026-04-28T13:37:51.000000Z","2026-04-28T06:37:51.000000Z","IMPC","RG",0,2190.0,2000,"PD","D","AK","F",3228280,3662525,1338374
"2026-04-28T13:37:51.000000Z","2026-04-28T06:37:51.000000Z","IMPC","RG",0,2190.0,1000,"XL","D","AK","F",3264703,3662525,1338375
"2026-04-28T13:37:51.000000Z","2026-04-28T06:37:51.000000Z","IMPC","RG",0,2190.0,4600,"XL","D","AK","F",3338885,3662525,1338376
"2026-04-28T13:37:51.000000Z","2026-04-28T06:37:51.000000Z","IMPC","RG",0,2190.0,5000,"CC","D","AK","F",3346242,3662525,1338377
"2026-04-28T13:37:51.000000Z","2026-04-28T06:37:51.000000Z","IMPC","RG",0,2190.0,4500,"CC","D","AK","F",3353784,3662525,1338378
"2026-04-28T13:37:51.000000Z","2026-04-28T06:37:51.000000Z","IMPC","RG",0,2190.0,100,"YP","D","AK","F",3358151,3662525,1338379
"2026-04-28T13:37:51.000000Z","2026-04-28T06:37:51.000000Z","IMPC","RG",0,2190.0,100,"XL","D","AK","F",3362487,3662525,1338380
"2026-04-28T13:37:51.000000Z","2026-04-28T06:37:51.000000Z","IMPC","RG",0,2190.0,500,"XL","D","AK","F",3397952,3662525,1338381
"2026-04-28T13:37:51.000000Z","2026-04-28T06:37:51.000000Z","IMPC","RG",0,2190.0,1000,"XL","D","AK","F",3397976,3662525,1338382
"2026-04-28T13:37:51.000000Z","2026-04-28T06:37:51.000000Z","IMPC","RG",0,2190.0,500,"XC","D","AK","F",3407880,3662525,1338383
"2026-04-28T13:37:51.000000Z","2026-04-28T06:37:51.000000Z","IMPC","RG",0,2190.0,2000,"XL","D","AK","F",3411987,3662525,1338384
"2026-04-28T13:37:51.000000Z","2026-04-28T06:37:51.000000Z","IMPC","RG",0,2190.0,5000,"KK","D","AK","F",3420366,3662525,1338385
"2026-04-28T13:37:51.000000Z","2026-04-28T06:37:51.000000Z","IMPC","RG",0,2190.0,300,"YB","D","AK","F",3504462,3662525,1338386
"2026-04-28T13:37:51.000000Z","2026-04-28T06:37:51.000000Z","IMPC","RG",0,2190.0,200,"XL","D","AK","F",3545402,3662525,1338387
"2026-04-28T13:37:51.000000Z","2026-04-28T06:37:51.000000Z","IMPC","RG",0,2190.0,500,"XL","D","AK","F",3551200,3662525,1338388
"2026-04-28T13:37:51.000000Z","2026-04-28T06:37:51.000000Z","IMPC","RG",0,2190.0,3800,"ZP","F","AK","F",3625250,3662525,1338389
"2026-04-28T13:37:51.000000Z","2026-04-28T06:37:51.000000Z","IMPC","RG",0,2190.0,13800,"CC","F","AK","F",3625597,3662525,1338390
"2026-04-28T13:37:51.000000Z","2026-04-28T06:37:51.000000Z","IMPC","RG",0,2190.0,3500,"CC","F","AK","F",3625932,3662525,1338391
"2026-04-28T13:37:51.000000Z","2026-04-28T06:37:51.000000Z","IMPC","RG",0,2190.0,3800,"CC","F","AK","F",3626035,3662525,1338392
"2026-04-28T13:37:51.000000Z","2026-04-28T06:37:51.000000Z","IMPC","RG",0,2190.0,3800,"CC","F","AK","F",3626036,3662525,1338393
"2026-04-28T13:37:51.000000Z","2026-04-28T06:37:51.000000Z","IMPC","RG",0,2190.0,100,"ZP","F","AK","F",3635887,3662525,1338394
"2026-04-28T13:37:51.000000Z","2026-04-28T06:37:51.000000Z","IMPC","RG",0,2190.0,200,"XL","D","AK","F",3645026,3662525,1338395
"2026-04-28T13:37:51.000000Z","2026-04-28T06:37:51.000000Z","IMPC","RG",0,2190.0,1200,"CC","F","AK","F",3648011,3662525,1338396
"2026-04-28T13:37:51.000000Z","2026-04-28T06:37:51.000000Z","IMPC","RG",0,2190.0,100,"ZP","F","AK","F",3650202,3662525,1338397
"2026-04-28T13:37:51.000000Z","2026-04-28T06:37:51.000000Z","IMPC","RG",0,2190.0,1400,"XL","D","AK","F",3651751,3662525,1338398
"2026-04-28T13:37:51.000000Z","2026-04-28T06:37:51.000000Z","IMPC","RG",0,2190.0,10000,"XL","D","AK","F",3653357,3662525,1338399
"2026-04-28T13:38:46.000000Z","2026-04-28T06:38:46.000000Z","IMPC","RG",0,2180.0,100,"CC","D","XL","D",2982760,3672907,1343199
"2026-04-28T13:38:46.000000Z","2026-04-28T06:38:46.000000Z","IMPC","RG",0,2180.0,5000,"CC","D","XL","D",2982760,3672929,1343205
"2026-04-28T13:39:37.000000Z","2026-04-28T06:39:37.000000Z","IMPC","RG",0,2180.0,2400,"CC","D","XL","D",2982760,3683531,1349030
"2026-04-28T13:39:44.000000Z","2026-04-28T06:39:44.000000Z","IMPC","RG",0,2180.0,2800,"CC","D","XL","D",2982760,3684736,1349471
"2026-04-28T13:39:45.000000Z","2026-04-28T06:39:45.000000Z","IMPC","RG",0,2190.0,200,"XL","D","AK","F",3685003,3665748,1349615
"2026-04-28T13:39:45.000000Z","2026-04-28T06:39:45.000000Z","IMPC","RG",0,2190.0,4200,"XL","D","AK","F",3685003,3665752,1349616
"2026-04-28T13:39:45.000000Z","2026-04-28T06:39:45.000000Z","IMPC","RG",0,2190.0,300,"XL","D","AK","F",3685003,3665754,1349617
"2026-04-28T13:39:45.000000Z","2026-04-28T06:39:45.000000Z","IMPC","RG",0,2190.0,500,"XL","D","AK","F",3685003,3665756,1349618
"2026-04-28T13:39:45.000000Z","2026-04-28T06:39:45.000000Z","IMPC","RG",0,2190.0,800,"XL","D","AK","F",3685003,3665757,1349619
"2026-04-28T13:39:45.000000Z","2026-04-28T06:39:45.000000Z","IMPC","RG",0,2190.0,4000,"XL","D","AK","F",3685003,3665759,1349620
"2026-04-28T13:40:06.000000Z","2026-04-28T06:40:06.000000Z","IMPC","RG",0,2190.0,300,"YB","D","AK","F",3688878,3665759,1351342
"2026-04-28T13:40:28.000000Z","2026-04-28T06:40:28.000000Z","IMPC","RG",0,2190.0,200,"XL","D","AK","F",3693220,3665759,1353852
"2026-04-28T13:40:28.000000Z","2026-04-28T06:40:28.000000Z","IMPC","RG",0,2190.0,1000,"XL","D","KK","D",3693220,3665966,1353853
"2026-04-28T13:40:28.000000Z","2026-04-28T06:40:28.000000Z","IMPC","RG",0,2190.0,100,"XL","D","XL","D",3693220,3666683,1353854
"2026-04-28T13:40:28.000000Z","2026-04-28T06:40:28.000000Z","IMPC","RG",0,2190.0,2100,"XL","D","BK","F",3693220,3668898,1353855
"2026-04-28T13:40:28.000000Z","2026-04-28T06:40:28.000000Z","IMPC","RG",0,2190.0,1200,"XL","D","AK","F",3693220,3672970,1353856
"2026-04-28T13:40:33.000000Z","2026-04-28T06:40:33.000000Z","IMPC","RG",0,2180.0,1200,"CC","D","XL","D",2982760,3694123,1354294
"2026-04-28T13:41:10.000000Z","2026-04-28T06:41:10.000000Z","IMPC","RG",0,2180.0,5000,"CC","D","CP","D",2982760,3701608,1358057
"2026-04-28T13:41:12.000000Z","2026-04-28T06:41:12.000000Z","IMPC","RG",0,2180.0,1000,"CC","D","XL","D",2982760,3702095,1358280
"2026-04-28T13:41:18.000000Z","2026-04-28T06:41:18.000000Z","IMPC","RG",0,2180.0,2200,"CC","D","XL","D",2982760,3703361,1359076
"2026-04-28T13:41:22.000000Z","2026-04-28T06:41:22.000000Z","IMPC","RG",0,2180.0,1200,"CC","D","AK","F",2982760,3704081,1359380
"2026-04-28T13:42:46.000000Z","2026-04-28T06:42:46.000000Z","IMPC","RG",0,2180.0,700,"--","-","--","-",2982760,0,1367411
"2026-04-28T13:42:49.000000Z","2026-04-28T06:42:49.000000Z","IMPC","RG",0,2190.0,2100,"XL","D","AK","F",3720903,3672970,1367686
"2026-04-28T13:42:49.000000Z","2026-04-28T06:42:49.000000Z","IMPC","RG",0,2190.0,500,"XL","D","AK","F",3720903,3675171,1367687
"2026-04-28T13:42:49.000000Z","2026-04-28T06:42:49.000000Z","IMPC","RG",0,2190.0,200,"XL","D","AK","F",3720903,3677567,1367688
"2026-04-28T13:42:49.000000Z","2026-04-28T06:42:49.000000Z","IMPC","RG",0,2190.0,1400,"XL","D","BK","F",3720903,3679705,1367689
"2026-04-28T13:43:03.000000Z","2026-04-28T06:43:03.000000Z","IMPC","RG",0,2190.0,2500,"--","-","--","-",0,3679705,1368764
"2026-04-28T13:43:03.000000Z","2026-04-28T06:43:03.000000Z","IMPC","RG",0,2190.0,300,"XL","D","AK","F",3723445,3685022,1368765
"2026-04-28T13:43:18.000000Z","2026-04-28T06:43:18.000000Z","IMPC","RG",0,2190.0,100,"--","-","--","-",0,3685022,1370141
"2026-04-28T13:44:00.000000Z","2026-04-28T06:44:00.000000Z","IMPC","RG",0,2180.0,3200,"CC","D","AK","F",2982760,3733913,1374423
"2026-04-28T13:44:34.000000Z","2026-04-28T06:44:34.000000Z","IMPC","RG",0,2190.0,300,"--","-","--","-",0,3685022,1377308
"2026-04-28T13:44:34.000000Z","2026-04-28T06:44:34.000000Z","IMPC","RG",0,2190.0,300,"--","-","--","-",0,3685022,1377321
"2026-04-28T13:44:58.000000Z","2026-04-28T06:44:58.000000Z","IMPC","RG",0,2180.0,3100,"--","-","--","-",2982760,0,1379327
"2026-04-28T13:45:18.000000Z","2026-04-28T06:45:18.000000Z","IMPC","RG",0,2190.0,200,"--","-","--","-",0,3685022,1381535
"2026-04-28T13:45:28.000000Z","2026-04-28T06:45:28.000000Z","IMPC","RG",0,2190.0,2800,"--","-","--","-",0,3685022,1382170
"2026-04-28T13:45:28.000000Z","2026-04-28T06:45:28.000000Z","IMPC","RG",0,2190.0,1200,"--","-","--","-",0,3685187,1382171
"2026-04-28T13:45:31.000000Z","2026-04-28T06:45:31.000000Z","IMPC","RG",0,2190.0,300,"--","-","--","-",0,3685187,1382502
"2026-04-28T13:45:31.000000Z","2026-04-28T06:45:31.000000Z","IMPC","RG",0,2190.0,300,"--","-","--","-",0,3685187,1382508
"2026-04-28T13:47:13.000000Z","2026-04-28T06:47:13.000000Z","IMPC","RG",0,2190.0,300,"--","-","--","-",0,3686435,1391363
"2026-04-28T13:47:18.000000Z","2026-04-28T06:47:18.000000Z","IMPC","RG",0,2190.0,200,"--","-","--","-",0,3686435,1391717
"2026-04-28T13:47:18.000000Z","2026-04-28T06:47:18.000000Z","IMPC","RG",0,2190.0,100,"--","-","--","-",0,3691595,1391718
"2026-04-28T13:47:28.000000Z","2026-04-28T06:47:28.000000Z","IMPC","RG",0,2180.0,3500,"--","-","--","-",2982760,0,1392669
"2026-04-28T13:47:29.000000Z","2026-04-28T06:47:29.000000Z","IMPC","RG",0,2180.0,2200,"--","-","--","-",2982760,0,1392732
"2026-04-28T13:48:08.000000Z","2026-04-28T06:48:08.000000Z","IMPC","RG",0,2190.0,100,"--","-","--","-",0,3691595,1395611
"2026-04-28T13:48:10.000000Z","2026-04-28T06:48:10.000000Z","IMPC","RG",0,2190.0,300,"--","-","--","-",0,3691595,1395836
"2026-04-28T13:48:21.000000Z","2026-04-28T06:48:21.000000Z","IMPC","RG",0,2190.0,1100,"--","-","--","-",0,3691595,1396502
"2026-04-28T13:48:57.000000Z","2026-04-28T06:48:57.000000Z","IMPC","RG",0,2180.0,900,"--","-","--","-",2982760,0,1399694
"2026-04-28T13:48:58.000000Z","2026-04-28T06:48:58.000000Z","IMPC","RG",0,2190.0,100,"--","-","--","-",0,3691597,1399777
"2026-04-28T13:49:17.000000Z","2026-04-28T06:49:17.000000Z","IMPC","RG",0,2180.0,20000,"--","-","--","-",2982760,0,1401852
"2026-04-28T13:49:17.000000Z","2026-04-28T06:49:17.000000Z","IMPC","RG",0,2180.0,10000,"--","-","--","-",2984585,0,1401853
"2026-04-28T13:49:17.000000Z","2026-04-28T06:49:17.000000Z","IMPC","RG",0,2180.0,300,"--","-","--","-",2994348,0,1401854
"2026-04-28T13:49:17.000000Z","2026-04-28T06:49:17.000000Z","IMPC","RG",0,2180.0,10000,"--","-","--","-",2995669,0,1401855
"2026-04-28T13:49:17.000000Z","2026-04-28T06:49:17.000000Z","IMPC","RG",0,2180.0,300,"--","-","--","-",3004520,0,1401856
"2026-04-28T13:49:17.000000Z","2026-04-28T06:49:17.000000Z","IMPC","RG",0,2180.0,100,"--","-","--","-",3007619,0,1401857
"2026-04-28T13:49:17.000000Z","2026-04-28T06:49:17.000000Z","IMPC","RG",0,2180.0,200,"--","-","--","-",3031915,0,1401858
"2026-04-28T13:49:17.000000Z","2026-04-28T06:49:17.000000Z","IMPC","RG",0,2180.0,5000,"--","-","--","-",3053401,0,1401859
"2026-04-28T13:49:17.000000Z","2026-04-28T06:49:17.000000Z","IMPC","RG",0,2180.0,200,"--","-","--","-",3113602,0,1401860
"2026-04-28T13:49:17.000000Z","2026-04-28T06:49:17.000000Z","IMPC","RG",0,2180.0,700,"--","-","--","-",3120255,0,1401861
"2026-04-28T13:49:17.000000Z","2026-04-28T06:49:17.000000Z","IMPC","RG",0,2180.0,100,"--","-","--","-",3152349,0,1401862
"2026-04-28T13:49:17.000000Z","2026-04-28T06:49:17.000000Z","IMPC","RG",0,2180.0,100,"--","-","--","-",3205602,0,1401863
"2026-04-28T13:49:17.000000Z","2026-04-28T06:49:17.000000Z","IMPC","RG",0,2180.0,200,"--","-","--","-",3231764,0,1401864
"2026-04-28T13:49:17.000000Z","2026-04-28T06:49:17.000000Z","IMPC","RG",0,2180.0,500,"--","-","--","-",3235008,0,1401865
"2026-04-28T13:49:17.000000Z","2026-04-28T06:49:17.000000Z","IMPC","RG",0,2180.0,100,"--","-","--","-",3358565,0,1401866
"2026-04-28T13:49:17.000000Z","2026-04-28T06:49:17.000000Z","IMPC","RG",0,2180.0,200,"--","-","--","-",3406953,0,1401867
"2026-04-28T13:49:17.000000Z","2026-04-28T06:49:17.000000Z","IMPC","RG",0,2180.0,5000,"--","-","--","-",3420850,0,1401868
"2026-04-28T13:49:17.000000Z","2026-04-28T06:49:17.000000Z","IMPC","RG",0,2180.0,4000,"--","-","--","-",3424228,0,1401869
"2026-04-28T13:49:17.000000Z","2026-04-28T06:49:17.000000Z","IMPC","RG",0,2180.0,1000,"--","-","--","-",3529800,0,1401870
"2026-04-28T13:49:17.000000Z","2026-04-28T06:49:17.000000Z","IMPC","RG",0,2180.0,200,"--","-","--","-",3563646,0,1401871
"2026-04-28T13:49:17.000000Z","2026-04-28T06:49:17.000000Z","IMPC","RG",0,2180.0,500,"--","-","--","-",3607770,0,1401872
"2026-04-28T13:49:17.000000Z","2026-04-28T06:49:17.000000Z","IMPC","RG",0,2180.0,2500,"--","-","--","-",3663027,0,1401873
"2026-04-28T13:49:17.000000Z","2026-04-28T06:49:17.000000Z","IMPC","RG",0,2180.0,2800,"--","-","--","-",3663080,0,1401874
"2026-04-28T13:49:17.000000Z","2026-04-28T06:49:17.000000Z","IMPC","RG",0,2180.0,2800,"--","-","--","-",3663083,0,1401875
"2026-04-28T13:49:17.000000Z","2026-04-28T06:49:17.000000Z","IMPC","RG",0,2180.0,10000,"--","-","--","-",3663595,0,1401876
"2026-04-28T13:49:17.000000Z","2026-04-28T06:49:17.000000Z","IMPC","RG",0,2180.0,100,"--","-","--","-",3664600,0,1401877
"2026-04-28T13:49:17.000000Z","2026-04-28T06:49:17.000000Z","IMPC","RG",0,2180.0,1000,"--","-","--","-",3665779,0,1401878
"2026-04-28T13:49:17.000000Z","2026-04-28T06:49:17.000000Z","IMPC","RG",0,2180.0,100,"--","-","--","-",3672380,0,1401879
"2026-04-28T13:49:17.000000Z","2026-04-28T06:49:17.000000Z","IMPC","RG",0,2180.0,100,"--","-","--","-",3675233,0,1401880
"2026-04-28T13:49:17.000000Z","2026-04-28T06:49:17.000000Z","IMPC","RG",0,2180.0,500,"--","-","--","-",3683625,0,1401881
"2026-04-28T13:49:17.000000Z","2026-04-28T06:49:17.000000Z","IMPC","RG",0,2180.0,800,"--","-","--","-",3690522,0,1401882
"2026-04-28T13:49:17.000000Z","2026-04-28T06:49:17.000000Z","IMPC","RG",0,2180.0,100,"--","-","--","-",3693100,0,1401883
"2026-04-28T13:49:17.000000Z","2026-04-28T06:49:17.000000Z","IMPC","RG",0,2180.0,100,"--","-","--","-",3695192,0,1401884
"2026-04-28T13:49:17.000000Z","2026-04-28T06:49:17.000000Z","IMPC","RG",0,2180.0,2500,"--","-","--","-",3696084,0,1401885
"2026-04-28T13:49:17.000000Z","2026-04-28T06:49:17.000000Z","IMPC","RG",0,2180.0,1000,"--","-","--","-",3700028,0,1401886
"2026-04-28T13:49:17.000000Z","2026-04-28T06:49:17.000000Z","IMPC","RG",0,2180.0,2000,"--","-","--","-",3707393,0,1401887
"2026-04-28T13:49:17.000000Z","2026-04-28T06:49:17.000000Z","IMPC","RG",0,2180.0,700,"--","-","--","-",3722836,0,1401888
"2026-04-28T13:49:17.000000Z","2026-04-28T06:49:17.000000Z","IMPC","RG",0,2180.0,5000,"--","-","--","-",3744022,0,1401889
"2026-04-28T13:49:17.000000Z","2026-04-28T06:49:17.000000Z","IMPC","RG",0,2180.0,7500,"--","-","--","-",3747274,0,1401890
"2026-04-28T13:49:17.000000Z","2026-04-28T06:49:17.000000Z","IMPC","RG",0,2180.0,100,"--","-","--","-",3763048,0,1401891
"2026-04-28T13:49:17.000000Z","2026-04-28T06:49:17.000000Z","IMPC","RG",0,2180.0,1000,"--","-","--","-",3781813,0,1401892
"2026-04-28T13:49:29.000000Z","2026-04-28T06:49:29.000000Z","IMPC","RG",0,2170.0,500,"--","-","--","-",2928860,0,1403871
"2026-04-28T13:49:29.000000Z","2026-04-28T06:49:29.000000Z","IMPC","RG",0,2170.0,400,"--","-","--","-",2945100,0,1403872
"2026-04-28T13:49:29.000000Z","2026-04-28T06:49:29.000000Z","IMPC","RG",0,2170.0,500,"--","-","--","-",2949723,0,1403873
"2026-04-28T13:49:29.000000Z","2026-04-28T06:49:29.000000Z","IMPC","RG",0,2170.0,1900,"--","-","--","-",2955525,0,1403874
"2026-04-28T13:49:29.000000Z","2026-04-28T06:49:29.000000Z","IMPC","RG",0,2170.0,100,"--","-","--","-",2955525,0,1403876
"2026-04-28T13:49:29.000000Z","2026-04-28T06:49:29.000000Z","IMPC","RG",0,2170.0,400,"--","-","--","-",2972888,0,1403877
"2026-04-28T13:49:29.000000Z","2026-04-28T06:49:29.000000Z","IMPC","RG",0,2170.0,500,"--","-","--","-",2975096,0,1403878
"2026-04-28T13:49:29.000000Z","2026-04-28T06:49:29.000000Z","IMPC","RG",0,2170.0,400,"--","-","--","-",2978286,0,1403879
"2026-04-28T13:49:29.000000Z","2026-04-28T06:49:29.000000Z","IMPC","RG",0,2170.0,10000,"--","-","--","-",2984410,0,1403880
"2026-04-28T13:49:29.000000Z","2026-04-28T06:49:29.000000Z","IMPC","RG",0,2170.0,8600,"--","-","--","-",2996068,0,1403881
"2026-04-28T13:50:15.000000Z","2026-04-28T06:50:15.000000Z","IMPC","RG",0,2180.0,1000,"--","-","--","-",0,3798161,1408123
"2026-04-28T13:50:30.000000Z","2026-04-28T06:50:30.000000Z","IMPC","RG",0,2180.0,500,"--","-","--","-",0,3798161,1409334
"2026-04-28T13:50:39.000000Z","2026-04-28T06:50:39.000000Z","IMPC","RG",0,2170.0,1400,"--","-","--","-",2996068,0,1409941
"2026-04-28T13:50:39.000000Z","2026-04-28T06:50:39.000000Z","IMPC","RG",0,2170.0,100,"--","-","--","-",3007555,0,1409942
"2026-04-28T13:50:39.000000Z","2026-04-28T06:50:39.000000Z","IMPC","RG",0,2170.0,400,"--","-","--","-",3018133,0,1409943
"2026-04-28T13:50:39.000000Z","2026-04-28T06:50:39.000000Z","IMPC","RG",0,2170.0,300,"--","-","--","-",3046479,0,1409944
"2026-04-28T13:50:39.000000Z","2026-04-28T06:50:39.000000Z","IMPC","RG",0,2170.0,100,"--","-","--","-",3065391,0,1409945
"2026-04-28T13:50:39.000000Z","2026-04-28T06:50:39.000000Z","IMPC","RG",0,2170.0,200,"--","-","--","-",3065391,0,1409971
"2026-04-28T13:50:39.000000Z","2026-04-28T06:50:39.000000Z","IMPC","RG",0,2170.0,100,"--","-","--","-",3084511,0,1409972
"2026-04-28T13:50:39.000000Z","2026-04-28T06:50:39.000000Z","IMPC","RG",0,2170.0,1400,"--","-","--","-",3110718,0,1409973
"2026-04-28T13:50:39.000000Z","2026-04-28T06:50:39.000000Z","IMPC","RG",0,2170.0,1500,"--","-","--","-",3161702,0,1409974
"2026-04-28T13:50:52.000000Z","2026-04-28T06:50:52.000000Z","IMPC","RG",0,2170.0,3100,"IH","D","XL","D",3161702,3817921,1411497
"2026-04-28T13:51:30.000000Z","2026-04-28T06:51:30.000000Z","IMPC","RG",0,2170.0,1800,"--","-","--","-",3161702,0,1415499
"2026-04-28T13:51:51.000000Z","2026-04-28T06:51:51.000000Z","IMPC","RG",0,2180.0,100,"--","-","--","-",0,3798161,1417273
"2026-04-28T13:51:54.000000Z","2026-04-28T06:51:54.000000Z","IMPC","RG",0,2180.0,1000,"XL","D","HD","F",3830288,3798161,1417621
"2026-04-28T13:52:04.000000Z","2026-04-28T06:52:04.000000Z","IMPC","RG",0,2170.0,2300,"IH","D","AK","F",3161702,3832299,1418457
"2026-04-28T13:52:04.000000Z","2026-04-28T06:52:04.000000Z","IMPC","RG",0,2170.0,1200,"IH","D","AK","F",3161702,3832302,1418458
"2026-04-28T13:52:46.000000Z","2026-04-28T06:52:46.000000Z","IMPC","RG",0,2180.0,10600,"XL","D","HD","F",3840331,3798161,1421617
"2026-04-28T13:52:46.000000Z","2026-04-28T06:52:46.000000Z","IMPC","RG",0,2180.0,3100,"XL","D","BK","F",3840331,3798189,1421618
"2026-04-28T13:52:46.000000Z","2026-04-28T06:52:46.000000Z","IMPC","RG",0,2180.0,1400,"XL","D","BK","F",3840331,3798317,1421619
"2026-04-28T13:52:46.000000Z","2026-04-28T06:52:46.000000Z","IMPC","RG",0,2180.0,200,"XL","D","AK","F",3840331,3800971,1421620
"2026-04-28T13:52:46.000000Z","2026-04-28T06:52:46.000000Z","IMPC","RG",0,2180.0,200,"XL","D","AK","F",3840331,3800972,1421621
"2026-04-28T13:52:46.000000Z","2026-04-28T06:52:46.000000Z","IMPC","RG",0,2180.0,100,"XL","D","AK","F",3840331,3800973,1421622
"2026-04-28T13:52:46.000000Z","2026-04-28T06:52:46.000000Z","IMPC","RG",0,2180.0,1000,"XL","D","AK","F",3840331,3832293,1421623
"2026-04-28T13:52:46.000000Z","2026-04-28T06:52:46.000000Z","IMPC","RG",0,2180.0,500,"XL","D","AK","F",3840331,3800976,1421624
"2026-04-28T13:52:46.000000Z","2026-04-28T06:52:46.000000Z","IMPC","RG",0,2180.0,500,"XL","D","AK","F",3840331,3800977,1421625
"2026-04-28T13:52:46.000000Z","2026-04-28T06:52:46.000000Z","IMPC","RG",0,2180.0,500,"XL","D","AK","F",3840331,3800978,1421626
"2026-04-28T13:52:46.000000Z","2026-04-28T06:52:46.000000Z","IMPC","RG",0,2180.0,600,"XL","D","AK","F",3840331,3800979,1421627
"2026-04-28T13:52:46.000000Z","2026-04-28T06:52:46.000000Z","IMPC","RG",0,2180.0,500,"XL","D","AK","F",3840331,3800980,1421628
"2026-04-28T13:52:46.000000Z","2026-04-28T06:52:46.000000Z","IMPC","RG",0,2180.0,3700,"XL","D","AK","F",3840331,3800981,1421629
"2026-04-28T13:52:46.000000Z","2026-04-28T06:52:46.000000Z","IMPC","RG",0,2180.0,600,"XL","D","BK","F",3840331,3801449,1421630
"2026-04-28T13:52:46.000000Z","2026-04-28T06:52:46.000000Z","IMPC","RG",0,2180.0,800,"XL","D","AK","F",3840331,3809904,1421631
"2026-04-28T13:52:49.000000Z","2026-04-28T06:52:49.000000Z","IMPC","RG",0,2180.0,3000,"CC","F","AK","F",3840849,3809904,1421789
"2026-04-28T13:52:49.000000Z","2026-04-28T06:52:49.000000Z","IMPC","RG",0,2180.0,2000,"CC","F","XL","D",3840849,3812933,1421790
"2026-04-28T13:52:49.000000Z","2026-04-28T06:52:49.000000Z","IMPC","RG",0,2180.0,200,"CC","F","AK","F",3840849,3812975,1421791
"2026-04-28T13:52:49.000000Z","2026-04-28T06:52:49.000000Z","IMPC","RG",0,2180.0,500,"CC","F","AK","F",3840849,3817354,1421792
"2026-04-28T13:52:49.000000Z","2026-04-28T06:52:49.000000Z","IMPC","RG",0,2180.0,300,"CC","F","AK","F",3840849,3820141,1421793
"2026-04-28T13:52:49.000000Z","2026-04-28T06:52:49.000000Z","IMPC","RG",0,2180.0,3400,"CC","F","AK","F",3840849,3823619,1421794
"2026-04-28T13:52:49.000000Z","2026-04-28T06:52:49.000000Z","IMPC","RG",0,2180.0,3500,"CC","F","AK","F",3840849,3827795,1421795
"2026-04-28T13:52:49.000000Z","2026-04-28T06:52:49.000000Z","IMPC","RG",0,2180.0,3700,"CC","F","AK","F",3840849,3839804,1421796
"2026-04-28T13:52:49.000000Z","2026-04-28T06:52:49.000000Z","IMPC","RG",0,2180.0,500,"CC","F","AK","F",3840849,3840355,1421797
"2026-04-28T13:52:49.000000Z","2026-04-28T06:52:49.000000Z","IMPC","RG",0,2180.0,2300,"CC","F","BK","F",3840849,3840544,1421798
"2026-04-28T13:53:57.000000Z","2026-04-28T06:53:57.000000Z","IMPC","RG",0,2180.0,2300,"CC","F","CC","D",3846449,3854522,1428392
"2026-04-28T13:53:57.000000Z","2026-04-28T06:53:57.000000Z","IMPC","RG",0,2180.0,200,"ZP","F","CC","D",3846497,3854522,1428393
"2026-04-28T13:53:57.000000Z","2026-04-28T06:53:57.000000Z","IMPC","RG",0,2180.0,1200,"CC","F","AK","F",3846572,3854542,1428399
"2026-04-28T13:54:08.000000Z","2026-04-28T06:54:08.000000Z","IMPC","RG",0,2180.0,1100,"CC","F","AK","F",3846572,3856869,1429531
"2026-04-28T13:54:08.000000Z","2026-04-28T06:54:08.000000Z","IMPC","RG",0,2180.0,100,"CC","F","AK","F",3846638,3856869,1429532
"2026-04-28T13:54:08.000000Z","2026-04-28T06:54:08.000000Z","IMPC","RG",0,2180.0,800,"CC","F","AK","F",3846638,3856877,1429535
"2026-04-28T13:54:08.000000Z","2026-04-28T06:54:08.000000Z","IMPC","RG",0,2180.0,100,"CC","F","AK","F",3846638,3856906,1429544
"2026-04-28T13:54:21.000000Z","2026-04-28T06:54:21.000000Z","IMPC","RG",0,2180.0,1300,"--","-","--","-",3846638,0,1431911
"2026-04-28T13:54:21.000000Z","2026-04-28T06:54:21.000000Z","IMPC","RG",0,2180.0,10200,"--","-","--","-",3847557,0,1431912
"2026-04-28T13:54:21.000000Z","2026-04-28T06:54:21.000000Z","IMPC","RG",0,2180.0,4600,"--","-","--","-",3850402,0,1431913
"2026-04-28T13:54:21.000000Z","2026-04-28T06:54:21.000000Z","IMPC","RG",0,2180.0,400,"--","-","--","-",3855201,0,1431914
"2026-04-28T13:54:21.000000Z","2026-04-28T06:54:21.000000Z","IMPC","RG",0,2180.0,300,"--","-","--","-",3857208,0,1431915
"2026-04-28T13:55:13.000000Z","2026-04-28T06:55:13.000000Z","IMPC","RG",0,2180.0,8900,"XL","D","YP","D",3870620,3868812,1437237
"2026-04-28T13:56:05.000000Z","2026-04-28T06:56:05.000000Z","IMPC","RG",0,2180.0,500,"CC","D","YP","D",3880786,3868812,1441029
"2026-04-28T13:56:37.000000Z","2026-04-28T06:56:37.000000Z","IMPC","RG",0,2180.0,200,"XL","D","YP","D",3886915,3868812,1443894
"2026-04-28T13:57:20.000000Z","2026-04-28T06:57:20.000000Z","IMPC","RG",0,2180.0,100,"XL","D","YP","D",3895254,3868812,1447298
"2026-04-28T13:57:40.000000Z","2026-04-28T06:57:40.000000Z","IMPC","RG",0,2170.0,100,"IH","D","XL","D",3161702,3898880,1448739
"2026-04-28T13:57:40.000000Z","2026-04-28T06:57:40.000000Z","IMPC","RG",0,2170.0,200,"XL","D","XL","D",3299304,3898880,1448740
"2026-04-28T13:57:40.000000Z","2026-04-28T06:57:40.000000Z","IMPC","RG",0,2170.0,300,"XL","D","XL","D",3339522,3898880,1448741
"2026-04-28T13:57:40.000000Z","2026-04-28T06:57:40.000000Z","IMPC","RG",0,2170.0,900,"XL","D","XL","D",3369954,3898880,1448742
"2026-04-28T13:58:00.000000Z","2026-04-28T06:58:00.000000Z","IMPC","RG",0,2170.0,2000,"XL","D","PD","D",3369954,3902795,1450332
"2026-04-28T13:58:07.000000Z","2026-04-28T06:58:07.000000Z","IMPC","RG",0,2170.0,2100,"XL","D","XL","D",3369954,3904045,1450709
"2026-04-28T13:58:07.000000Z","2026-04-28T06:58:07.000000Z","IMPC","RG",0,2170.0,4700,"KK","D","XL","D",3421274,3904045,1450710
"2026-04-28T14:00:15.000000Z","2026-04-28T07:00:15.000000Z","IMPC","RG",0,2170.0,300,"KK","D","BQ","D",3421274,3932486,1461836
"2026-04-28T14:00:15.000000Z","2026-04-28T07:00:15.000000Z","IMPC","RG",0,2170.0,200,"CP","D","BQ","D",3505532,3932486,1461837
"2026-04-28T14:00:35.000000Z","2026-04-28T07:00:35.000000Z","IMPC","RG",0,2170.0,100,"CP","D","XL","D",3505532,3937034,1463904
"2026-04-28T14:00:36.000000Z","2026-04-28T07:00:36.000000Z","IMPC","RG",0,2170.0,1700,"CP","D","AK","F",3505532,3937084,1463917
"2026-04-28T14:00:36.000000Z","2026-04-28T07:00:36.000000Z","IMPC","RG",0,2170.0,1000,"XL","D","AK","F",3530015,3937084,1463918
"2026-04-28T14:00:36.000000Z","2026-04-28T07:00:36.000000Z","IMPC","RG",0,2170.0,200,"XC","D","AK","F",3629136,3937084,1463919
"2026-04-28T14:00:36.000000Z","2026-04-28T07:00:36.000000Z","IMPC","RG",0,2170.0,400,"XL","D","AK","F",3636725,3937084,1463920
"2026-04-28T14:01:22.000000Z","2026-04-28T07:01:22.000000Z","IMPC","RG",0,2180.0,100,"ZP","F","YP","D",3945914,3868812,1467444
"2026-04-28T14:01:36.000000Z","2026-04-28T07:01:36.000000Z","IMPC","RG",0,2170.0,100,"--","-","--","-",3636725,0,1468497
"2026-04-28T14:01:36.000000Z","2026-04-28T07:01:36.000000Z","IMPC","RG",0,2170.0,600,"--","-","--","-",3669383,0,1468498
"2026-04-28T14:01:36.000000Z","2026-04-28T07:01:36.000000Z","IMPC","RG",0,2170.0,1200,"--","-","--","-",3669510,0,1468499
"2026-04-28T14:01:36.000000Z","2026-04-28T07:01:36.000000Z","IMPC","RG",0,2170.0,500,"--","-","--","-",3707618,0,1468500
"2026-04-28T14:01:36.000000Z","2026-04-28T07:01:36.000000Z","IMPC","RG",0,2170.0,600,"--","-","--","-",3767612,0,1468501
"2026-04-28T14:01:50.000000Z","2026-04-28T07:01:50.000000Z","IMPC","RG",0,2170.0,400,"XL","D","BK","F",3767612,3951378,1469409
"2026-04-28T14:01:50.000000Z","2026-04-28T07:01:50.000000Z","IMPC","RG",0,2170.0,1800,"PI","D","BK","F",3801642,3951378,1469410
"2026-04-28T14:01:54.000000Z","2026-04-28T07:01:54.000000Z","IMPC","RG",0,2170.0,5500,"PI","D","XL","D",3801642,3952101,1469689
"2026-04-28T14:01:55.000000Z","2026-04-28T07:01:55.000000Z","IMPC","RG",0,2180.0,200,"CC","F","YP","D",3952342,3868812,1469802
"2026-04-28T14:02:02.000000Z","2026-04-28T07:02:02.000000Z","IMPC","RG",0,2180.0,600,"XL","D","YP","D",3953612,3868812,1470319
"2026-04-28T14:02:05.000000Z","2026-04-28T07:02:05.000000Z","IMPC","RG",0,2170.0,19100,"PI","D","XL","D",3801642,3954318,1470764
"2026-04-28T14:02:05.000000Z","2026-04-28T07:02:05.000000Z","IMPC","RG",0,2170.0,900,"PI","D","AK","F",3801642,3954330,1470777
"2026-04-28T14:02:05.000000Z","2026-04-28T07:02:05.000000Z","IMPC","RG",0,2170.0,300,"PI","D","AK","F",3801642,3954331,1470778
"2026-04-28T14:02:05.000000Z","2026-04-28T07:02:05.000000Z","IMPC","RG",0,2170.0,600,"PI","D","AK","F",3801642,3954338,1470784
"2026-04-28T14:02:05.000000Z","2026-04-28T07:02:05.000000Z","IMPC","RG",0,2170.0,1800,"PI","D","AK","F",3801642,3954356,1470788
"2026-04-28T14:02:05.000000Z","2026-04-28T07:02:05.000000Z","IMPC","RG",0,2170.0,400,"XL","D","AK","F",3804796,3954356,1470789
"2026-04-28T14:02:05.000000Z","2026-04-28T07:02:05.000000Z","IMPC","RG",0,2170.0,200,"XL","D","AK","F",3804796,3954366,1470793
"2026-04-28T14:02:06.000000Z","2026-04-28T07:02:06.000000Z","IMPC","RG",0,2180.0,300,"CC","F","YP","D",3954597,3868812,1470858
"2026-04-28T14:02:07.000000Z","2026-04-28T07:02:07.000000Z","IMPC","RG",0,2180.0,300,"CC","F","YP","D",3954742,3868812,1470895
"2026-04-28T14:02:07.000000Z","2026-04-28T07:02:07.000000Z","IMPC","RG",0,2180.0,400,"CC","F","YP","D",3954824,3868812,1470927
"2026-04-28T14:02:15.000000Z","2026-04-28T07:02:15.000000Z","IMPC","RG",0,2170.0,100,"XL","D","XL","D",3804796,3956311,1471437
"2026-04-28T14:02:15.000000Z","2026-04-28T07:02:15.000000Z","IMPC","RG",0,2170.0,300,"XL","D","AK","F",3804796,3956361,1471449
"2026-04-28T14:02:15.000000Z","2026-04-28T07:02:15.000000Z","IMPC","RG",0,2170.0,100,"XL","D","AK","F",3805864,3956361,1471450
"2026-04-28T14:02:15.000000Z","2026-04-28T07:02:15.000000Z","IMPC","RG",0,2170.0,200,"XL","D","AK","F",3807634,3956361,1471451
"2026-04-28T14:02:15.000000Z","2026-04-28T07:02:15.000000Z","IMPC","RG",0,2170.0,2000,"XL","D","AK","F",3819037,3956361,1471452
"2026-04-28T14:02:15.000000Z","2026-04-28T07:02:15.000000Z","IMPC","RG",0,2170.0,1000,"YP","D","AK","F",3820770,3956361,1471453
"2026-04-28T14:02:26.000000Z","2026-04-28T07:02:26.000000Z","IMPC","RG",0,2170.0,100,"YP","D","XL","D",3820770,3958752,1473271
"2026-04-28T14:02:29.000000Z","2026-04-28T07:02:29.000000Z","IMPC","RG",0,2180.0,2000,"XL","D","YP","D",3959306,3868812,1473506
"2026-04-28T14:02:29.000000Z","2026-04-28T07:02:29.000000Z","IMPC","RG",0,2170.0,1900,"YP","D","ZP","F",3820770,3959425,1473949
"2026-04-28T14:02:29.000000Z","2026-04-28T07:02:29.000000Z","IMPC","RG",0,2170.0,1000,"CC","D","ZP","F",3829438,3959425,1473950
"2026-04-28T14:02:29.000000Z","2026-04-28T07:02:29.000000Z","IMPC","RG",0,2170.0,700,"PD","D","ZP","F",3834117,3959425,1473951
"2026-04-28T14:02:42.000000Z","2026-04-28T07:02:42.000000Z","IMPC","RG",0,2170.0,1800,"PD","D","YP","D",3834117,3961735,1474823
"2026-04-28T14:03:18.000000Z","2026-04-28T07:03:18.000000Z","IMPC","RG",0,2170.0,3400,"PD","D","AK","F",3834117,3968910,1478359
"2026-04-28T14:03:37.000000Z","2026-04-28T07:03:37.000000Z","IMPC","RG",0,2170.0,2100,"--","-","--","-",3834117,0,1480263
"2026-04-28T14:04:12.000000Z","2026-04-28T07:04:12.000000Z","IMPC","RG",0,2170.0,2000,"PD","D","XL","D",3834117,3979710,1483096
"2026-04-28T14:04:12.000000Z","2026-04-28T07:04:12.000000Z","IMPC","RG",0,2170.0,500,"CP","D","XL","D",3835229,3979710,1483097
"2026-04-28T14:04:12.000000Z","2026-04-28T07:04:12.000000Z","IMPC","RG",0,2170.0,3600,"CP","D","AK","F",3835229,3979776,1483127
"2026-04-28T14:04:12.000000Z","2026-04-28T07:04:12.000000Z","IMPC","RG",0,2170.0,4500,"CP","D","XL","D",3835229,3979842,1483157
"2026-04-28T14:04:28.000000Z","2026-04-28T07:04:28.000000Z","IMPC","RG",0,2180.0,100,"ZP","F","YP","D",3983070,3868812,1484391
"2026-04-28T14:04:58.000000Z","2026-04-28T07:04:58.000000Z","IMPC","RG",0,2170.0,1400,"CP","D","BK","F",3835229,3989170,1486863
"2026-04-28T14:04:58.000000Z","2026-04-28T07:04:58.000000Z","IMPC","RG",0,2170.0,500,"CC","F","BK","F",3954732,3989170,1486864
"2026-04-28T14:05:09.000000Z","2026-04-28T07:05:09.000000Z","IMPC","RG",0,2170.0,1600,"--","-","--","-",3847349,0,1487879
"2026-04-28T14:05:09.000000Z","2026-04-28T07:05:09.000000Z","IMPC","RG",0,2170.0,1800,"--","-","--","-",3847390,0,1487880
"2026-04-28T14:05:47.000000Z","2026-04-28T07:05:47.000000Z","IMPC","RG",0,2170.0,300,"CC","F","CP","D",3954803,3998676,1490977
"2026-04-28T14:05:47.000000Z","2026-04-28T07:05:47.000000Z","IMPC","RG",0,2170.0,1900,"CC","F","CP","D",3859745,3998676,1490978
"2026-04-28T14:05:47.000000Z","2026-04-28T07:05:47.000000Z","IMPC","RG",0,2170.0,5900,"--","-","--","-",3859874,0,1490979
"2026-04-28T14:05:54.000000Z","2026-04-28T07:05:54.000000Z","IMPC","RG",0,2170.0,400,"--","-","--","-",3859874,0,1491378
"2026-04-28T14:06:05.000000Z","2026-04-28T07:06:05.000000Z","IMPC","RG",0,2170.0,3100,"CC","F","AK","F",3859874,4001839,1492282
"2026-04-28T14:06:05.000000Z","2026-04-28T07:06:05.000000Z","IMPC","RG",0,2170.0,100,"CC","F","AK","F",3859874,4001840,1492283
"2026-04-28T14:06:17.000000Z","2026-04-28T07:06:17.000000Z","IMPC","RG",0,2170.0,200,"--","-","--","-",3859874,0,1493563
"2026-04-28T14:06:22.000000Z","2026-04-28T07:06:22.000000Z","IMPC","RG",0,2170.0,1000,"CC","F","SQ","D",3859874,4005609,1493986
"2026-04-28T14:06:53.000000Z","2026-04-28T07:06:53.000000Z","IMPC","RG",0,2180.0,200,"--","-","--","-",0,3868812,1496178
"2026-04-28T14:07:03.000000Z","2026-04-28T07:07:03.000000Z","IMPC","RG",0,2170.0,3200,"CC","F","AK","F",3859874,4013577,1496838
"2026-04-28T14:07:43.000000Z","2026-04-28T07:07:43.000000Z","IMPC","RG",0,2170.0,1900,"--","-","--","-",3859874,0,1499537
"2026-04-28T14:07:53.000000Z","2026-04-28T07:07:53.000000Z","IMPC","RG",0,2170.0,3100,"CC","F","AK","F",3859874,4023120,1500322
"2026-04-28T14:07:59.000000Z","2026-04-28T07:07:59.000000Z","IMPC","RG",0,2170.0,2400,"CC","F","XL","D",3859874,4024246,1500690
"2026-04-28T14:08:38.000000Z","2026-04-28T07:08:38.000000Z","IMPC","RG",0,2170.0,200,"CC","F","AK","F",3859874,4031509,1503322
"2026-04-28T14:08:38.000000Z","2026-04-28T07:08:38.000000Z","IMPC","RG",0,2170.0,100,"ZP","F","AK","F",3860696,4031509,1503323
"2026-04-28T14:08:38.000000Z","2026-04-28T07:08:38.000000Z","IMPC","RG",0,2170.0,500,"XL","D","AK","F",3864352,4031509,1503324
"2026-04-28T14:08:38.000000Z","2026-04-28T07:08:38.000000Z","IMPC","RG",0,2170.0,100,"XL","D","AK","F",3874698,4031509,1503325
"2026-04-28T14:08:38.000000Z","2026-04-28T07:08:38.000000Z","IMPC","RG",0,2170.0,100,"ZP","F","AK","F",3879303,4031509,1503326
"2026-04-28T14:08:38.000000Z","2026-04-28T07:08:38.000000Z","IMPC","RG",0,2170.0,100,"ZP","F","AK","F",3900820,4031509,1503327
"2026-04-28T14:08:38.000000Z","2026-04-28T07:08:38.000000Z","IMPC","RG",0,2170.0,200,"XL","D","AK","F",3906760,4031509,1503328
"2026-04-28T14:08:38.000000Z","2026-04-28T07:08:38.000000Z","IMPC","RG",0,2170.0,1000,"XA","D","AK","F",3912599,4031509,1503329
"2026-04-28T14:08:38.000000Z","2026-04-28T07:08:38.000000Z","IMPC","RG",0,2170.0,100,"OD","D","AK","F",3945820,4031509,1503330
"2026-04-28T14:08:38.000000Z","2026-04-28T07:08:38.000000Z","IMPC","RG",0,2170.0,100,"XL","D","AK","F",3947807,4031509,1503331
"2026-04-28T14:08:38.000000Z","2026-04-28T07:08:38.000000Z","IMPC","RG",0,2170.0,900,"XL","D","AK","F",3975804,4031509,1503332
"2026-04-28T14:08:38.000000Z","2026-04-28T07:08:38.000000Z","IMPC","RG",0,2170.0,1500,"YP","D","BK","F",3995210,4031536,1503337
"2026-04-28T14:08:38.000000Z","2026-04-28T07:08:38.000000Z","IMPC","RG",0,2170.0,100,"XC","D","BK","F",3997553,4031536,1503338
"2026-04-28T14:08:38.000000Z","2026-04-28T07:08:38.000000Z","IMPC","RG",0,2170.0,200,"CC","F","BK","F",3999336,4031536,1503339
"2026-04-28T14:08:38.000000Z","2026-04-28T07:08:38.000000Z","IMPC","RG",0,2170.0,1000,"CP","D","BK","F",4000960,4031536,1503340
"2026-04-28T14:08:38.000000Z","2026-04-28T07:08:38.000000Z","IMPC","RG",0,2170.0,400,"XL","D","BK","F",4023475,4031536,1503341
"2026-04-28T14:08:38.000000Z","2026-04-28T07:08:38.000000Z","IMPC","RG",0,2170.0,100,"CC","F","BK","F",4024142,4031536,1503342
"2026-04-28T14:08:38.000000Z","2026-04-28T07:08:38.000000Z","IMPC","RG",0,2170.0,100,"CC","F","BK","F",4024244,4031536,1503343
"2026-04-28T14:08:38.000000Z","2026-04-28T07:08:38.000000Z","IMPC","RG",0,2170.0,100,"ZP","F","BK","F",4025965,4031536,1503344
"2026-04-28T14:08:38.000000Z","2026-04-28T07:08:38.000000Z","IMPC","RG",0,2170.0,10000,"BQ","D","BK","F",4026935,4031536,1503345
"2026-04-28T14:09:28.000000Z","2026-04-28T07:09:28.000000Z","IMPC","RG",0,2170.0,300,"--","-","--","-",4032302,0,1506842
"2026-04-28T14:09:28.000000Z","2026-04-28T07:09:28.000000Z","IMPC","RG",0,2170.0,2900,"--","-","--","-",0,4041159,1506846
"2026-04-28T14:09:28.000000Z","2026-04-28T07:09:28.000000Z","IMPC","RG",0,2170.0,3600,"--","-","--","-",4041181,0,1506850
"2026-04-28T14:10:29.000000Z","2026-04-28T07:10:29.000000Z","IMPC","RG",0,2170.0,1900,"--","-","--","-",4042200,0,1514442
"2026-04-28T14:10:59.000000Z","2026-04-28T07:10:59.000000Z","IMPC","RG",0,2170.0,600,"BQ","D","AK","F",4042200,4061464,1517900
"2026-04-28T14:10:59.000000Z","2026-04-28T07:10:59.000000Z","IMPC","RG",0,2170.0,2800,"BQ","D","AK","F",4042200,4061469,1517905
"2026-04-28T14:11:35.000000Z","2026-04-28T07:11:35.000000Z","IMPC","RG",0,2170.0,800,"--","-","--","-",4042200,0,1521798
"2026-04-28T14:11:35.000000Z","2026-04-28T07:11:35.000000Z","IMPC","RG",0,2170.0,2700,"--","-","--","-",4042200,0,1521803
"2026-04-28T14:12:06.000000Z","2026-04-28T07:12:06.000000Z","IMPC","RG",0,2170.0,1200,"--","-","--","-",4042200,0,1524656
"2026-04-28T14:12:06.000000Z","2026-04-28T07:12:06.000000Z","IMPC","RG",0,2170.0,700,"--","-","--","-",4042482,0,1524657
"2026-04-28T14:12:06.000000Z","2026-04-28T07:12:06.000000Z","IMPC","RG",0,2170.0,600,"--","-","--","-",4043348,0,1524658
"2026-04-28T14:12:06.000000Z","2026-04-28T07:12:06.000000Z","IMPC","RG",0,2170.0,500,"--","-","--","-",4043486,0,1524659
"2026-04-28T14:12:06.000000Z","2026-04-28T07:12:06.000000Z","IMPC","RG",0,2170.0,500,"--","-","--","-",4043557,0,1524660
"2026-04-28T14:12:06.000000Z","2026-04-28T07:12:06.000000Z","IMPC","RG",0,2170.0,100,"--","-","--","-",4054290,0,1524661
"2026-04-28T14:12:06.000000Z","2026-04-28T07:12:06.000000Z","IMPC","RG",0,2170.0,200,"--","-","--","-",4072214,0,1524662
"2026-04-28T14:12:14.000000Z","2026-04-28T07:12:14.000000Z","IMPC","RG",0,2170.0,21200,"--","-","--","-",0,4076510,1525455
"2026-04-28T14:12:14.000000Z","2026-04-28T07:12:14.000000Z","IMPC","RG",0,2170.0,3400,"--","-","--","-",0,4076517,1525456
"2026-04-28T14:12:14.000000Z","2026-04-28T07:12:14.000000Z","IMPC","RG",0,2170.0,3300,"--","-","--","-",0,4076552,1525457
"2026-04-28T14:12:14.000000Z","2026-04-28T07:12:14.000000Z","IMPC","RG",0,2170.0,3500,"--","-","--","-",0,4076554,1525458
"2026-04-28T14:12:14.000000Z","2026-04-28T07:12:14.000000Z","IMPC","RG",0,2170.0,3100,"--","-","--","-",0,4076555,1525459
"2026-04-28T14:12:14.000000Z","2026-04-28T07:12:14.000000Z","IMPC","RG",0,2170.0,400,"--","-","--","-",0,4076556,1525460
"2026-04-28T14:12:14.000000Z","2026-04-28T07:12:14.000000Z","IMPC","RG",0,2170.0,100,"--","-","--","-",0,4076707,1525461
"2026-04-28T14:12:14.000000Z","2026-04-28T07:12:14.000000Z","IMPC","RG",0,2170.0,300,"--","-","--","-",0,4076804,1525462
"2026-04-28T14:12:14.000000Z","2026-04-28T07:12:14.000000Z","IMPC","RG",0,2170.0,4700,"--","-","--","-",0,4078342,1525515
"2026-04-28T14:12:37.000000Z","2026-04-28T07:12:37.000000Z","IMPC","RG",0,2170.0,500,"--","-","--","-",4079770,0,1527794
"2026-04-28T14:14:51.000000Z","2026-04-28T07:14:51.000000Z","IMPC","RG",0,2180.0,100,"NI","D","YP","D",4111546,3868812,1542376
"2026-04-28T14:14:58.000000Z","2026-04-28T07:14:58.000000Z","IMPC","RG",0,2180.0,6700,"--","-","--","-",0,3868812,1542913
"2026-04-28T14:15:45.000000Z","2026-04-28T07:15:45.000000Z","IMPC","RG",0,2170.0,3100,"CC","F","AK","F",4079770,4123066,1548133
"2026-04-28T14:16:16.000000Z","2026-04-28T07:16:16.000000Z","IMPC","RG",0,2180.0,1000,"--","-","--","-",0,3868812,1550495
"2026-04-28T14:16:40.000000Z","2026-04-28T07:16:40.000000Z","IMPC","RG",0,2170.0,3100,"--","-","--","-",4079770,0,1552385
"2026-04-28T14:17:38.000000Z","2026-04-28T07:17:38.000000Z","IMPC","RG",0,2170.0,3300,"CC","F","AK","F",4079770,4143607,1556808
"2026-04-28T14:18:18.000000Z","2026-04-28T07:18:18.000000Z","IMPC","RG",0,2170.0,2100,"CC","F","BK","F",4079770,4150920,1559804
"2026-04-28T14:18:40.000000Z","2026-04-28T07:18:40.000000Z","IMPC","RG",0,2170.0,3000,"CC","F","AK","F",4079770,4155163,1561291
"2026-04-28T14:18:53.000000Z","2026-04-28T07:18:53.000000Z","IMPC","RG",0,2180.0,11500,"XC","D","YP","D",4157275,3868812,1562064
"2026-04-28T14:18:54.000000Z","2026-04-28T07:18:54.000000Z","IMPC","RG",0,2180.0,500,"CC","F","YP","D",4157416,3868812,1562089
"2026-04-28T14:18:55.000000Z","2026-04-28T07:18:55.000000Z","IMPC","RG",0,2180.0,600,"CC","F","YP","D",4157574,3868812,1562185
"2026-04-28T14:18:55.000000Z","2026-04-28T07:18:55.000000Z","IMPC","RG",0,2180.0,600,"CC","F","YP","D",4157647,3868812,1562204
"2026-04-28T14:19:36.000000Z","2026-04-28T07:19:36.000000Z","IMPC","RG",0,2170.0,3400,"CC","F","AK","F",4079770,4163957,1564844
"2026-04-28T14:20:28.000000Z","2026-04-28T07:20:28.000000Z","IMPC","RG",0,2180.0,100,"--","-","--","-",0,3868812,1567845
"2026-04-28T14:20:43.000000Z","2026-04-28T07:20:43.000000Z","IMPC","RG",0,2170.0,3500,"CC","F","AK","F",4079770,4174819,1568594
"2026-04-28T14:21:16.000000Z","2026-04-28T07:21:16.000000Z","IMPC","RG",0,2170.0,2000,"--","-","--","-",4079770,0,1570333
"2026-04-28T14:21:50.000000Z","2026-04-28T07:21:50.000000Z","IMPC","RG",0,2180.0,200,"CC","F","YP","D",4184793,3868812,1572290
"2026-04-28T14:21:50.000000Z","2026-04-28T07:21:50.000000Z","IMPC","RG",0,2180.0,100,"XL","D","YP","D",4184797,3868812,1572291
"2026-04-28T14:22:00.000000Z","2026-04-28T07:22:00.000000Z","IMPC","RG",0,2170.0,3400,"CC","F","AK","F",4079770,4186515,1573237
"2026-04-28T14:22:03.000000Z","2026-04-28T07:22:03.000000Z","IMPC","RG",0,2180.0,200,"CC","F","YP","D",4186932,3868812,1573382
"2026-04-28T14:22:03.000000Z","2026-04-28T07:22:03.000000Z","IMPC","RG",0,2180.0,200,"CC","F","YP","D",4186992,3868812,1573397
"2026-04-28T14:22:58.000000Z","2026-04-28T07:22:58.000000Z","IMPC","RG",0,2170.0,600,"CC","F","AK","F",4079770,4196685,1578565
"2026-04-28T14:22:58.000000Z","2026-04-28T07:22:58.000000Z","IMPC","RG",0,2170.0,3000,"AK","F","AK","F",4079789,4196685,1578566
"2026-04-28T14:23:06.000000Z","2026-04-28T07:23:06.000000Z","IMPC","RG",0,2180.0,64300,"AK","F","YP","D",4198169,3868812,1579151
"2026-04-28T14:23:06.000000Z","2026-04-28T07:23:06.000000Z","IMPC","RG",0,2180.0,1900,"AK","F","BK","F",4198169,3869012,1579152
"2026-04-28T14:23:06.000000Z","2026-04-28T07:23:06.000000Z","IMPC","RG",0,2180.0,600,"AK","F","AK","F",4198169,3882840,1579153
"2026-04-28T14:23:06.000000Z","2026-04-28T07:23:06.000000Z","IMPC","RG",0,2180.0,100,"AK","F","PD","D",4198169,3886130,1579154
"2026-04-28T14:23:06.000000Z","2026-04-28T07:23:06.000000Z","IMPC","RG",0,2180.0,500,"AK","F","AK","F",4198169,3912649,1579155
"2026-04-28T14:23:06.000000Z","2026-04-28T07:23:06.000000Z","IMPC","RG",0,2180.0,80200,"AK","F","YU","F",4198169,3915870,1579156
"2026-04-28T14:23:06.000000Z","2026-04-28T07:23:06.000000Z","IMPC","RG",0,2180.0,300,"AK","F","AK","F",4198169,3918648,1579157
"2026-04-28T14:23:06.000000Z","2026-04-28T07:23:06.000000Z","IMPC","RG",0,2180.0,200,"AK","F","AK","F",4198169,3918651,1579158
"2026-04-28T14:23:06.000000Z","2026-04-28T07:23:06.000000Z","IMPC","RG",0,2180.0,1000,"AK","F","YP","D",4198169,3919384,1579159
"2026-04-28T14:23:06.000000Z","2026-04-28T07:23:06.000000Z","IMPC","RG",0,2180.0,900,"AK","F","BK","F",4198169,3919576,1579160
"2026-04-28T14:23:06.000000Z","2026-04-28T07:23:06.000000Z","IMPC","RG",0,2180.0,1200,"HD","F","BK","F",4198171,3919576,1579161
"2026-04-28T14:23:06.000000Z","2026-04-28T07:23:06.000000Z","IMPC","RG",0,2180.0,600,"HD","F","AK","F",4198171,3939194,1579162
"2026-04-28T14:23:06.000000Z","2026-04-28T07:23:06.000000Z","IMPC","RG",0,2180.0,600,"HD","F","AK","F",4198171,3966684,1579163
"2026-04-28T14:23:06.000000Z","2026-04-28T07:23:06.000000Z","IMPC","RG",0,2180.0,1600,"HD","F","XC","D",4198171,3992731,1579164
"2026-04-28T14:23:06.000000Z","2026-04-28T07:23:06.000000Z","IMPC","RG",0,2180.0,100,"HD","F","CP","D",4198171,3993748,1579165
"2026-04-28T14:23:06.000000Z","2026-04-28T07:23:06.000000Z","IMPC","RG",0,2180.0,500,"HD","F","AK","F",4198171,3996141,1579166
"2026-04-28T14:23:06.000000Z","2026-04-28T07:23:06.000000Z","IMPC","RG",0,2180.0,200,"HD","F","AK","F",4198171,3998542,1579167
"2026-04-28T14:23:06.000000Z","2026-04-28T07:23:06.000000Z","IMPC","RG",0,2180.0,200,"HD","F","AK","F",4198171,4001837,1579168
"2026-04-28T14:23:06.000000Z","2026-04-28T07:23:06.000000Z","IMPC","RG",0,2180.0,900,"HD","F","XL","D",4198171,4014807,1579169
"2026-04-28T14:23:06.000000Z","2026-04-28T07:23:06.000000Z","IMPC","RG",0,2180.0,500,"HD","F","AK","F",4198171,4019268,1579170
"2026-04-28T14:23:06.000000Z","2026-04-28T07:23:06.000000Z","IMPC","RG",0,2180.0,600,"HD","F","AK","F",4198171,4035951,1579171
"2026-04-28T14:23:06.000000Z","2026-04-28T07:23:06.000000Z","IMPC","RG",0,2180.0,300,"HD","F","AK","F",4198171,4040222,1579172
"2026-04-28T14:23:06.000000Z","2026-04-28T07:23:06.000000Z","IMPC","RG",0,2180.0,500,"HD","F","AK","F",4198171,4059260,1579173
"2026-04-28T14:23:06.000000Z","2026-04-28T07:23:06.000000Z","IMPC","RG",0,2180.0,200,"HD","F","AK","F",4198171,4063809,1579174
"2026-04-28T14:23:06.000000Z","2026-04-28T07:23:06.000000Z","IMPC","RG",0,2180.0,3200,"HD","F","AK","F",4198171,4078343,1579175
"2026-04-28T14:23:06.000000Z","2026-04-28T07:23:06.000000Z","IMPC","RG",0,2180.0,3300,"HD","F","AK","F",4198171,4078344,1579176
"2026-04-28T14:23:06.000000Z","2026-04-28T07:23:06.000000Z","IMPC","RG",0,2180.0,600,"HD","F","AK","F",4198171,4078390,1579177
"2026-04-28T14:23:06.000000Z","2026-04-28T07:23:06.000000Z","IMPC","RG",0,2180.0,3500,"HD","F","AK","F",4198171,4079848,1579178
"2026-04-28T14:23:06.000000Z","2026-04-28T07:23:06.000000Z","IMPC","RG",0,2180.0,3800,"HD","F","AK","F",4198171,4097149,1579179
"2026-04-28T14:23:06.000000Z","2026-04-28T07:23:06.000000Z","IMPC","RG",0,2180.0,300,"HD","F","AK","F",4198171,4111014,1579180
"2026-04-28T14:23:06.000000Z","2026-04-28T07:23:06.000000Z","IMPC","RG",0,2180.0,3100,"AK","F","AK","F",4198179,4111014,1579182
"2026-04-28T14:23:06.000000Z","2026-04-28T07:23:06.000000Z","IMPC","RG",0,2180.0,600,"AK","F","AK","F",4198179,4112925,1579183
"2026-04-28T14:23:06.000000Z","2026-04-28T07:23:06.000000Z","IMPC","RG",0,2180.0,200,"AK","F","AK","F",4198179,4116067,1579184
"2026-04-28T14:23:06.000000Z","2026-04-28T07:23:06.000000Z","IMPC","RG",0,2180.0,200,"AK","F","AK","F",4198179,4160037,1579185
"2026-04-28T14:23:06.000000Z","2026-04-28T07:23:06.000000Z","IMPC","RG",0,2180.0,300,"AK","F","AK","F",4198179,4170746,1579186
"2026-04-28T14:23:06.000000Z","2026-04-28T07:23:06.000000Z","IMPC","RG",0,2180.0,5000,"AK","F","CC","D",4198179,4191073,1579187
"2026-04-28T14:23:06.000000Z","2026-04-28T07:23:06.000000Z","IMPC","RG",0,2180.0,1700,"AK","F","AK","F",4198201,4198193,1579210
"2026-04-28T14:23:06.000000Z","2026-04-28T07:23:06.000000Z","IMPC","RG",0,2180.0,1700,"AK","F","AK","F",4198203,4198195,1579211
"2026-04-28T14:23:06.000000Z","2026-04-28T07:23:06.000000Z","IMPC","RG",0,2180.0,1700,"AK","F","AK","F",4198204,4198195,1579212
"2026-04-28T14:23:06.000000Z","2026-04-28T07:23:06.000000Z","IMPC","RG",0,2180.0,300,"AK","F","AK","F",4198211,4198195,1579216
"2026-04-28T14:23:07.000000Z","2026-04-28T07:23:07.000000Z","IMPC","RG",0,2170.0,3700,"AK","F","ZP","F",4079789,4198256,1579241
"2026-04-28T14:23:08.000000Z","2026-04-28T07:23:08.000000Z","IMPC","RG",0,2190.0,3900,"CC","F","XL","D",4198479,3705330,1579373
"2026-04-28T14:23:08.000000Z","2026-04-28T07:23:08.000000Z","IMPC","RG",0,2190.0,4000,"CC","F","XL","D",4198558,3705330,1579409
"2026-04-28T14:23:09.000000Z","2026-04-28T07:23:09.000000Z","IMPC","RG",0,2170.0,3700,"AK","F","ZP","F",4079789,4198619,1579442
"2026-04-28T14:23:11.000000Z","2026-04-28T07:23:11.000000Z","IMPC","RG",0,2190.0,900,"CC","F","XL","D",4199019,3705330,1579613
"2026-04-28T14:23:26.000000Z","2026-04-28T07:23:26.000000Z","IMPC","RG",0,2190.0,200,"ZP","F","XL","D",4201488,3705330,1580421
"2026-04-28T14:23:56.000000Z","2026-04-28T07:23:56.000000Z","IMPC","RG",0,2190.0,1000,"XL","D","XL","D",4206516,3705330,1582532
"2026-04-28T14:24:46.000000Z","2026-04-28T07:24:46.000000Z","IMPC","RG",0,2180.0,100,"XL","D","CC","F",4199705,4215128,1586524
"2026-04-28T14:24:46.000000Z","2026-04-28T07:24:46.000000Z","IMPC","RG",0,2180.0,1300,"CC","F","CC","F",4199906,4215128,1586525
"2026-04-28T14:24:46.000000Z","2026-04-28T07:24:46.000000Z","IMPC","RG",0,2180.0,1200,"CC","F","CC","F",4200000,4215128,1586526
"2026-04-28T14:24:46.000000Z","2026-04-28T07:24:46.000000Z","IMPC","RG",0,2180.0,1000,"CC","F","CC","F",4200043,4215128,1586527
"2026-04-28T14:24:46.000000Z","2026-04-28T07:24:46.000000Z","IMPC","RG",0,2180.0,100,"ZP","F","CC","F",4200061,4215128,1586528
"2026-04-28T14:24:46.000000Z","2026-04-28T07:24:46.000000Z","IMPC","RG",0,2180.0,200,"ZP","F","CC","F",4201847,4215128,1586529
"2026-04-28T14:24:46.000000Z","2026-04-28T07:24:46.000000Z","IMPC","RG",0,2180.0,4500,"CC","F","CC","F",4200411,4215128,1586530
"2026-04-28T14:24:46.000000Z","2026-04-28T07:24:46.000000Z","IMPC","RG",0,2180.0,100,"XL","D","CC","F",4200976,4215128,1586531
"2026-04-28T14:24:46.000000Z","2026-04-28T07:24:46.000000Z","IMPC","RG",0,2180.0,6100,"XL","D","CC","F",4201089,4215128,1586532
"2026-04-28T14:24:46.000000Z","2026-04-28T07:24:46.000000Z","IMPC","RG",0,2180.0,6900,"AZ","D","CC","F",4204864,4215128,1586533
"2026-04-28T14:24:46.000000Z","2026-04-28T07:24:46.000000Z","IMPC","RG",0,2180.0,50000,"XC","D","CC","F",4211974,4215128,1586534
"2026-04-28T14:24:46.000000Z","2026-04-28T07:24:46.000000Z","IMPC","RG",0,2180.0,1400,"CC","F","CC","F",4212325,4215128,1586535
"2026-04-28T14:24:46.000000Z","2026-04-28T07:24:46.000000Z","IMPC","RG",0,2180.0,100,"ZP","F","CC","F",4212356,4215128,1586536
"2026-04-28T14:24:46.000000Z","2026-04-28T07:24:46.000000Z","IMPC","RG",0,2180.0,1500,"CC","F","CC","F",4212471,4215128,1586537
"2026-04-28T14:24:46.000000Z","2026-04-28T07:24:46.000000Z","IMPC","RG",0,2180.0,1500,"CC","F","CC","F",4212552,4215128,1586538
"2026-04-28T14:24:46.000000Z","2026-04-28T07:24:46.000000Z","IMPC","RG",0,2170.0,3800,"XL","D","ZP","F",4088269,4215226,1586570
"2026-04-28T14:24:52.000000Z","2026-04-28T07:24:52.000000Z","IMPC","RG",0,2180.0,100,"CP","D","HD","F",4216384,4215129,1587088
"2026-04-28T14:24:57.000000Z","2026-04-28T07:24:57.000000Z","IMPC","RG",0,2170.0,5000,"XL","D","XC","D",4088269,4217264,1587533
"2026-04-28T14:25:18.000000Z","2026-04-28T07:25:18.000000Z","IMPC","RG",0,2180.0,4400,"XL","D","HD","F",4220986,4215129,1589683
"2026-04-28T14:25:18.000000Z","2026-04-28T07:25:18.000000Z","IMPC","RG",0,2180.0,400,"XL","D","BK","F",4220986,4215170,1589684
"2026-04-28T14:25:29.000000Z","2026-04-28T07:25:29.000000Z","IMPC","RG",0,2170.0,2500,"XL","D","XL","D",4088269,4222920,1590662
"2026-04-28T14:25:39.000000Z","2026-04-28T07:25:39.000000Z","IMPC","RG",0,2170.0,700,"XL","D","XL","D",4088269,4224552,1591318
"2026-04-28T14:26:00.000000Z","2026-04-28T07:26:00.000000Z","IMPC","RG",0,2170.0,200,"XL","D","XL","D",4088269,4227733,1592436
"2026-04-28T14:26:18.000000Z","2026-04-28T07:26:18.000000Z","IMPC","RG",0,2180.0,200,"--","-","--","-",0,4215170,1593656
"2026-04-28T14:26:50.000000Z","2026-04-28T07:26:50.000000Z","IMPC","RG",0,2180.0,5100,"--","-","--","-",0,4215170,1596636
"2026-04-28T14:26:50.000000Z","2026-04-28T07:26:50.000000Z","IMPC","RG",0,2180.0,1900,"--","-","--","-",0,4215608,1596637
"2026-04-28T14:27:47.000000Z","2026-04-28T07:27:47.000000Z","IMPC","RG",0,2180.0,200,"--","-","--","-",0,4215608,1601674
"2026-04-28T14:28:21.000000Z","2026-04-28T07:28:21.000000Z","IMPC","RG",0,2180.0,2300,"PD","D","KI","D",4253098,4215608,1604188
"2026-04-28T14:28:37.000000Z","2026-04-28T07:28:37.000000Z","IMPC","RG",0,2170.0,300,"--","-","--","-",4088269,0,1605230
"2026-04-28T14:28:37.000000Z","2026-04-28T07:28:37.000000Z","IMPC","RG",0,2170.0,200,"--","-","--","-",4090949,0,1605231
"2026-04-28T14:28:37.000000Z","2026-04-28T07:28:37.000000Z","IMPC","RG",0,2170.0,3100,"--","-","--","-",4098879,0,1605232
"2026-04-28T14:29:29.000000Z","2026-04-28T07:29:29.000000Z","IMPC","RG",0,2170.0,3400,"--","-","--","-",4098879,0,1609108
"2026-04-28T14:29:33.000000Z","2026-04-28T07:29:33.000000Z","IMPC","RG",0,2170.0,1900,"--","-","--","-",4098879,0,1609326
"2026-04-28T14:30:14.000000Z","2026-04-28T07:30:14.000000Z","IMPC","RG",0,2170.0,1600,"XL","D","AK","F",4098879,4273533,1612693
"2026-04-28T14:30:14.000000Z","2026-04-28T07:30:14.000000Z","IMPC","RG",0,2170.0,1000,"LG","D","AK","F",4099850,4273533,1612694
"2026-04-28T14:30:14.000000Z","2026-04-28T07:30:14.000000Z","IMPC","RG",0,2170.0,200,"XL","D","AK","F",4109070,4273533,1612695
"2026-04-28T14:30:14.000000Z","2026-04-28T07:30:14.000000Z","IMPC","RG",0,2170.0,100,"XL","D","AK","F",4116512,4273533,1612696
"2026-04-28T14:30:14.000000Z","2026-04-28T07:30:14.000000Z","IMPC","RG",0,2170.0,400,"XL","D","AK","F",4136991,4273533,1612697
"2026-04-28T14:30:14.000000Z","2026-04-28T07:30:14.000000Z","IMPC","RG",0,2170.0,1900,"XL","D","ZP","F",4136991,4273609,1612716
"2026-04-28T14:30:14.000000Z","2026-04-28T07:30:14.000000Z","IMPC","RG",0,2170.0,200,"XL","D","ZP","F",4137113,4273609,1612717
"2026-04-28T14:30:14.000000Z","2026-04-28T07:30:14.000000Z","IMPC","RG",0,2170.0,1500,"XL","D","ZP","F",4154253,4273609,1612718
"2026-04-28T14:30:52.000000Z","2026-04-28T07:30:52.000000Z","IMPC","RG",0,2170.0,1000,"XL","D","AK","F",4154253,4280887,1616731
"2026-04-28T14:30:52.000000Z","2026-04-28T07:30:52.000000Z","IMPC","RG",0,2170.0,100,"XC","D","AK","F",4157112,4280887,1616732
"2026-04-28T14:30:52.000000Z","2026-04-28T07:30:52.000000Z","IMPC","RG",0,2170.0,100,"XL","D","AK","F",4165694,4280887,1616733
"2026-04-28T14:30:52.000000Z","2026-04-28T07:30:52.000000Z","IMPC","RG",0,2170.0,100,"KK","D","AK","F",4179968,4280887,1616734
"2026-04-28T14:30:52.000000Z","2026-04-28T07:30:52.000000Z","IMPC","RG",0,2170.0,2100,"XL","D","AK","F",4191189,4280887,1616735
"2026-04-28T14:31:10.000000Z","2026-04-28T07:31:10.000000Z","IMPC","RG",0,2170.0,700,"XL","D","XL","D",4191189,4284221,1618553
"2026-04-28T14:31:28.000000Z","2026-04-28T07:31:28.000000Z","IMPC","RG",0,2170.0,1900,"XL","D","XL","D",4191189,4287777,1619999
"2026-04-28T14:31:28.000000Z","2026-04-28T07:31:28.000000Z","IMPC","RG",0,2170.0,500,"XL","D","XL","D",4199023,4287777,1620000
"2026-04-28T14:31:38.000000Z","2026-04-28T07:31:38.000000Z","IMPC","RG",0,2170.0,3700,"XL","D","AK","F",4199023,4289652,1620670
"2026-04-28T14:32:11.000000Z","2026-04-28T07:32:11.000000Z","IMPC","RG",0,2170.0,200,"XL","D","XL","D",4199023,4295982,1624246
"2026-04-28T14:32:11.000000Z","2026-04-28T07:32:11.000000Z","IMPC","RG",0,2170.0,800,"CC","F","XL","D",4215225,4295982,1624247
"2026-04-28T14:32:11.000000Z","2026-04-28T07:32:11.000000Z","IMPC","RG",0,2170.0,200,"CC","F","ZP","F",4215225,4296006,1624253
"2026-04-28T14:32:11.000000Z","2026-04-28T07:32:11.000000Z","IMPC","RG",0,2170.0,1000,"CC","F","ZP","F",4215683,4296006,1624254
"2026-04-28T14:32:11.000000Z","2026-04-28T07:32:11.000000Z","IMPC","RG",0,2170.0,1000,"CC","F","ZP","F",4215889,4296006,1624255
"2026-04-28T14:32:11.000000Z","2026-04-28T07:32:11.000000Z","IMPC","RG",0,2170.0,24200,"CC","F","ZP","F",4217106,4296006,1624256
"2026-04-28T14:32:11.000000Z","2026-04-28T07:32:11.000000Z","IMPC","RG",0,2170.0,200,"CC","F","ZP","F",4217361,4296006,1624257
"2026-04-28T14:32:11.000000Z","2026-04-28T07:32:11.000000Z","IMPC","RG",0,2170.0,200,"CC","F","ZP","F",4217537,4296006,1624258
"2026-04-28T14:32:11.000000Z","2026-04-28T07:32:11.000000Z","IMPC","RG",0,2170.0,200,"CC","F","ZP","F",4217603,4296006,1624259
"2026-04-28T14:32:11.000000Z","2026-04-28T07:32:11.000000Z","IMPC","RG",0,2170.0,400,"CC","F","ZP","F",4221109,4296006,1624260
"2026-04-28T14:32:11.000000Z","2026-04-28T07:32:11.000000Z","IMPC","RG",0,2170.0,400,"CC","F","ZP","F",4221175,4296006,1624261
"2026-04-28T14:32:11.000000Z","2026-04-28T07:32:11.000000Z","IMPC","RG",0,2170.0,400,"CC","F","ZP","F",4221668,4296006,1624262
"2026-04-28T14:32:11.000000Z","2026-04-28T07:32:11.000000Z","IMPC","RG",0,2170.0,400,"XL","D","ZP","F",4226457,4296006,1624263
"2026-04-28T14:32:11.000000Z","2026-04-28T07:32:11.000000Z","IMPC","RG",0,2170.0,100,"ZP","F","ZP","F",4227779,4296006,1624264
"2026-04-28T14:32:11.000000Z","2026-04-28T07:32:11.000000Z","IMPC","RG",0,2170.0,2500,"XL","D","ZP","F",4241570,4296006,1624265
"2026-04-28T14:32:11.000000Z","2026-04-28T07:32:11.000000Z","IMPC","RG",0,2170.0,100,"ZP","F","ZP","F",4256188,4296006,1624266
"2026-04-28T14:32:11.000000Z","2026-04-28T07:32:11.000000Z","IMPC","RG",0,2170.0,5600,"XC","D","ZP","F",4259119,4296006,1624267
"2026-04-28T14:32:11.000000Z","2026-04-28T07:32:11.000000Z","IMPC","RG",0,2170.0,700,"XL","D","ZP","F",4259945,4296006,1624268
"2026-04-28T14:32:11.000000Z","2026-04-28T07:32:11.000000Z","IMPC","RG",0,2170.0,9300,"XL","D","ZP","F",4263424,4296006,1624269
"2026-04-28T14:32:11.000000Z","2026-04-28T07:32:11.000000Z","IMPC","RG",0,2170.0,200,"PD","D","ZP","F",4272342,4296006,1624270
"2026-04-28T14:32:11.000000Z","2026-04-28T07:32:11.000000Z","IMPC","RG",0,2170.0,100,"XL","D","ZP","F",4275960,4296006,1624271
"2026-04-28T14:32:11.000000Z","2026-04-28T07:32:11.000000Z","IMPC","RG",0,2170.0,100,"ZP","F","ZP","F",4278285,4296006,1624272
"2026-04-28T14:32:11.000000Z","2026-04-28T07:32:11.000000Z","IMPC","RG",0,2170.0,20000,"PD","D","ZP","F",4278340,4296006,1624273
"2026-04-28T14:32:11.000000Z","2026-04-28T07:32:11.000000Z","IMPC","RG",0,2170.0,900,"CC","F","ZP","F",4278668,4296006,1624274
"2026-04-28T14:32:11.000000Z","2026-04-28T07:32:11.000000Z","IMPC","RG",0,2170.0,900,"CC","F","ZP","F",4278847,4296006,1624275
"2026-04-28T14:32:11.000000Z","2026-04-28T07:32:11.000000Z","IMPC","RG",0,2170.0,900,"CC","F","ZP","F",4278909,4296006,1624276
"2026-04-28T14:32:11.000000Z","2026-04-28T07:32:11.000000Z","IMPC","RG",0,2160.0,1300,"PD","D","BK","F",2816048,4296015,1624279
"2026-04-28T14:32:11.000000Z","2026-04-28T07:32:11.000000Z","IMPC","RG",0,2160.0,100,"PD","D","BK","F",2822930,4296015,1624280
"2026-04-28T14:32:11.000000Z","2026-04-28T07:32:11.000000Z","IMPC","RG",0,2160.0,500,"YP","D","BK","F",2830063,4296015,1624281
"2026-04-28T14:32:11.000000Z","2026-04-28T07:32:11.000000Z","IMPC","RG",0,2160.0,200,"XL","D","BK","F",2896102,4296015,1624282
"2026-04-28T14:32:11.000000Z","2026-04-28T07:32:11.000000Z","IMPC","RG",0,2160.0,9800,"XL","D","XL","D",2896102,4296021,1624284
"2026-04-28T14:32:11.000000Z","2026-04-28T07:32:11.000000Z","IMPC","RG",0,2160.0,500,"YP","D","XL","D",2930080,4296021,1624285
"2026-04-28T14:32:11.000000Z","2026-04-28T07:32:11.000000Z","IMPC","RG",0,2160.0,500,"YP","D","XL","D",2944353,4296021,1624286
"2026-04-28T14:32:11.000000Z","2026-04-28T07:32:11.000000Z","IMPC","RG",0,2160.0,1500,"YP","D","XL","D",2951976,4296021,1624287
"2026-04-28T14:32:11.000000Z","2026-04-28T07:32:11.000000Z","IMPC","RG",0,2160.0,10000,"CP","D","XL","D",2996386,4296021,1624288
"2026-04-28T14:32:11.000000Z","2026-04-28T07:32:11.000000Z","IMPC","RG",0,2160.0,100,"XL","D","XL","D",3007320,4296021,1624289
"2026-04-28T14:32:11.000000Z","2026-04-28T07:32:11.000000Z","IMPC","RG",0,2160.0,200,"XL","D","XL","D",3253273,4296021,1624290
"2026-04-28T14:32:11.000000Z","2026-04-28T07:32:11.000000Z","IMPC","RG",0,2160.0,10000,"CC","D","XL","D",3317301,4296021,1624291
"2026-04-28T14:32:11.000000Z","2026-04-28T07:32:11.000000Z","IMPC","RG",0,2160.0,5000,"KK","D","XL","D",3421668,4296021,1624292
"2026-04-28T14:32:11.000000Z","2026-04-28T07:32:11.000000Z","IMPC","RG",0,2160.0,2000,"CP","D","XL","D",3504609,4296021,1624293
"2026-04-28T14:32:11.000000Z","2026-04-28T07:32:11.000000Z","IMPC","RG",0,2160.0,300,"KK","D","XL","D",3509784,4296021,1624294
"2026-04-28T14:32:11.000000Z","2026-04-28T07:32:11.000000Z","IMPC","RG",0,2160.0,4600,"XL","D","XL","D",3523636,4296021,1624295
"2026-04-28T14:32:11.000000Z","2026-04-28T07:32:11.000000Z","IMPC","RG",0,2160.0,1200,"XL","D","XL","D",3555051,4296021,1624296
"2026-04-28T14:32:11.000000Z","2026-04-28T07:32:11.000000Z","IMPC","RG",0,2160.0,500,"XL","D","XL","D",3575880,4296021,1624297
"2026-04-28T14:32:11.000000Z","2026-04-28T07:32:11.000000Z","IMPC","RG",0,2160.0,2900,"KK","D","XL","D",3684459,4296021,1624298
"2026-04-28T14:32:11.000000Z","2026-04-28T07:32:11.000000Z","IMPC","RG",0,2160.0,2100,"KK","D","XL","D",3684459,4296022,1624299
"2026-04-28T14:32:11.000000Z","2026-04-28T07:32:11.000000Z","IMPC","RG",0,2160.0,300,"YB","D","XL","D",3731585,4296022,1624300
"2026-04-28T14:32:11.000000Z","2026-04-28T07:32:11.000000Z","IMPC","RG",0,2160.0,100,"YP","D","XL","D",3757959,4296022,1624301
"2026-04-28T14:32:11.000000Z","2026-04-28T07:32:11.000000Z","IMPC","RG",0,2160.0,1100,"YP","D","XL","D",3757959,4296023,1624302
"2026-04-28T14:32:11.000000Z","2026-04-28T07:32:11.000000Z","IMPC","RG",0,2160.0,100,"YP","D","XL","D",3804928,4296023,1624303
"2026-04-28T14:32:12.000000Z","2026-04-28T07:32:12.000000Z","IMPC","RG",0,2160.0,300,"YP","D","ZP","F",3804928,4296111,1624324
"2026-04-28T14:32:12.000000Z","2026-04-28T07:32:12.000000Z","IMPC","RG",0,2160.0,400,"YP","D","ZP","F",3804943,4296111,1624325
"2026-04-28T14:32:12.000000Z","2026-04-28T07:32:12.000000Z","IMPC","RG",0,2160.0,2000,"YP","D","ZP","F",3804958,4296111,1624326
"2026-04-28T14:32:12.000000Z","2026-04-28T07:32:12.000000Z","IMPC","RG",0,2160.0,1200,"YP","D","ZP","F",3804984,4296111,1624327
"2026-04-28T14:32:23.000000Z","2026-04-28T07:32:23.000000Z","IMPC","RG",0,2160.0,800,"YP","D","AK","F",3804984,4298095,1625787
"2026-04-28T14:32:23.000000Z","2026-04-28T07:32:23.000000Z","IMPC","RG",0,2160.0,2000,"YP","D","AK","F",3805019,4298095,1625788
"2026-04-28T14:32:23.000000Z","2026-04-28T07:32:23.000000Z","IMPC","RG",0,2160.0,300,"YP","D","AK","F",3805032,4298095,1625789
"2026-04-28T14:33:01.000000Z","2026-04-28T07:33:01.000000Z","IMPC","RG",0,2170.0,1000,"XL","D","HD","F",4305119,4296007,1629663
"2026-04-28T14:33:04.000000Z","2026-04-28T07:33:04.000000Z","IMPC","RG",0,2160.0,300,"YP","D","XC","D",3805032,4305779,1630029
"2026-04-28T14:33:04.000000Z","2026-04-28T07:33:04.000000Z","IMPC","RG",0,2160.0,1400,"YP","D","AK","F",3805032,4305838,1630050
"2026-04-28T14:33:04.000000Z","2026-04-28T07:33:04.000000Z","IMPC","RG",0,2160.0,300,"YP","D","AK","F",3805050,4305838,1630051
"2026-04-28T14:33:04.000000Z","2026-04-28T07:33:04.000000Z","IMPC","RG",0,2160.0,600,"XL","D","AK","F",3853653,4305838,1630052
"2026-04-28T14:33:04.000000Z","2026-04-28T07:33:04.000000Z","IMPC","RG",0,2160.0,1000,"XL","D","AK","F",3861368,4305838,1630053
"2026-04-28T14:33:44.000000Z","2026-04-28T07:33:44.000000Z","IMPC","RG",0,2160.0,1500,"--","-","--","-",3861368,0,1634648
"2026-04-28T14:33:47.000000Z","2026-04-28T07:33:47.000000Z","IMPC","RG",0,2170.0,5000,"--","-","--","-",0,4296007,1635074
"2026-04-28T14:33:47.000000Z","2026-04-28T07:33:47.000000Z","IMPC","RG",0,2160.0,1200,"--","-","--","-",3861368,0,1635094
"2026-04-28T14:33:47.000000Z","2026-04-28T07:33:47.000000Z","IMPC","RG",0,2160.0,1300,"--","-","--","-",3861368,0,1635095
"2026-04-28T14:33:47.000000Z","2026-04-28T07:33:47.000000Z","IMPC","RG",0,2160.0,600,"--","-","--","-",3953711,0,1635096
"2026-04-28T14:33:47.000000Z","2026-04-28T07:33:47.000000Z","IMPC","RG",0,2160.0,100,"--","-","--","-",4055217,0,1635097
"2026-04-28T14:33:47.000000Z","2026-04-28T07:33:47.000000Z","IMPC","RG",0,2160.0,500,"--","-","--","-",4079331,0,1635098
"2026-04-28T14:34:14.000000Z","2026-04-28T07:34:14.000000Z","IMPC","RG",0,2160.0,4500,"--","-","--","-",4079331,0,1638282
"2026-04-28T14:34:14.000000Z","2026-04-28T07:34:14.000000Z","IMPC","RG",0,2160.0,5000,"--","-","--","-",4081744,0,1638283
"2026-04-28T14:34:14.000000Z","2026-04-28T07:34:14.000000Z","IMPC","RG",0,2160.0,10000,"--","-","--","-",4099938,0,1638284
"2026-04-28T14:34:14.000000Z","2026-04-28T07:34:14.000000Z","IMPC","RG",0,2160.0,100,"--","-","--","-",4118566,0,1638285
"2026-04-28T14:34:14.000000Z","2026-04-28T07:34:14.000000Z","IMPC","RG",0,2160.0,50000,"--","-","--","-",4127552,0,1638286
"2026-04-28T14:34:14.000000Z","2026-04-28T07:34:14.000000Z","IMPC","RG",0,2160.0,700,"--","-","--","-",4142064,0,1638287
"2026-04-28T14:34:14.000000Z","2026-04-28T07:34:14.000000Z","IMPC","RG",0,2160.0,800,"XL","D","AK","F",4142064,4321373,1638295
"2026-04-28T14:34:14.000000Z","2026-04-28T07:34:14.000000Z","IMPC","RG",0,2160.0,1000,"XL","D","AK","F",4159590,4321373,1638296
"2026-04-28T14:34:14.000000Z","2026-04-28T07:34:14.000000Z","IMPC","RG",0,2160.0,100,"--","-","--","-",4185693,0,1638322
"2026-04-28T14:34:14.000000Z","2026-04-28T07:34:14.000000Z","IMPC","RG",0,2160.0,3500,"--","-","--","-",4207486,0,1638323
"2026-04-28T14:34:29.000000Z","2026-04-28T07:34:29.000000Z","IMPC","RG",0,2160.0,100,"--","-","--","-",4207486,0,1639916
"2026-04-28T14:34:41.000000Z","2026-04-28T07:34:41.000000Z","IMPC","RG",0,2160.0,2300,"XL","D","AK","F",4207486,4327138,1641173
"2026-04-28T14:34:41.000000Z","2026-04-28T07:34:41.000000Z","IMPC","RG",0,2160.0,1000,"XL","D","AK","F",4207486,4327140,1641174
"2026-04-28T14:35:01.000000Z","2026-04-28T07:35:01.000000Z","IMPC","RG",0,2160.0,2000,"--","-","--","-",4207486,0,1643407
"2026-04-28T14:35:19.000000Z","2026-04-28T07:35:19.000000Z","IMPC","RG",0,2160.0,13200,"--","-","--","-",4207486,0,1644700
"2026-04-28T14:35:19.000000Z","2026-04-28T07:35:19.000000Z","IMPC","RG",0,2160.0,100,"--","-","--","-",4214780,0,1644701
"2026-04-28T14:35:19.000000Z","2026-04-28T07:35:19.000000Z","IMPC","RG",0,2160.0,1700,"--","-","--","-",4216887,0,1644702
"2026-04-28T14:35:24.000000Z","2026-04-28T07:35:24.000000Z","IMPC","RG",0,2160.0,100,"--","-","--","-",4216887,0,1645044
"2026-04-28T14:35:24.000000Z","2026-04-28T07:35:24.000000Z","IMPC","RG",0,2160.0,300,"--","-","--","-",4222313,0,1645045
"2026-04-28T14:35:34.000000Z","2026-04-28T07:35:34.000000Z","IMPC","RG",0,2160.0,2200,"--","-","--","-",4222313,0,1646117
"2026-04-28T14:35:34.000000Z","2026-04-28T07:35:34.000000Z","IMPC","RG",0,2160.0,300,"--","-","--","-",4231887,0,1646118
"2026-04-28T14:35:34.000000Z","2026-04-28T07:35:34.000000Z","IMPC","RG",0,2160.0,100,"--","-","--","-",4274110,0,1646119
"2026-04-28T14:35:34.000000Z","2026-04-28T07:35:34.000000Z","IMPC","RG",0,2160.0,800,"--","-","--","-",4296679,0,1646120
"2026-04-28T14:35:39.000000Z","2026-04-28T07:35:39.000000Z","IMPC","RG",0,2160.0,2800,"--","-","--","-",4296679,0,1646439
"2026-04-28T14:35:39.000000Z","2026-04-28T07:35:39.000000Z","IMPC","RG",0,2160.0,3700,"--","-","--","-",4296764,0,1646440
"2026-04-28T14:35:39.000000Z","2026-04-28T07:35:39.000000Z","IMPC","RG",0,2160.0,8300,"--","-","--","-",4301426,0,1646441
"2026-04-28T14:35:39.000000Z","2026-04-28T07:35:39.000000Z","IMPC","RG",0,2160.0,100,"--","-","--","-",4303355,0,1646442
"2026-04-28T14:35:39.000000Z","2026-04-28T07:35:39.000000Z","IMPC","RG",0,2160.0,100,"--","-","--","-",4307771,0,1646443
"2026-04-28T14:35:39.000000Z","2026-04-28T07:35:39.000000Z","IMPC","RG",0,2160.0,1000,"--","-","--","-",4324189,0,1646444
"2026-04-28T14:35:39.000000Z","2026-04-28T07:35:39.000000Z","IMPC","RG",0,2160.0,100,"--","-","--","-",4327214,0,1646445
"2026-04-28T14:35:39.000000Z","2026-04-28T07:35:39.000000Z","IMPC","RG",0,2160.0,1400,"--","-","--","-",4327426,0,1646446
"2026-04-28T14:35:39.000000Z","2026-04-28T07:35:39.000000Z","IMPC","RG",0,2160.0,4100,"--","-","--","-",4334192,0,1646447
"2026-04-28T14:35:55.000000Z","2026-04-28T07:35:55.000000Z","IMPC","RG",0,2160.0,7600,"--","-","--","-",4334192,0,1647821
"2026-04-28T14:35:55.000000Z","2026-04-28T07:35:55.000000Z","IMPC","RG",0,2160.0,5700,"--","-","--","-",4337347,0,1647822
"2026-04-28T14:36:18.000000Z","2026-04-28T07:36:18.000000Z","IMPC","RG",0,2160.0,8600,"--","-","--","-",4337347,0,1649719
"2026-04-28T14:36:18.000000Z","2026-04-28T07:36:18.000000Z","IMPC","RG",0,2160.0,1900,"--","-","--","-",4337653,0,1649720
"2026-04-28T14:36:18.000000Z","2026-04-28T07:36:18.000000Z","IMPC","RG",0,2160.0,900,"--","-","--","-",4337815,0,1649721
"2026-04-28T14:36:18.000000Z","2026-04-28T07:36:18.000000Z","IMPC","RG",0,2160.0,800,"--","-","--","-",4337914,0,1649722
"2026-04-28T14:36:18.000000Z","2026-04-28T07:36:18.000000Z","IMPC","RG",0,2160.0,3600,"--","-","--","-",4338807,0,1649723
"2026-04-28T14:36:18.000000Z","2026-04-28T07:36:18.000000Z","IMPC","RG",0,2160.0,100,"--","-","--","-",4343580,0,1649724
"2026-04-28T14:36:18.000000Z","2026-04-28T07:36:18.000000Z","IMPC","RG",0,2160.0,5000,"--","-","--","-",4345593,0,1649725
"2026-04-28T14:36:30.000000Z","2026-04-28T07:36:30.000000Z","IMPC","RG",0,2160.0,600,"--","-","--","-",0,4345869,1650461
"2026-04-28T14:36:30.000000Z","2026-04-28T07:36:30.000000Z","IMPC","RG",0,2150.0,3100,"--","-","--","-",2125613,0,1650510
"2026-04-28T14:36:30.000000Z","2026-04-28T07:36:30.000000Z","IMPC","RG",0,2150.0,2000,"--","-","--","-",2125613,0,1650514
"2026-04-28T14:36:30.000000Z","2026-04-28T07:36:30.000000Z","IMPC","RG",0,2150.0,1100,"--","-","--","-",2125613,0,1650533
"2026-04-28T14:36:32.000000Z","2026-04-28T07:36:32.000000Z","IMPC","RG",0,2160.0,1000,"--","-","--","-",0,4345869,1650609
"2026-04-28T14:36:32.000000Z","2026-04-28T07:36:32.000000Z","IMPC","RG",0,2160.0,1000,"--","-","--","-",0,4345869,1650623
"2026-04-28T14:36:59.000000Z","2026-04-28T07:36:59.000000Z","IMPC","RG",0,2160.0,900,"--","-","--","-",0,4345869,1652412
"2026-04-28T14:36:59.000000Z","2026-04-28T07:36:59.000000Z","IMPC","RG",0,2160.0,600,"--","-","--","-",0,4345910,1652413
"2026-04-28T14:36:59.000000Z","2026-04-28T07:36:59.000000Z","IMPC","RG",0,2150.0,1800,"--","-","--","-",2125613,0,1652439
"2026-04-28T14:36:59.000000Z","2026-04-28T07:36:59.000000Z","IMPC","RG",0,2150.0,100,"--","-","--","-",2162294,0,1652440
"2026-04-28T14:36:59.000000Z","2026-04-28T07:36:59.000000Z","IMPC","RG",0,2150.0,100,"--","-","--","-",2201652,0,1652441
"2026-04-28T14:36:59.000000Z","2026-04-28T07:36:59.000000Z","IMPC","RG",0,2150.0,500,"--","-","--","-",2239716,0,1652442
"2026-04-28T14:36:59.000000Z","2026-04-28T07:36:59.000000Z","IMPC","RG",0,2150.0,100,"--","-","--","-",2367052,0,1652443
"2026-04-28T14:36:59.000000Z","2026-04-28T07:36:59.000000Z","IMPC","RG",0,2150.0,1300,"--","-","--","-",2415654,0,1652444
"2026-04-28T14:37:12.000000Z","2026-04-28T07:37:12.000000Z","IMPC","RG",0,2160.0,100,"--","-","--","-",0,4345910,1653386
"2026-04-28T14:37:15.000000Z","2026-04-28T07:37:15.000000Z","IMPC","RG",0,2150.0,2200,"--","-","--","-",2415654,0,1653797
"2026-04-28T14:37:15.000000Z","2026-04-28T07:37:15.000000Z","IMPC","RG",0,2150.0,2500,"--","-","--","-",2510720,0,1653798
"2026-04-28T14:37:24.000000Z","2026-04-28T07:37:24.000000Z","IMPC","RG",0,2150.0,500,"--","-","--","-",2510720,0,1654923
"2026-04-28T14:37:24.000000Z","2026-04-28T07:37:24.000000Z","IMPC","RG",0,2150.0,200,"--","-","--","-",2567608,0,1654924
"2026-04-28T14:37:24.000000Z","2026-04-28T07:37:24.000000Z","IMPC","RG",0,2150.0,500,"--","-","--","-",2638332,0,1654925
"2026-04-28T14:37:24.000000Z","2026-04-28T07:37:24.000000Z","IMPC","RG",0,2150.0,5000,"--","-","--","-",2854285,0,1654926
"2026-04-28T14:37:24.000000Z","2026-04-28T07:37:24.000000Z","IMPC","RG",0,2150.0,32400,"--","-","--","-",2879248,0,1654927
"2026-04-28T14:37:24.000000Z","2026-04-28T07:37:24.000000Z","IMPC","RG",0,2150.0,1000,"--","-","--","-",2915000,0,1654928
"2026-04-28T14:37:24.000000Z","2026-04-28T07:37:24.000000Z","IMPC","RG",0,2150.0,2500,"--","-","--","-",2932225,0,1654929
"2026-04-28T14:37:24.000000Z","2026-04-28T07:37:24.000000Z","IMPC","RG",0,2150.0,1000,"--","-","--","-",2957897,0,1654930
"2026-04-28T14:37:24.000000Z","2026-04-28T07:37:24.000000Z","IMPC","RG",0,2150.0,5000,"--","-","--","-",2966529,0,1654931
"2026-04-28T14:37:24.000000Z","2026-04-28T07:37:24.000000Z","IMPC","RG",0,2150.0,10000,"--","-","--","-",2996584,0,1654932
"2026-04-28T14:37:24.000000Z","2026-04-28T07:37:24.000000Z","IMPC","RG",0,2150.0,100,"--","-","--","-",3007248,0,1654933
"2026-04-28T14:37:24.000000Z","2026-04-28T07:37:24.000000Z","IMPC","RG",0,2150.0,10000,"--","-","--","-",3007484,0,1654934
"2026-04-28T14:37:24.000000Z","2026-04-28T07:37:24.000000Z","IMPC","RG",0,2150.0,5000,"--","-","--","-",3013142,0,1654935
"2026-04-28T14:37:24.000000Z","2026-04-28T07:37:24.000000Z","IMPC","RG",0,2150.0,100,"--","-","--","-",3014018,0,1654936
"2026-04-28T14:37:24.000000Z","2026-04-28T07:37:24.000000Z","IMPC","RG",0,2150.0,100,"--","-","--","-",3025897,0,1654937
"2026-04-28T14:37:24.000000Z","2026-04-28T07:37:24.000000Z","IMPC","RG",0,2150.0,6200,"--","-","--","-",3045494,0,1654938
"2026-04-28T14:37:24.000000Z","2026-04-28T07:37:24.000000Z","IMPC","RG",0,2150.0,200,"--","-","--","-",3068070,0,1654939
"2026-04-28T14:37:24.000000Z","2026-04-28T07:37:24.000000Z","IMPC","RG",0,2150.0,500,"--","-","--","-",3077484,0,1654940
"2026-04-28T14:37:24.000000Z","2026-04-28T07:37:24.000000Z","IMPC","RG",0,2150.0,2400,"--","-","--","-",3112796,0,1654941
"2026-04-28T14:37:24.000000Z","2026-04-28T07:37:24.000000Z","IMPC","RG",0,2150.0,17300,"--","-","--","-",3133682,0,1654942
"2026-04-28T14:37:27.000000Z","2026-04-28T07:37:27.000000Z","IMPC","RG",0,2150.0,300,"--","-","--","-",3133682,0,1655248
"2026-04-28T14:37:28.000000Z","2026-04-28T07:37:28.000000Z","IMPC","RG",0,2160.0,500,"--","-","--","-",0,4345910,1655475
"2026-04-28T14:37:33.000000Z","2026-04-28T07:37:33.000000Z","IMPC","RG",0,2150.0,7400,"--","-","--","-",3133682,0,1655994
"2026-04-28T14:37:33.000000Z","2026-04-28T07:37:33.000000Z","IMPC","RG",0,2150.0,200,"--","-","--","-",3176797,0,1655995
"2026-04-28T14:37:33.000000Z","2026-04-28T07:37:33.000000Z","IMPC","RG",0,2150.0,1000,"--","-","--","-",3180347,0,1655996
"2026-04-28T14:37:33.000000Z","2026-04-28T07:37:33.000000Z","IMPC","RG",0,2150.0,2200,"--","-","--","-",3348113,0,1655997
"2026-04-28T14:37:40.000000Z","2026-04-28T07:37:40.000000Z","IMPC","RG",0,2160.0,500,"--","-","--","-",0,4345910,1656680
"2026-04-28T14:37:43.000000Z","2026-04-28T07:37:43.000000Z","IMPC","RG",0,2150.0,2000,"--","-","--","-",3348113,0,1656981
"2026-04-28T14:37:44.000000Z","2026-04-28T07:37:44.000000Z","IMPC","RG",0,2150.0,100,"--","-","--","-",3348113,0,1656994
"2026-04-28T14:37:53.000000Z","2026-04-28T07:37:53.000000Z","IMPC","RG",0,2160.0,500,"--","-","--","-",0,4345910,1657659
"2026-04-28T14:37:59.000000Z","2026-04-28T07:37:59.000000Z","IMPC","RG",0,2150.0,700,"--","-","--","-",3348113,0,1658057
"2026-04-28T14:37:59.000000Z","2026-04-28T07:37:59.000000Z","IMPC","RG",0,2150.0,100,"--","-","--","-",3353125,0,1658058
"2026-04-28T14:37:59.000000Z","2026-04-28T07:37:59.000000Z","IMPC","RG",0,2150.0,4500,"--","-","--","-",3360143,0,1658059
"2026-04-28T14:37:59.000000Z","2026-04-28T07:37:59.000000Z","IMPC","RG",0,2150.0,500,"--","-","--","-",3363322,0,1658060
"2026-04-28T14:37:59.000000Z","2026-04-28T07:37:59.000000Z","IMPC","RG",0,2150.0,7700,"--","-","--","-",3366900,0,1658061
"2026-04-28T14:37:59.000000Z","2026-04-28T07:37:59.000000Z","IMPC","RG",0,2150.0,2300,"--","-","--","-",3366900,0,1658069
"2026-04-28T14:37:59.000000Z","2026-04-28T07:37:59.000000Z","IMPC","RG",0,2150.0,800,"--","-","--","-",3400221,0,1658070
"2026-04-28T14:38:00.000000Z","2026-04-28T07:38:00.000000Z","IMPC","RG",0,2150.0,3200,"--","-","--","-",3400221,0,1658084
"2026-04-28T14:38:00.000000Z","2026-04-28T07:38:00.000000Z","IMPC","RG",0,2150.0,700,"--","-","--","-",3410109,0,1658085
"2026-04-28T14:38:44.000000Z","2026-04-28T07:38:44.000000Z","IMPC","RG",0,2150.0,2300,"CC","D","XL","D",3410109,4373414,1661598
"2026-04-28T14:38:44.000000Z","2026-04-28T07:38:44.000000Z","IMPC","RG",0,2150.0,5000,"KK","D","XL","D",3422151,4373414,1661599
"2026-04-28T14:38:44.000000Z","2026-04-28T07:38:44.000000Z","IMPC","RG",0,2150.0,6000,"CC","D","XL","D",3430065,4373414,1661600
"2026-04-28T14:38:54.000000Z","2026-04-28T07:38:54.000000Z","IMPC","RG",0,2150.0,2400,"CC","D","AK","F",3430065,4375550,1662517
"2026-04-28T14:38:54.000000Z","2026-04-28T07:38:54.000000Z","IMPC","RG",0,2150.0,500,"XL","D","AK","F",3488231,4375550,1662518
"2026-04-28T14:38:54.000000Z","2026-04-28T07:38:54.000000Z","IMPC","RG",0,2150.0,400,"CP","D","AK","F",3502788,4375550,1662519
"2026-04-28T14:39:31.000000Z","2026-04-28T07:39:31.000000Z","IMPC","RG",0,2160.0,900,"XC","D","AK","F",4382370,4345910,1665324
"2026-04-28T14:39:57.000000Z","2026-04-28T07:39:57.000000Z","IMPC","RG",0,2160.0,100,"--","-","--","-",0,4345910,1667627
"2026-04-28T14:40:00.000000Z","2026-04-28T07:40:00.000000Z","IMPC","RG",0,2160.0,100,"XL","D","AK","F",4388375,4345911,1667867
"2026-04-28T14:40:11.000000Z","2026-04-28T07:40:11.000000Z","IMPC","RG",0,2150.0,1600,"--","-","--","-",3502788,0,1668719
"2026-04-28T14:40:11.000000Z","2026-04-28T07:40:11.000000Z","IMPC","RG",0,2150.0,500,"--","-","--","-",3504395,0,1668720
"2026-04-28T14:40:11.000000Z","2026-04-28T07:40:11.000000Z","IMPC","RG",0,2150.0,100,"--","-","--","-",3515437,0,1668721
"2026-04-28T14:40:25.000000Z","2026-04-28T07:40:25.000000Z","IMPC","RG",0,2150.0,1000,"XL","D","BK","F",3515596,4393106,1669945
"2026-04-28T14:40:25.000000Z","2026-04-28T07:40:25.000000Z","IMPC","RG",0,2150.0,1100,"XL","D","BK","F",3525190,4393106,1669946
"2026-04-28T14:40:30.000000Z","2026-04-28T07:40:30.000000Z","IMPC","RG",0,2150.0,100,"--","-","--","-",3525190,0,1670546
"2026-04-28T14:40:44.000000Z","2026-04-28T07:40:44.000000Z","IMPC","RG",0,2160.0,1000,"XL","D","AK","F",4396777,4345923,1671617
"2026-04-28T14:40:57.000000Z","2026-04-28T07:40:57.000000Z","IMPC","RG",0,2160.0,2000,"XL","D","AK","F",4398809,4345923,1672434
"2026-04-28T14:41:43.000000Z","2026-04-28T07:41:43.000000Z","IMPC","RG",0,2150.0,800,"--","-","--","-",3525190,0,1676385
"2026-04-28T14:41:43.000000Z","2026-04-28T07:41:43.000000Z","IMPC","RG",0,2150.0,1000,"--","-","--","-",3557312,0,1676386
"2026-04-28T14:41:43.000000Z","2026-04-28T07:41:43.000000Z","IMPC","RG",0,2150.0,1400,"--","-","--","-",3650136,0,1676387
"2026-04-28T14:41:44.000000Z","2026-04-28T07:41:44.000000Z","IMPC","RG",0,2160.0,200,"--","-","--","-",0,4345923,1676575
"2026-04-28T14:41:44.000000Z","2026-04-28T07:41:44.000000Z","IMPC","RG",0,2160.0,800,"--","-","--","-",0,4346051,1676576
"2026-04-28T14:42:37.000000Z","2026-04-28T07:42:37.000000Z","IMPC","RG",0,2150.0,1100,"XA","D","OD","D",3650136,4418308,1682522
"2026-04-28T14:42:37.000000Z","2026-04-28T07:42:37.000000Z","IMPC","RG",0,2150.0,100,"XL","D","OD","D",3660706,4418308,1682523
"2026-04-28T14:42:37.000000Z","2026-04-28T07:42:37.000000Z","IMPC","RG",0,2150.0,1500,"YB","D","OD","D",3690077,4418308,1682524
"2026-04-28T14:42:37.000000Z","2026-04-28T07:42:37.000000Z","IMPC","RG",0,2150.0,400,"XL","D","OD","D",3736647,4418308,1682525
"2026-04-28T14:42:37.000000Z","2026-04-28T07:42:37.000000Z","IMPC","RG",0,2150.0,1900,"YP","D","OD","D",3741662,4418308,1682526
"2026-04-28T14:42:42.000000Z","2026-04-28T07:42:42.000000Z","IMPC","RG",0,2150.0,3200,"YP","D","AK","F",3741662,4419418,1682958
"2026-04-28T14:43:01.000000Z","2026-04-28T07:43:01.000000Z","IMPC","RG",0,2160.0,3200,"XL","D","BK","F",4422679,4346051,1684522
"2026-04-28T14:43:01.000000Z","2026-04-28T07:43:01.000000Z","IMPC","RG",0,2160.0,3500,"XL","D","BK","F",4422679,4346319,1684523
"2026-04-28T14:43:01.000000Z","2026-04-28T07:43:01.000000Z","IMPC","RG",0,2160.0,200,"XL","D","AK","F",4422679,4348123,1684524
"2026-04-28T14:43:01.000000Z","2026-04-28T07:43:01.000000Z","IMPC","RG",0,2160.0,200,"XL","D","AK","F",4422679,4348124,1684525
"2026-04-28T14:43:02.000000Z","2026-04-28T07:43:02.000000Z","IMPC","RG",0,2150.0,100,"YP","D","XL","D",3741662,4422987,1684660
"2026-04-28T14:43:03.000000Z","2026-04-28T07:43:03.000000Z","IMPC","RG",0,2160.0,200,"CC","F","AK","F",4423140,4348125,1684699
"2026-04-28T14:43:03.000000Z","2026-04-28T07:43:03.000000Z","IMPC","RG",0,2160.0,200,"CC","F","AK","F",4423140,4348132,1684700
"2026-04-28T14:43:03.000000Z","2026-04-28T07:43:03.000000Z","IMPC","RG",0,2160.0,200,"CC","F","AK","F",4423140,4348133,1684701
"2026-04-28T14:43:03.000000Z","2026-04-28T07:43:03.000000Z","IMPC","RG",0,2160.0,100,"CC","F","AK","F",4423140,4348134,1684702
"2026-04-28T14:43:13.000000Z","2026-04-28T07:43:13.000000Z","IMPC","RG",0,2160.0,3400,"--","-","--","-",0,4348135,1685729
"2026-04-28T14:43:13.000000Z","2026-04-28T07:43:13.000000Z","IMPC","RG",0,2160.0,400,"--","-","--","-",0,4348136,1685730
"2026-04-28T14:43:13.000000Z","2026-04-28T07:43:13.000000Z","IMPC","RG",0,2160.0,600,"--","-","--","-",0,4348137,1685731
"2026-04-28T14:43:13.000000Z","2026-04-28T07:43:13.000000Z","IMPC","RG",0,2160.0,600,"--","-","--","-",0,4348138,1685732
"2026-04-28T14:43:13.000000Z","2026-04-28T07:43:13.000000Z","IMPC","RG",0,2160.0,700,"--","-","--","-",0,4348139,1685733
"2026-04-28T14:43:13.000000Z","2026-04-28T07:43:13.000000Z","IMPC","RG",0,2160.0,500,"--","-","--","-",0,4348140,1685734
"2026-04-28T14:43:13.000000Z","2026-04-28T07:43:13.000000Z","IMPC","RG",0,2160.0,500,"--","-","--","-",0,4348141,1685735
"2026-04-28T14:43:13.000000Z","2026-04-28T07:43:13.000000Z","IMPC","RG",0,2160.0,700,"--","-","--","-",0,4348142,1685736
"2026-04-28T14:43:13.000000Z","2026-04-28T07:43:13.000000Z","IMPC","RG",0,2160.0,500,"--","-","--","-",0,4348143,1685737
"2026-04-28T14:43:13.000000Z","2026-04-28T07:43:13.000000Z","IMPC","RG",0,2160.0,4200,"AK","F","AK","F",4424991,4348145,1685738
"2026-04-28T14:43:13.000000Z","2026-04-28T07:43:13.000000Z","IMPC","RG",0,2160.0,14700,"AK","F","KI","D",4424991,4349659,1685739
"2026-04-28T14:43:13.000000Z","2026-04-28T07:43:13.000000Z","IMPC","RG",0,2160.0,3200,"AK","F","AK","F",4424991,4355790,1685740
"2026-04-28T14:43:13.000000Z","2026-04-28T07:43:13.000000Z","IMPC","RG",0,2160.0,200,"--","-","--","-",0,4355827,1685741
"2026-04-28T14:43:13.000000Z","2026-04-28T07:43:13.000000Z","IMPC","RG",0,2160.0,600,"--","-","--","-",0,4358360,1685742
"2026-04-28T14:43:13.000000Z","2026-04-28T07:43:13.000000Z","IMPC","RG",0,2160.0,500,"--","-","--","-",0,4363765,1685743
"2026-04-28T14:43:13.000000Z","2026-04-28T07:43:13.000000Z","IMPC","RG",0,2160.0,100,"--","-","--","-",0,4364570,1685744
"2026-04-28T14:43:13.000000Z","2026-04-28T07:43:13.000000Z","IMPC","RG",0,2160.0,100,"--","-","--","-",0,4376737,1685745
"2026-04-28T14:43:13.000000Z","2026-04-28T07:43:13.000000Z","IMPC","RG",0,2160.0,300,"--","-","--","-",0,4377896,1685746
"2026-04-28T14:43:13.000000Z","2026-04-28T07:43:13.000000Z","IMPC","RG",0,2160.0,12000,"--","-","--","-",0,4383577,1685747
"2026-04-28T14:43:13.000000Z","2026-04-28T07:43:13.000000Z","IMPC","RG",0,2160.0,3100,"--","-","--","-",0,4386273,1685748
"2026-04-28T14:43:13.000000Z","2026-04-28T07:43:13.000000Z","IMPC","RG",0,2160.0,500,"--","-","--","-",0,4390467,1685749
"2026-04-28T14:43:13.000000Z","2026-04-28T07:43:13.000000Z","IMPC","RG",0,2160.0,3100,"--","-","--","-",0,4398668,1685750
"2026-04-28T14:43:13.000000Z","2026-04-28T07:43:13.000000Z","IMPC","RG",0,2160.0,500,"--","-","--","-",0,4404090,1685751
"2026-04-28T14:43:13.000000Z","2026-04-28T07:43:13.000000Z","IMPC","RG",0,2160.0,600,"--","-","--","-",0,4415157,1685752
"2026-04-28T14:43:13.000000Z","2026-04-28T07:43:13.000000Z","IMPC","RG",0,2160.0,2200,"--","-","--","-",0,4423480,1685753
"2026-04-28T14:43:13.000000Z","2026-04-28T07:43:13.000000Z","IMPC","RG",0,2160.0,4400,"--","-","--","-",4425018,0,1685761
"2026-04-28T14:43:15.000000Z","2026-04-28T07:43:15.000000Z","IMPC","RG",0,2170.0,1200,"--","-","--","-",0,4296007,1685867
"2026-04-28T14:43:16.000000Z","2026-04-28T07:43:16.000000Z","IMPC","RG",0,2170.0,1800,"CC","F","HD","F",4425521,4296007,1685935
"2026-04-28T14:43:17.000000Z","2026-04-28T07:43:17.000000Z","IMPC","RG",0,2170.0,1900,"--","-","--","-",0,4296007,1685977
"2026-04-28T14:43:53.000000Z","2026-04-28T07:43:53.000000Z","IMPC","RG",0,2170.0,5000,"XL","D","HD","F",4432174,4296007,1688763
"2026-04-28T14:44:04.000000Z","2026-04-28T07:44:04.000000Z","IMPC","RG",0,2170.0,900,"CC","F","HD","F",4434239,4296007,1689428
"2026-04-28T14:44:05.000000Z","2026-04-28T07:44:05.000000Z","IMPC","RG",0,2170.0,1000,"CC","F","HD","F",4434408,4296007,1689490
"2026-04-28T14:44:06.000000Z","2026-04-28T07:44:06.000000Z","IMPC","RG",0,2170.0,900,"CC","F","HD","F",4434500,4296007,1689510
"2026-04-28T14:44:41.000000Z","2026-04-28T07:44:41.000000Z","IMPC","RG",0,2170.0,600,"CC","F","HD","F",4441601,4296007,1692441
"2026-04-28T14:44:42.000000Z","2026-04-28T07:44:42.000000Z","IMPC","RG",0,2170.0,500,"CC","F","HD","F",4441792,4296007,1692493
"2026-04-28T14:44:43.000000Z","2026-04-28T07:44:43.000000Z","IMPC","RG",0,2170.0,100,"CC","F","HD","F",4441863,4296007,1692519
"2026-04-28T14:44:43.000000Z","2026-04-28T07:44:43.000000Z","IMPC","RG",0,2170.0,500,"CC","F","BK","F",4441863,4296257,1692520
"2026-04-28T14:44:45.000000Z","2026-04-28T07:44:45.000000Z","IMPC","RG",0,2160.0,5000,"BQ","D","XL","D",4430026,4442429,1692876
"2026-04-28T14:44:46.000000Z","2026-04-28T07:44:46.000000Z","IMPC","RG",0,2160.0,3900,"BQ","D","ZP","F",4430026,4442513,1692976
"2026-04-28T14:45:30.000000Z","2026-04-28T07:45:30.000000Z","IMPC","RG",0,2170.0,500,"XL","D","BK","F",4451209,4296257,1696940
"2026-04-28T14:46:57.000000Z","2026-04-28T07:46:57.000000Z","IMPC","RG",0,2170.0,2200,"XC","D","BK","F",4468177,4296257,1705343
"2026-04-28T14:46:57.000000Z","2026-04-28T07:46:57.000000Z","IMPC","RG",0,2170.0,1000,"XC","D","BK","F",4468177,4296607,1705344
"2026-04-28T14:46:57.000000Z","2026-04-28T07:46:57.000000Z","IMPC","RG",0,2170.0,100,"XC","D","XL","D",4468177,4298050,1705345
"2026-04-28T14:46:57.000000Z","2026-04-28T07:46:57.000000Z","IMPC","RG",0,2170.0,500,"XC","D","KI","D",4468177,4300566,1705346
"2026-04-28T14:47:00.000000Z","2026-04-28T07:47:00.000000Z","IMPC","RG",0,2170.0,400,"CC","F","KI","D",4468657,4300566,1705614
"2026-04-28T14:47:01.000000Z","2026-04-28T07:47:01.000000Z","IMPC","RG",0,2170.0,5000,"XL","D","KI","D",4468815,4300566,1705669
"2026-04-28T14:47:01.000000Z","2026-04-28T07:47:01.000000Z","IMPC","RG",0,2170.0,500,"CC","F","KI","D",4468864,4300566,1705681
"2026-04-28T14:47:01.000000Z","2026-04-28T07:47:01.000000Z","IMPC","RG",0,2170.0,400,"CC","F","KI","D",4468978,4300566,1705745
"2026-04-28T14:47:03.000000Z","2026-04-28T07:47:03.000000Z","IMPC","RG",0,2170.0,100,"XL","D","KI","D",4469283,4300566,1705927
"2026-04-28T14:47:10.000000Z","2026-04-28T07:47:10.000000Z","IMPC","RG",0,2170.0,100,"ZP","F","KI","D",4470609,4300566,1706562
"2026-04-28T14:48:06.000000Z","2026-04-28T07:48:06.000000Z","IMPC","RG",0,2170.0,14400,"--","-","--","-",0,4300566,1712283
"2026-04-28T14:48:06.000000Z","2026-04-28T07:48:06.000000Z","IMPC","RG",0,2170.0,3400,"--","-","--","-",0,4301926,1712284
"2026-04-28T14:49:16.000000Z","2026-04-28T07:49:16.000000Z","IMPC","RG",0,2160.0,3300,"--","-","--","-",4430026,0,1718821
"2026-04-28T14:49:39.000000Z","2026-04-28T07:49:39.000000Z","IMPC","RG",0,2160.0,2500,"--","-","--","-",4430026,0,1721234
"2026-04-28T14:49:43.000000Z","2026-04-28T07:49:43.000000Z","IMPC","RG",0,2170.0,500,"--","-","--","-",0,4301926,1721479
"2026-04-28T14:49:55.000000Z","2026-04-28T07:49:55.000000Z","IMPC","RG",0,2170.0,1000,"--","-","--","-",0,4301926,1722544
"2026-04-28T14:49:56.000000Z","2026-04-28T07:49:56.000000Z","IMPC","RG",0,2170.0,1400,"--","-","--","-",0,4301926,1722703
"2026-04-28T14:49:57.000000Z","2026-04-28T07:49:57.000000Z","IMPC","RG",0,2170.0,1500,"--","-","--","-",0,4301926,1722784
"2026-04-28T14:50:10.000000Z","2026-04-28T07:50:10.000000Z","IMPC","RG",0,2160.0,3100,"--","-","--","-",4430026,0,1724045
"2026-04-28T14:50:18.000000Z","2026-04-28T07:50:18.000000Z","IMPC","RG",0,2170.0,200,"--","-","--","-",0,4301926,1724773
"2026-04-28T14:50:53.000000Z","2026-04-28T07:50:53.000000Z","IMPC","RG",0,2160.0,2200,"--","-","--","-",4430026,0,1727980
"2026-04-28T14:50:53.000000Z","2026-04-28T07:50:53.000000Z","IMPC","RG",0,2160.0,100,"--","-","--","-",4430213,0,1727981
"2026-04-28T14:51:03.000000Z","2026-04-28T07:51:03.000000Z","IMPC","RG",0,2160.0,300,"--","-","--","-",4430280,0,1728576
"2026-04-28T14:51:03.000000Z","2026-04-28T07:51:03.000000Z","IMPC","RG",0,2160.0,2600,"--","-","--","-",4430289,0,1728577
"2026-04-28T14:51:03.000000Z","2026-04-28T07:51:03.000000Z","IMPC","RG",0,2160.0,700,"--","-","--","-",4430479,0,1728578
"2026-04-28T14:51:27.000000Z","2026-04-28T07:51:27.000000Z","IMPC","RG",0,2170.0,300,"--","-","--","-",0,4301926,1730342
"2026-04-28T14:52:00.000000Z","2026-04-28T07:52:00.000000Z","IMPC","RG",0,2160.0,2000,"--","-","--","-",4430479,0,1732904
"2026-04-28T14:52:00.000000Z","2026-04-28T07:52:00.000000Z","IMPC","RG",0,2160.0,1600,"--","-","--","-",4430576,0,1732905
"2026-04-28T14:52:52.000000Z","2026-04-28T07:52:52.000000Z","IMPC","RG",0,2170.0,2500,"--","-","--","-",0,4303833,1736767
"2026-04-28T14:53:03.000000Z","2026-04-28T07:53:03.000000Z","IMPC","RG",0,2160.0,700,"--","-","--","-",4430576,0,1737344
"2026-04-28T14:53:03.000000Z","2026-04-28T07:53:03.000000Z","IMPC","RG",0,2160.0,2400,"--","-","--","-",4430651,0,1737345
"2026-04-28T14:53:21.000000Z","2026-04-28T07:53:21.000000Z","IMPC","RG",0,2160.0,500,"--","-","--","-",4430651,0,1739072
"2026-04-28T14:53:32.000000Z","2026-04-28T07:53:32.000000Z","IMPC","RG",0,2160.0,6500,"--","-","--","-",4430651,0,1739921
"2026-04-28T14:53:32.000000Z","2026-04-28T07:53:32.000000Z","IMPC","RG",0,2160.0,1000,"--","-","--","-",4432024,0,1739922
"2026-04-28T14:53:32.000000Z","2026-04-28T07:53:32.000000Z","IMPC","RG",0,2160.0,400,"--","-","--","-",4445801,0,1739923
"2026-04-28T14:53:37.000000Z","2026-04-28T07:53:37.000000Z","IMPC","RG",0,2170.0,10000,"--","-","--","-",0,4303833,1741028
"2026-04-28T14:53:54.000000Z","2026-04-28T07:53:54.000000Z","IMPC","RG",0,2160.0,600,"XL","D","AK","F",4445801,4545509,1742902
"2026-04-28T14:53:54.000000Z","2026-04-28T07:53:54.000000Z","IMPC","RG",0,2160.0,3000,"XL","D","AK","F",4449401,4545509,1742903
"2026-04-28T14:53:57.000000Z","2026-04-28T07:53:57.000000Z","IMPC","RG",0,2160.0,1700,"--","-","--","-",4449401,0,1743059
"2026-04-28T14:53:57.000000Z","2026-04-28T07:53:57.000000Z","IMPC","RG",0,2160.0,200,"--","-","--","-",4449526,0,1743060
"2026-04-28T14:53:57.000000Z","2026-04-28T07:53:57.000000Z","IMPC","RG",0,2160.0,300,"--","-","--","-",4450601,0,1743061
"2026-04-28T14:54:53.000000Z","2026-04-28T07:54:53.000000Z","IMPC","RG",0,2160.0,100,"XL","D","AK","F",4450601,4556047,1748281
"2026-04-28T14:54:53.000000Z","2026-04-28T07:54:53.000000Z","IMPC","RG",0,2160.0,100,"XL","D","AK","F",4450601,4556049,1748282
"2026-04-28T14:54:53.000000Z","2026-04-28T07:54:53.000000Z","IMPC","RG",0,2160.0,3200,"CP","D","AK","F",4451604,4556049,1748283
"2026-04-28T14:55:42.000000Z","2026-04-28T07:55:42.000000Z","IMPC","RG",0,2160.0,1500,"CP","D","AK","F",4451604,4565295,1756819
"2026-04-28T14:55:42.000000Z","2026-04-28T07:55:42.000000Z","IMPC","RG",0,2160.0,1100,"YU","D","AK","F",4454697,4565295,1756820
"2026-04-28T14:55:42.000000Z","2026-04-28T07:55:42.000000Z","IMPC","RG",0,2160.0,700,"YU","D","AK","F",4454697,4565299,1756822
"2026-04-28T14:56:18.000000Z","2026-04-28T07:56:18.000000Z","IMPC","RG",0,2160.0,900,"YU","D","AK","F",4454697,4573179,1760685
"2026-04-28T14:56:18.000000Z","2026-04-28T07:56:18.000000Z","IMPC","RG",0,2160.0,2400,"YU","D","AK","F",4454697,4573182,1760687
"2026-04-28T14:56:48.000000Z","2026-04-28T07:56:48.000000Z","IMPC","RG",0,2170.0,100,"ZP","F","KI","D",4579120,4303833,1763444
"2026-04-28T14:56:54.000000Z","2026-04-28T07:56:54.000000Z","IMPC","RG",0,2160.0,2000,"YU","D","BK","F",4454697,4580343,1763946
"2026-04-28T14:57:04.000000Z","2026-04-28T07:57:04.000000Z","IMPC","RG",0,2160.0,2600,"YU","D","AK","F",4454697,4582478,1765184
"2026-04-28T14:57:04.000000Z","2026-04-28T07:57:04.000000Z","IMPC","RG",0,2160.0,600,"XL","D","AK","F",4455077,4582478,1765185
"2026-04-28T14:57:04.000000Z","2026-04-28T07:57:04.000000Z","IMPC","RG",0,2160.0,500,"XL","D","AK","F",4455077,4582479,1765186
"2026-04-28T14:57:28.000000Z","2026-04-28T07:57:28.000000Z","IMPC","RG",0,2160.0,200,"XL","D","XC","D",4455077,4587405,1767433
"2026-04-28T14:57:49.000000Z","2026-04-28T07:57:49.000000Z","IMPC","RG",0,2160.0,400,"XL","D","AK","F",4455077,4591929,1769655
"2026-04-28T14:57:49.000000Z","2026-04-28T07:57:49.000000Z","IMPC","RG",0,2160.0,1300,"XL","D","AK","F",4455077,4591934,1769660
"2026-04-28T14:57:49.000000Z","2026-04-28T07:57:49.000000Z","IMPC","RG",0,2160.0,100,"PD","D","AK","F",4459618,4591934,1769661
"2026-04-28T14:57:49.000000Z","2026-04-28T07:57:49.000000Z","IMPC","RG",0,2160.0,1500,"XL","D","AK","F",4472316,4591934,1769662
"2026-04-28T14:58:03.000000Z","2026-04-28T07:58:03.000000Z","IMPC","RG",0,2160.0,100,"XL","D","XL","D",4472316,4595083,1771186
"2026-04-28T14:58:09.000000Z","2026-04-28T07:58:09.000000Z","IMPC","RG",0,2170.0,100,"--","-","--","-",0,4303833,1771726
"2026-04-28T14:58:29.000000Z","2026-04-28T07:58:29.000000Z","IMPC","RG",0,2160.0,3000,"XL","D","AK","F",4472316,4600732,1774186
"2026-04-28T14:58:29.000000Z","2026-04-28T07:58:29.000000Z","IMPC","RG",0,2160.0,100,"LG","D","AK","F",4473222,4600732,1774187
"2026-04-28T14:58:29.000000Z","2026-04-28T07:58:29.000000Z","IMPC","RG",0,2160.0,100,"XC","D","AK","F",4484983,4600733,1774188
"2026-04-28T14:59:09.000000Z","2026-04-28T07:59:09.000000Z","IMPC","RG",0,2170.0,500,"XL","D","KI","D",4607895,4303833,1777143
"2026-04-28T14:59:14.000000Z","2026-04-28T07:59:14.000000Z","IMPC","RG",0,2160.0,2400,"XC","D","AK","F",4484983,4608777,1777625
"2026-04-28T14:59:14.000000Z","2026-04-28T07:59:14.000000Z","IMPC","RG",0,2160.0,700,"CP","D","AK","F",4496696,4608777,1777626
"2026-04-28T14:59:35.000000Z","2026-04-28T07:59:35.000000Z","IMPC","RG",0,2160.0,300,"CP","D","BK","F",4496696,4612665,1779028
"2026-04-28T14:59:35.000000Z","2026-04-28T07:59:35.000000Z","IMPC","RG",0,2160.0,100,"XL","D","BK","F",4503260,4612665,1779029
"2026-04-28T14:59:35.000000Z","2026-04-28T07:59:35.000000Z","IMPC","RG",0,2160.0,100,"BQ","D","BK","F",4517405,4612665,1779030
"2026-04-28T14:59:35.000000Z","2026-04-28T07:59:35.000000Z","IMPC","RG",0,2160.0,100,"XL","D","BK","F",4524134,4612665,1779031
"2026-04-28T14:59:35.000000Z","2026-04-28T07:59:35.000000Z","IMPC","RG",0,2160.0,100,"ZP","F","BK","F",4525167,4612665,1779032
"2026-04-28T14:59:35.000000Z","2026-04-28T07:59:35.000000Z","IMPC","RG",0,2160.0,1400,"KK","D","BK","F",4539903,4612665,1779033
"2026-04-28T14:59:40.000000Z","2026-04-28T07:59:40.000000Z","IMPC","RG",0,2170.0,600,"XL","D","KI","D",4613621,4303833,1779498
"2026-04-28T14:59:47.000000Z","2026-04-28T07:59:47.000000Z","IMPC","RG",0,2170.0,500,"XL","D","KI","D",4614898,4303833,1779994
"2026-04-28T14:59:57.000000Z","2026-04-28T07:59:57.000000Z","IMPC","RG",0,2160.0,3100,"KK","D","AK","F",4539903,4616606,1780693
"2026-04-28T15:00:06.000000Z","2026-04-28T08:00:06.000000Z","IMPC","RG",0,2170.0,500,"XL","D","KI","D",4619241,4303833,1781508
"2026-04-28T15:00:21.000000Z","2026-04-28T08:00:21.000000Z","IMPC","RG",0,2170.0,500,"XL","D","KI","D",4621917,4303833,1782722
"2026-04-28T15:00:24.000000Z","2026-04-28T08:00:24.000000Z","IMPC","RG",0,2170.0,100,"XC","D","KI","D",4622422,4303833,1782934
"2026-04-28T15:00:30.000000Z","2026-04-28T08:00:30.000000Z","IMPC","RG",0,2170.0,400,"XL","D","KI","D",4623718,4303833,1783419
"2026-04-28T15:00:40.000000Z","2026-04-28T08:00:40.000000Z","IMPC","RG",0,2160.0,3500,"KK","D","AK","F",4539903,4626036,1784725
"2026-04-28T15:01:24.000000Z","2026-04-28T08:01:24.000000Z","IMPC","RG",0,2170.0,900,"XL","D","KI","D",4635218,4303833,1788977
"2026-04-28T15:01:34.000000Z","2026-04-28T08:01:34.000000Z","IMPC","RG",0,2160.0,2000,"--","-","--","-",4539903,0,1789912
"2026-04-28T15:01:34.000000Z","2026-04-28T08:01:34.000000Z","IMPC","RG",0,2160.0,100,"--","-","--","-",4540132,0,1789913
"2026-04-28T15:01:34.000000Z","2026-04-28T08:01:34.000000Z","IMPC","RG",0,2160.0,100,"--","-","--","-",4540197,0,1789914
"2026-04-28T15:01:34.000000Z","2026-04-28T08:01:34.000000Z","IMPC","RG",0,2160.0,1400,"--","-","--","-",4542691,0,1789915
"2026-04-28T15:02:22.000000Z","2026-04-28T08:02:22.000000Z","IMPC","RG",0,2160.0,2100,"--","-","--","-",4542691,0,1793416
"2026-04-28T15:02:34.000000Z","2026-04-28T08:02:34.000000Z","IMPC","RG",0,2160.0,3600,"CC","F","AK","F",4542691,4648443,1794319
"2026-04-28T15:03:23.000000Z","2026-04-28T08:03:23.000000Z","IMPC","RG",0,2170.0,100,"--","-","--","-",0,4303833,1799361
"2026-04-28T15:03:28.000000Z","2026-04-28T08:03:28.000000Z","IMPC","RG",0,2160.0,3200,"CC","F","AK","F",4542691,4659059,1799899
"2026-04-28T15:03:29.000000Z","2026-04-28T08:03:29.000000Z","IMPC","RG",0,2170.0,100,"XL","D","KI","D",4659219,4303833,1800009
"2026-04-28T15:03:40.000000Z","2026-04-28T08:03:40.000000Z","IMPC","RG",0,2160.0,300,"CC","F","SQ","D",4542691,4661421,1801120
"2026-04-28T15:03:40.000000Z","2026-04-28T08:03:40.000000Z","IMPC","RG",0,2160.0,100,"NI","D","SQ","D",4543260,4661421,1801121
"2026-04-28T15:04:21.000000Z","2026-04-28T08:04:21.000000Z","IMPC","RG",0,2160.0,400,"NI","D","AK","F",4543260,4669367,1805650
"2026-04-28T15:04:21.000000Z","2026-04-28T08:04:21.000000Z","IMPC","RG",0,2160.0,400,"CC","F","AK","F",4543707,4669367,1805651
"2026-04-28T15:04:21.000000Z","2026-04-28T08:04:21.000000Z","IMPC","RG",0,2160.0,100,"ZP","F","AK","F",4551734,4669367,1805652
"2026-04-28T15:04:21.000000Z","2026-04-28T08:04:21.000000Z","IMPC","RG",0,2160.0,200,"XL","D","AK","F",4557951,4669367,1805653
"2026-04-28T15:04:21.000000Z","2026-04-28T08:04:21.000000Z","IMPC","RG",0,2160.0,2200,"XL","D","AK","F",4562160,4669367,1805654
"2026-04-28T15:04:21.000000Z","2026-04-28T08:04:21.000000Z","IMPC","RG",0,2170.0,2300,"XL","D","KI","D",4669485,4303833,1805702
"2026-04-28T15:04:43.000000Z","2026-04-28T08:04:43.000000Z","IMPC","RG",0,2170.0,100,"XL","D","KI","D",4673694,4303833,1807326
"2026-04-28T15:04:55.000000Z","2026-04-28T08:04:55.000000Z","IMPC","RG",0,2170.0,500,"XL","D","KI","D",4675995,4303833,1808298
"2026-04-28T15:05:06.000000Z","2026-04-28T08:05:06.000000Z","IMPC","RG",0,2160.0,600,"XL","D","BK","F",4562160,4678595,1809406
"2026-04-28T15:05:06.000000Z","2026-04-28T08:05:06.000000Z","IMPC","RG",0,2160.0,100,"ZP","F","BK","F",4565386,4678595,1809407
"2026-04-28T15:05:06.000000Z","2026-04-28T08:05:06.000000Z","IMPC","RG",0,2160.0,100,"ZP","F","BK","F",4573195,4678595,1809408
"2026-04-28T15:05:06.000000Z","2026-04-28T08:05:06.000000Z","IMPC","RG",0,2160.0,100,"XC","D","BK","F",4574172,4678595,1809409
"2026-04-28T15:05:06.000000Z","2026-04-28T08:05:06.000000Z","IMPC","RG",0,2160.0,500,"XL","D","BK","F",4593226,4678595,1809410
"2026-04-28T15:05:06.000000Z","2026-04-28T08:05:06.000000Z","IMPC","RG",0,2160.0,800,"XL","D","BK","F",4596168,4678595,1809411
"2026-04-28T15:05:19.000000Z","2026-04-28T08:05:19.000000Z","IMPC","RG",0,2160.0,3500,"XL","D","AK","F",4596168,4681121,1810267
"2026-04-28T15:06:27.000000Z","2026-04-28T08:06:27.000000Z","IMPC","RG",0,2160.0,700,"XL","D","AK","F",4596168,4694067,1815431
"2026-04-28T15:06:27.000000Z","2026-04-28T08:06:27.000000Z","IMPC","RG",0,2160.0,100,"XL","D","AK","F",4606436,4694067,1815432
"2026-04-28T15:06:27.000000Z","2026-04-28T08:06:27.000000Z","IMPC","RG",0,2160.0,2500,"XL","D","AK","F",4612847,4694067,1815433
"2026-04-28T15:06:36.000000Z","2026-04-28T08:06:36.000000Z","IMPC","RG",0,2170.0,500,"--","-","--","-",0,4303833,1816252
"2026-04-28T15:07:22.000000Z","2026-04-28T08:07:22.000000Z","IMPC","RG",0,2160.0,100,"--","-","--","-",4612934,0,1820022
"2026-04-28T15:07:37.000000Z","2026-04-28T08:07:37.000000Z","IMPC","RG",0,2160.0,600,"--","-","--","-",4612934,0,1821329
"2026-04-28T15:07:37.000000Z","2026-04-28T08:07:37.000000Z","IMPC","RG",0,2160.0,700,"--","-","--","-",4613584,0,1821330
"2026-04-28T15:07:37.000000Z","2026-04-28T08:07:37.000000Z","IMPC","RG",0,2160.0,100,"--","-","--","-",4620711,0,1821331
"2026-04-28T15:07:37.000000Z","2026-04-28T08:07:37.000000Z","IMPC","RG",0,2160.0,500,"--","-","--","-",4622076,0,1821332
"2026-04-28T15:07:37.000000Z","2026-04-28T08:07:37.000000Z","IMPC","RG",0,2160.0,100,"--","-","--","-",4628869,0,1821333
"2026-04-28T15:07:37.000000Z","2026-04-28T08:07:37.000000Z","IMPC","RG",0,2160.0,1300,"--","-","--","-",4638795,0,1821334
"2026-04-28T15:07:57.000000Z","2026-04-28T08:07:57.000000Z","IMPC","RG",0,2160.0,2000,"--","-","--","-",4638795,0,1822951
"2026-04-28T15:08:36.000000Z","2026-04-28T08:08:36.000000Z","IMPC","RG",0,2170.0,3200,"--","-","--","-",0,4303833,1825871
"2026-04-28T15:08:36.000000Z","2026-04-28T08:08:36.000000Z","IMPC","RG",0,2170.0,4500,"--","-","--","-",0,4315944,1825872
"2026-04-28T15:08:46.000000Z","2026-04-28T08:08:46.000000Z","IMPC","RG",0,2160.0,1700,"--","-","--","-",4638795,0,1826764
"2026-04-28T15:08:46.000000Z","2026-04-28T08:08:46.000000Z","IMPC","RG",0,2160.0,500,"--","-","--","-",4646512,0,1826765
"2026-04-28T15:08:46.000000Z","2026-04-28T08:08:46.000000Z","IMPC","RG",0,2160.0,1500,"--","-","--","-",4652734,0,1826766
"2026-04-28T15:08:47.000000Z","2026-04-28T08:08:47.000000Z","IMPC","RG",0,2160.0,3700,"XL","D","ZP","F",4652734,4719007,1826873
"2026-04-28T15:09:27.000000Z","2026-04-28T08:09:27.000000Z","IMPC","RG",0,2160.0,1400,"--","-","--","-",4652734,0,1830018
"2026-04-28T15:09:33.000000Z","2026-04-28T08:09:33.000000Z","IMPC","RG",0,2160.0,2500,"--","-","--","-",4652734,0,1830469
"2026-04-28T15:09:36.000000Z","2026-04-28T08:09:36.000000Z","IMPC","RG",0,2160.0,900,"--","-","--","-",4652734,0,1830772
"2026-04-28T15:09:36.000000Z","2026-04-28T08:09:36.000000Z","IMPC","RG",0,2160.0,100,"--","-","--","-",4656722,0,1830773
"2026-04-28T15:09:36.000000Z","2026-04-28T08:09:36.000000Z","IMPC","RG",0,2160.0,1300,"--","-","--","-",4663605,0,1830774
"2026-04-28T15:09:36.000000Z","2026-04-28T08:09:36.000000Z","IMPC","RG",0,2160.0,700,"--","-","--","-",4670279,0,1830775
"2026-04-28T15:09:36.000000Z","2026-04-28T08:09:36.000000Z","IMPC","RG",0,2160.0,1000,"--","-","--","-",4671196,0,1830776
"2026-04-28T15:09:36.000000Z","2026-04-28T08:09:36.000000Z","IMPC","RG",0,2160.0,1000,"--","-","--","-",4674366,0,1830777
"2026-04-28T15:09:36.000000Z","2026-04-28T08:09:36.000000Z","IMPC","RG",0,2160.0,500,"--","-","--","-",4680083,0,1830778
"2026-04-28T15:09:36.000000Z","2026-04-28T08:09:36.000000Z","IMPC","RG",0,2160.0,1000,"--","-","--","-",4681672,0,1830779
"2026-04-28T15:09:36.000000Z","2026-04-28T08:09:36.000000Z","IMPC","RG",0,2160.0,500,"--","-","--","-",4691016,0,1830780
"2026-04-28T15:09:36.000000Z","2026-04-28T08:09:36.000000Z","IMPC","RG",0,2160.0,100,"--","-","--","-",4692462,0,1830781
"2026-04-28T15:09:36.000000Z","2026-04-28T08:09:36.000000Z","IMPC","RG",0,2160.0,200,"--","-","--","-",4694022,0,1830782
"2026-04-28T15:09:36.000000Z","2026-04-28T08:09:36.000000Z","IMPC","RG",0,2160.0,500,"--","-","--","-",4706602,0,1830783
"2026-04-28T15:09:36.000000Z","2026-04-28T08:09:36.000000Z","IMPC","RG",0,2160.0,500,"--","-","--","-",4706638,0,1830784
"2026-04-28T15:09:36.000000Z","2026-04-28T08:09:36.000000Z","IMPC","RG",0,2160.0,300,"--","-","--","-",4716693,0,1830785
"2026-04-28T15:09:36.000000Z","2026-04-28T08:09:36.000000Z","IMPC","RG",0,2160.0,100,"--","-","--","-",4716763,0,1830786
"2026-04-28T15:09:36.000000Z","2026-04-28T08:09:36.000000Z","IMPC","RG",0,2160.0,800,"--","-","--","-",4722736,0,1830787
"2026-04-28T15:09:36.000000Z","2026-04-28T08:09:36.000000Z","IMPC","RG",0,2150.0,20500,"--","-","--","-",3741662,0,1830788
"2026-04-28T15:10:14.000000Z","2026-04-28T08:10:14.000000Z","IMPC","RG",0,2150.0,3300,"--","-","--","-",3741662,0,1833731
"2026-04-28T15:10:31.000000Z","2026-04-28T08:10:31.000000Z","IMPC","RG",0,2150.0,2200,"--","-","--","-",3741662,0,1835082
"2026-04-28T15:10:41.000000Z","2026-04-28T08:10:41.000000Z","IMPC","RG",0,2150.0,200,"--","-","--","-",3741662,0,1835671
"2026-04-28T15:10:56.000000Z","2026-04-28T08:10:56.000000Z","IMPC","RG",0,2150.0,3100,"--","-","--","-",3741662,0,1836670
"2026-04-28T15:11:50.000000Z","2026-04-28T08:11:50.000000Z","IMPC","RG",0,2150.0,3400,"--","-","--","-",3741662,0,1840811
"2026-04-28T15:11:53.000000Z","2026-04-28T08:11:53.000000Z","IMPC","RG",0,2150.0,100,"--","-","--","-",3741662,0,1841042
"2026-04-28T15:11:53.000000Z","2026-04-28T08:11:53.000000Z","IMPC","RG",0,2150.0,8500,"--","-","--","-",3741662,0,1841046
"2026-04-28T15:11:53.000000Z","2026-04-28T08:11:53.000000Z","IMPC","RG",0,2150.0,400,"--","-","--","-",3816954,0,1841047
"2026-04-28T15:11:53.000000Z","2026-04-28T08:11:53.000000Z","IMPC","RG",0,2150.0,1000,"--","-","--","-",3833190,0,1841048
"2026-04-28T15:11:53.000000Z","2026-04-28T08:11:53.000000Z","IMPC","RG",0,2150.0,300,"--","-","--","-",3844129,0,1841049
"2026-04-28T15:11:53.000000Z","2026-04-28T08:11:53.000000Z","IMPC","RG",0,2150.0,1500,"--","-","--","-",3863000,0,1841050
"2026-04-28T15:12:40.000000Z","2026-04-28T08:12:40.000000Z","IMPC","RG",0,2160.0,5100,"XC","D","BK","F",4764706,4732911,1844363
"2026-04-28T15:12:40.000000Z","2026-04-28T08:12:40.000000Z","IMPC","RG",0,2160.0,200,"XC","D","AK","F",4764706,4734770,1844364
"2026-04-28T15:12:40.000000Z","2026-04-28T08:12:40.000000Z","IMPC","RG",0,2160.0,200,"XC","D","AK","F",4764706,4734771,1844365
"2026-04-28T15:12:40.000000Z","2026-04-28T08:12:40.000000Z","IMPC","RG",0,2160.0,200,"XC","D","AK","F",4764706,4734777,1844366
"2026-04-28T15:12:40.000000Z","2026-04-28T08:12:40.000000Z","IMPC","RG",0,2160.0,200,"XC","D","AK","F",4764706,4734779,1844367
"2026-04-28T15:12:40.000000Z","2026-04-28T08:12:40.000000Z","IMPC","RG",0,2160.0,200,"XC","D","AK","F",4764706,4734780,1844368
"2026-04-28T15:12:40.000000Z","2026-04-28T08:12:40.000000Z","IMPC","RG",0,2160.0,300,"XC","D","AK","F",4764706,4734782,1844369
"2026-04-28T15:12:40.000000Z","2026-04-28T08:12:40.000000Z","IMPC","RG",0,2160.0,200,"XC","D","AK","F",4764706,4734783,1844370
"2026-04-28T15:12:40.000000Z","2026-04-28T08:12:40.000000Z","IMPC","RG",0,2160.0,3300,"XC","D","AK","F",4764706,4734785,1844371
"2026-04-28T15:12:40.000000Z","2026-04-28T08:12:40.000000Z","IMPC","RG",0,2160.0,3400,"XC","D","AK","F",4764706,4734786,1844372
"2026-04-28T15:12:40.000000Z","2026-04-28T08:12:40.000000Z","IMPC","RG",0,2160.0,2800,"XC","D","AK","F",4764706,4734787,1844373
"2026-04-28T15:12:40.000000Z","2026-04-28T08:12:40.000000Z","IMPC","RG",0,2160.0,500,"XC","D","AK","F",4764706,4734789,1844374
"2026-04-28T15:12:40.000000Z","2026-04-28T08:12:40.000000Z","IMPC","RG",0,2160.0,500,"XC","D","AK","F",4764706,4734790,1844375
"2026-04-28T15:12:40.000000Z","2026-04-28T08:12:40.000000Z","IMPC","RG",0,2160.0,500,"XC","D","AK","F",4764706,4734791,1844376
"2026-04-28T15:12:40.000000Z","2026-04-28T08:12:40.000000Z","IMPC","RG",0,2160.0,600,"XC","D","AK","F",4764706,4734792,1844377
"2026-04-28T15:12:40.000000Z","2026-04-28T08:12:40.000000Z","IMPC","RG",0,2160.0,600,"XC","D","AK","F",4764706,4734793,1844378
"2026-04-28T15:12:40.000000Z","2026-04-28T08:12:40.000000Z","IMPC","RG",0,2160.0,500,"XC","D","AK","F",4764706,4734794,1844379
"2026-04-28T15:12:40.000000Z","2026-04-28T08:12:40.000000Z","IMPC","RG",0,2160.0,500,"XC","D","AK","F",4764706,4734795,1844380
"2026-04-28T15:12:40.000000Z","2026-04-28T08:12:40.000000Z","IMPC","RG",0,2160.0,500,"XC","D","AK","F",4764706,4734796,1844381
"2026-04-28T15:12:40.000000Z","2026-04-28T08:12:40.000000Z","IMPC","RG",0,2160.0,500,"XC","D","AK","F",4764706,4734797,1844382
"2026-04-28T15:12:40.000000Z","2026-04-28T08:12:40.000000Z","IMPC","RG",0,2160.0,300,"XC","D","AK","F",4764706,4734798,1844383
"2026-04-28T15:12:40.000000Z","2026-04-28T08:12:40.000000Z","IMPC","RG",0,2160.0,400,"XC","D","AK","F",4764706,4734801,1844384
"2026-04-28T15:12:40.000000Z","2026-04-28T08:12:40.000000Z","IMPC","RG",0,2160.0,2500,"XC","D","AK","F",4764706,4734802,1844385
"2026-04-28T15:12:40.000000Z","2026-04-28T08:12:40.000000Z","IMPC","RG",0,2160.0,1700,"XC","D","KI","D",4764706,4737736,1844386
"2026-04-28T15:14:38.000000Z","2026-04-28T08:14:38.000000Z","IMPC","RG",0,2160.0,500,"CP","D","KI","D",4808583,4737736,1853785
"2026-04-28T15:14:50.000000Z","2026-04-28T08:14:50.000000Z","IMPC","RG",0,2160.0,8600,"XC","D","KI","D",4813149,4737736,1854915
"2026-04-28T15:14:50.000000Z","2026-04-28T08:14:50.000000Z","IMPC","RG",0,2160.0,100,"XC","D","CP","D",4813149,4738811,1854916
"2026-04-28T15:14:50.000000Z","2026-04-28T08:14:50.000000Z","IMPC","RG",0,2160.0,3500,"XC","D","AK","F",4813149,4739185,1854917
"2026-04-28T15:14:50.000000Z","2026-04-28T08:14:50.000000Z","IMPC","RG",0,2160.0,100,"XC","D","AZ","D",4813149,4742346,1854918
"2026-04-28T15:14:50.000000Z","2026-04-28T08:14:50.000000Z","IMPC","RG",0,2160.0,2000,"XC","D","KK","D",4813149,4744954,1854919
"2026-04-28T15:14:50.000000Z","2026-04-28T08:14:50.000000Z","IMPC","RG",0,2160.0,11400,"XC","D","KI","D",4813149,4746001,1854920
"2026-04-28T15:15:28.000000Z","2026-04-28T08:15:28.000000Z","IMPC","RG",0,2150.0,1000,"XL","D","NI","D",3863000,4827727,1858205
"2026-04-28T15:16:09.000000Z","2026-04-28T08:16:09.000000Z","IMPC","RG",0,2160.0,2100,"CC","D","KI","D",4843227,4746001,1861522
"2026-04-28T15:16:09.000000Z","2026-04-28T08:16:09.000000Z","IMPC","RG",0,2160.0,3400,"CC","D","AK","F",4843227,4748798,1861523
"2026-04-28T15:16:09.000000Z","2026-04-28T08:16:09.000000Z","IMPC","RG",0,2160.0,11700,"CC","D","KI","D",4843227,4749434,1861524
"2026-04-28T15:16:09.000000Z","2026-04-28T08:16:09.000000Z","IMPC","RG",0,2160.0,3700,"CC","D","ZP","F",4843227,4751631,1861525
"2026-04-28T15:16:09.000000Z","2026-04-28T08:16:09.000000Z","IMPC","RG",0,2160.0,4500,"CC","D","PD","D",4843227,4753020,1861526
"2026-04-28T15:16:09.000000Z","2026-04-28T08:16:09.000000Z","IMPC","RG",0,2160.0,4100,"CC","D","BK","F",4843227,4753353,1861527
"2026-04-28T15:16:09.000000Z","2026-04-28T08:16:09.000000Z","IMPC","RG",0,2160.0,80600,"CC","D","YU","F",4843227,4755173,1861528
"2026-04-28T15:16:09.000000Z","2026-04-28T08:16:09.000000Z","IMPC","RG",0,2160.0,3700,"CC","D","AK","F",4843227,4761557,1861529
"2026-04-28T15:16:09.000000Z","2026-04-28T08:16:09.000000Z","IMPC","RG",0,2160.0,200,"CC","D","AK","F",4843227,4764763,1861530
"2026-04-28T15:16:09.000000Z","2026-04-28T08:16:09.000000Z","IMPC","RG",0,2160.0,900,"CC","D","AK","F",4843227,4764765,1861531
"2026-04-28T15:16:09.000000Z","2026-04-28T08:16:09.000000Z","IMPC","RG",0,2160.0,2100,"CC","D","BK","F",4843227,4766269,1861532
"2026-04-28T15:16:09.000000Z","2026-04-28T08:16:09.000000Z","IMPC","RG",0,2160.0,14400,"CC","D","KI","D",4843227,4772356,1861533
"2026-04-28T15:16:09.000000Z","2026-04-28T08:16:09.000000Z","IMPC","RG",0,2160.0,21400,"CC","D","KI","D",4843227,4778605,1861534
"2026-04-28T15:16:09.000000Z","2026-04-28T08:16:09.000000Z","IMPC","RG",0,2160.0,3400,"CC","D","AK","F",4843227,4778689,1861535
"2026-04-28T15:16:09.000000Z","2026-04-28T08:16:09.000000Z","IMPC","RG",0,2160.0,200,"CC","D","AK","F",4843227,4782959,1861536
"2026-04-28T15:16:09.000000Z","2026-04-28T08:16:09.000000Z","IMPC","RG",0,2160.0,500,"CC","D","AK","F",4843227,4788281,1861537
"2026-04-28T15:16:09.000000Z","2026-04-28T08:16:09.000000Z","IMPC","RG",0,2160.0,700,"CC","D","XC","D",4843227,4800822,1861538
"2026-04-28T15:16:09.000000Z","2026-04-28T08:16:09.000000Z","IMPC","RG",0,2160.0,3200,"CC","D","AK","F",4843227,4804693,1861539
"2026-04-28T15:16:09.000000Z","2026-04-28T08:16:09.000000Z","IMPC","RG",0,2160.0,3100,"CC","D","AK","F",4843227,4822708,1861540
"2026-04-28T15:16:09.000000Z","2026-04-28T08:16:09.000000Z","IMPC","RG",0,2160.0,600,"CC","D","AK","F",4843227,4826904,1861541
"2026-04-28T15:16:09.000000Z","2026-04-28T08:16:09.000000Z","IMPC","RG",0,2160.0,2100,"CC","D","BK","F",4843227,4831429,1861542
"2026-04-28T15:16:09.000000Z","2026-04-28T08:16:09.000000Z","IMPC","RG",0,2160.0,3500,"CC","D","AK","F",4843227,4840903,1861543
"2026-04-28T15:16:09.000000Z","2026-04-28T08:16:09.000000Z","IMPC","RG",0,2160.0,3500,"CC","D","AK","F",4843227,4843286,1861556
"2026-04-28T15:16:09.000000Z","2026-04-28T08:16:09.000000Z","IMPC","RG",0,2160.0,300,"CC","D","AK","F",4843227,4843289,1861557
"2026-04-28T15:16:11.000000Z","2026-04-28T08:16:11.000000Z","IMPC","RG",0,2170.0,3400,"CC","F","KI","D",4843956,4315944,1861650
"2026-04-28T15:16:13.000000Z","2026-04-28T08:16:13.000000Z","IMPC","RG",0,2170.0,2900,"CC","F","KI","D",4844572,4315944,1861748
"2026-04-28T15:16:13.000000Z","2026-04-28T08:16:13.000000Z","IMPC","RG",0,2170.0,400,"CC","F","KI","D",4844572,4318382,1861749
"2026-04-28T15:16:13.000000Z","2026-04-28T08:16:13.000000Z","IMPC","RG",0,2170.0,3500,"CC","F","KI","D",4844793,4318382,1861810
"2026-04-28T15:16:55.000000Z","2026-04-28T08:16:55.000000Z","IMPC","RG",0,2160.0,50000,"CC","D","CP","D",4843227,4860193,1864604
"2026-04-28T15:17:05.000000Z","2026-04-28T08:17:05.000000Z","IMPC","RG",0,2160.0,500,"CC","D","YP","D",4843227,4864044,1865587
"2026-04-28T15:17:42.000000Z","2026-04-28T08:17:42.000000Z","IMPC","RG",0,2160.0,4100,"CC","D","XL","D",4843227,4877130,1867983
"2026-04-28T15:18:29.000000Z","2026-04-28T08:18:29.000000Z","IMPC","RG",0,2170.0,100,"ZP","F","KI","D",4894031,4318382,1871662
"2026-04-28T15:18:38.000000Z","2026-04-28T08:18:38.000000Z","IMPC","RG",0,2170.0,700,"XL","D","KI","D",4897538,4318382,1872266
"2026-04-28T15:18:38.000000Z","2026-04-28T08:18:38.000000Z","IMPC","RG",0,2170.0,8800,"XL","D","KI","D",4897623,4318382,1872279
"2026-04-28T15:18:38.000000Z","2026-04-28T08:18:38.000000Z","IMPC","RG",0,2170.0,1300,"XL","D","KI","D",4897623,4320111,1872280
"2026-04-28T15:19:47.000000Z","2026-04-28T08:19:47.000000Z","IMPC","RG",0,2170.0,200,"--","-","--","-",0,4320111,1877547
"2026-04-28T15:20:03.000000Z","2026-04-28T08:20:03.000000Z","IMPC","RG",0,2170.0,1200,"XL","D","KI","D",4929411,4320111,1878750
"2026-04-28T15:20:05.000000Z","2026-04-28T08:20:05.000000Z","IMPC","RG",0,2160.0,14400,"CC","D","KI","D",4843227,4930017,1878888
"2026-04-28T15:20:22.000000Z","2026-04-28T08:20:22.000000Z","IMPC","RG",0,2160.0,23500,"CC","D","KI","D",4843227,4936259,1880179
"2026-04-28T15:20:23.000000Z","2026-04-28T08:20:23.000000Z","IMPC","RG",0,2160.0,3600,"CC","D","ZP","F",4843227,4936425,1880213
"2026-04-28T15:20:23.000000Z","2026-04-28T08:20:23.000000Z","IMPC","RG",0,2160.0,3700,"CC","D","ZP","F",4843227,4936601,1880233
"2026-04-28T15:21:18.000000Z","2026-04-28T08:21:18.000000Z","IMPC","RG",0,2170.0,100,"ZP","F","KI","D",4956217,4320111,1883894
"2026-04-28T15:21:25.000000Z","2026-04-28T08:21:25.000000Z","IMPC","RG",0,2170.0,100,"XL","D","KI","D",4958766,4320111,1884293
"2026-04-28T15:21:47.000000Z","2026-04-28T08:21:47.000000Z","IMPC","RG",0,2160.0,11600,"CC","D","KI","D",4843227,4966764,1886009
"2026-04-28T15:21:50.000000Z","2026-04-28T08:21:50.000000Z","IMPC","RG",0,2160.0,200,"CC","D","BQ","D",4843227,4968087,1886288
"2026-04-28T15:22:06.000000Z","2026-04-28T08:22:06.000000Z","IMPC","RG",0,2170.0,1100,"--","-","--","-",0,4320111,1887522
"2026-04-28T15:22:26.000000Z","2026-04-28T08:22:26.000000Z","IMPC","RG",0,2160.0,3300,"CC","D","AK","F",4843227,4981294,1889044
"2026-04-28T15:22:37.000000Z","2026-04-28T08:22:37.000000Z","IMPC","RG",0,2160.0,11200,"--","-","--","-",4843227,0,1889971
"2026-04-28T15:22:37.000000Z","2026-04-28T08:22:37.000000Z","IMPC","RG",0,2160.0,300,"--","-","--","-",4843565,0,1889972
"2026-04-28T15:22:37.000000Z","2026-04-28T08:22:37.000000Z","IMPC","RG",0,2160.0,400,"--","-","--","-",4843975,0,1889973
"2026-04-28T15:22:37.000000Z","2026-04-28T08:22:37.000000Z","IMPC","RG",0,2160.0,2500,"--","-","--","-",4845560,0,1889974
"2026-04-28T15:22:37.000000Z","2026-04-28T08:22:37.000000Z","IMPC","RG",0,2160.0,2600,"--","-","--","-",4846160,0,1889975
"2026-04-28T15:22:37.000000Z","2026-04-28T08:22:37.000000Z","IMPC","RG",0,2160.0,2600,"--","-","--","-",4846329,0,1889976
"2026-04-28T15:22:37.000000Z","2026-04-28T08:22:37.000000Z","IMPC","RG",0,2160.0,100,"--","-","--","-",4848625,0,1889977
"2026-04-28T15:22:37.000000Z","2026-04-28T08:22:37.000000Z","IMPC","RG",0,2160.0,2700,"--","-","--","-",4850055,0,1889978
"2026-04-28T15:22:37.000000Z","2026-04-28T08:22:37.000000Z","IMPC","RG",0,2160.0,2800,"--","-","--","-",4850584,0,1889979
"2026-04-28T15:22:37.000000Z","2026-04-28T08:22:37.000000Z","IMPC","RG",0,2160.0,2600,"--","-","--","-",4850756,0,1889980
"2026-04-28T15:22:37.000000Z","2026-04-28T08:22:37.000000Z","IMPC","RG",0,2160.0,9300,"--","-","--","-",4852606,0,1889981
"2026-04-28T15:22:37.000000Z","2026-04-28T08:22:37.000000Z","IMPC","RG",0,2160.0,9400,"--","-","--","-",4854174,0,1889982
"2026-04-28T15:22:39.000000Z","2026-04-28T08:22:39.000000Z","IMPC","RG",0,2160.0,600,"--","-","--","-",4854174,0,1890120
"2026-04-28T15:22:39.000000Z","2026-04-28T08:22:39.000000Z","IMPC","RG",0,2160.0,2000,"--","-","--","-",4862531,0,1890121
"2026-04-28T15:22:39.000000Z","2026-04-28T08:22:39.000000Z","IMPC","RG",0,2160.0,700,"--","-","--","-",4867917,0,1890122
"2026-04-28T15:22:39.000000Z","2026-04-28T08:22:39.000000Z","IMPC","RG",0,2160.0,8300,"--","-","--","-",4871012,0,1890123
"2026-04-28T15:22:54.000000Z","2026-04-28T08:22:54.000000Z","IMPC","RG",0,2160.0,12600,"--","-","--","-",4871012,0,1891589
"2026-04-28T15:22:58.000000Z","2026-04-28T08:22:58.000000Z","IMPC","RG",0,2160.0,900,"--","-","--","-",4871012,0,1891840
"2026-04-28T15:23:24.000000Z","2026-04-28T08:23:24.000000Z","IMPC","RG",0,2160.0,3200,"--","-","--","-",4871012,0,1894015
"2026-04-28T15:23:33.000000Z","2026-04-28T08:23:33.000000Z","IMPC","RG",0,2160.0,700,"--","-","--","-",4871012,0,1894968
"2026-04-28T15:23:58.000000Z","2026-04-28T08:23:58.000000Z","IMPC","RG",0,2160.0,1000,"--","-","--","-",4871012,0,1897981
"2026-04-28T15:23:58.000000Z","2026-04-28T08:23:58.000000Z","IMPC","RG",0,2160.0,1100,"--","-","--","-",4871289,0,1897982
"2026-04-28T15:23:58.000000Z","2026-04-28T08:23:58.000000Z","IMPC","RG",0,2160.0,100,"--","-","--","-",4871518,0,1897983
"2026-04-28T15:24:02.000000Z","2026-04-28T08:24:02.000000Z","IMPC","RG",0,2160.0,500,"--","-","--","-",4871518,0,1898568
"2026-04-28T15:24:19.000000Z","2026-04-28T08:24:19.000000Z","IMPC","RG",0,2160.0,200,"--","-","--","-",4871518,0,1900912
"2026-04-28T15:24:19.000000Z","2026-04-28T08:24:19.000000Z","IMPC","RG",0,2160.0,300,"--","-","--","-",4871518,0,1900945
"2026-04-28T15:24:19.000000Z","2026-04-28T08:24:19.000000Z","IMPC","RG",0,2160.0,500,"--","-","--","-",4874583,0,1900946
"2026-04-28T15:24:19.000000Z","2026-04-28T08:24:19.000000Z","IMPC","RG",0,2160.0,500,"--","-","--","-",4874632,0,1900947
"2026-04-28T15:24:19.000000Z","2026-04-28T08:24:19.000000Z","IMPC","RG",0,2160.0,2000,"--","-","--","-",4874680,0,1900948
"2026-04-28T15:24:21.000000Z","2026-04-28T08:24:21.000000Z","IMPC","RG",0,2170.0,1000,"--","-","--","-",0,4320111,1901195
"2026-04-28T15:24:42.000000Z","2026-04-28T08:24:42.000000Z","IMPC","RG",0,2170.0,100,"--","-","--","-",0,4320111,1903685
"2026-04-28T15:24:44.000000Z","2026-04-28T08:24:44.000000Z","IMPC","RG",0,2170.0,600,"--","-","--","-",0,4320111,1903836
"2026-04-28T15:24:48.000000Z","2026-04-28T08:24:48.000000Z","IMPC","RG",0,2160.0,100,"--","-","--","-",4874702,0,1904017
"2026-04-28T15:24:48.000000Z","2026-04-28T08:24:48.000000Z","IMPC","RG",0,2160.0,500,"--","-","--","-",4874721,0,1904018
"2026-04-28T15:24:48.000000Z","2026-04-28T08:24:48.000000Z","IMPC","RG",0,2160.0,400,"--","-","--","-",4874759,0,1904019
"2026-04-28T15:24:52.000000Z","2026-04-28T08:24:52.000000Z","IMPC","RG",0,2160.0,100,"--","-","--","-",4874759,0,1904258
"2026-04-28T15:24:52.000000Z","2026-04-28T08:24:52.000000Z","IMPC","RG",0,2160.0,500,"--","-","--","-",4874796,0,1904259
"2026-04-28T15:24:52.000000Z","2026-04-28T08:24:52.000000Z","IMPC","RG",0,2160.0,100,"--","-","--","-",4898292,0,1904260
"2026-04-28T15:24:52.000000Z","2026-04-28T08:24:52.000000Z","IMPC","RG",0,2160.0,900,"--","-","--","-",4899019,0,1904261
"2026-04-28T15:24:52.000000Z","2026-04-28T08:24:52.000000Z","IMPC","RG",0,2160.0,3000,"--","-","--","-",4910696,0,1904262
"2026-04-28T15:24:57.000000Z","2026-04-28T08:24:57.000000Z","IMPC","RG",0,2160.0,500,"--","-","--","-",4910696,0,1904707
"2026-04-28T15:25:18.000000Z","2026-04-28T08:25:18.000000Z","IMPC","RG",0,2170.0,1500,"--","-","--","-",0,4320111,1906753
"2026-04-28T15:25:18.000000Z","2026-04-28T08:25:18.000000Z","IMPC","RG",0,2160.0,1300,"--","-","--","-",4910696,0,1906776
"2026-04-28T15:25:18.000000Z","2026-04-28T08:25:18.000000Z","IMPC","RG",0,2160.0,2000,"--","-","--","-",4910696,0,1906778
"2026-04-28T15:25:27.000000Z","2026-04-28T08:25:27.000000Z","IMPC","RG",0,2160.0,200,"--","-","--","-",4910696,0,1908058
"2026-04-28T15:25:32.000000Z","2026-04-28T08:25:32.000000Z","IMPC","RG",0,2170.0,300,"--","-","--","-",0,4320111,1908530
"2026-04-28T15:25:43.000000Z","2026-04-28T08:25:43.000000Z","IMPC","RG",0,2160.0,900,"XC","D","XC","D",4910696,5058949,1909681
"2026-04-28T15:26:14.000000Z","2026-04-28T08:26:14.000000Z","IMPC","RG",0,2160.0,1400,"--","-","--","-",4910696,0,1913208
"2026-04-28T15:26:23.000000Z","2026-04-28T08:26:23.000000Z","IMPC","RG",0,2170.0,100,"--","-","--","-",0,4320111,1913916
"2026-04-28T15:26:23.000000Z","2026-04-28T08:26:23.000000Z","IMPC","RG",0,2160.0,700,"--","-","--","-",4910696,0,1913925
"2026-04-28T15:26:23.000000Z","2026-04-28T08:26:23.000000Z","IMPC","RG",0,2160.0,600,"--","-","--","-",4931214,0,1913926
"2026-04-28T15:26:23.000000Z","2026-04-28T08:26:23.000000Z","IMPC","RG",0,2160.0,1600,"--","-","--","-",4931214,0,1913928
"2026-04-28T15:26:23.000000Z","2026-04-28T08:26:23.000000Z","IMPC","RG",0,2160.0,900,"--","-","--","-",4949299,0,1913929
"2026-04-28T15:26:27.000000Z","2026-04-28T08:26:27.000000Z","IMPC","RG",0,2160.0,1100,"XL","D","BK","F",4949299,5076278,1914208
"2026-04-28T15:26:27.000000Z","2026-04-28T08:26:27.000000Z","IMPC","RG",0,2160.0,1200,"XL","D","BK","F",4956629,5076278,1914209
"2026-04-28T15:27:38.000000Z","2026-04-28T08:27:38.000000Z","IMPC","RG",0,2160.0,800,"XL","D","AK","F",4956629,5102945,1920106
"2026-04-28T15:27:38.000000Z","2026-04-28T08:27:38.000000Z","IMPC","RG",0,2160.0,700,"XL","D","AK","F",4967210,5102945,1920107
"2026-04-28T15:27:59.000000Z","2026-04-28T08:27:59.000000Z","IMPC","RG",0,2160.0,3100,"--","-","--","-",4967210,0,1921783
"2026-04-28T15:28:48.000000Z","2026-04-28T08:28:48.000000Z","IMPC","RG",0,2160.0,3200,"XL","D","AK","F",4967210,5128585,1925874
"2026-04-28T15:29:07.000000Z","2026-04-28T08:29:07.000000Z","IMPC","RG",0,2160.0,7600,"--","-","--","-",4967210,0,1927528
"2026-04-28T15:29:12.000000Z","2026-04-28T08:29:12.000000Z","IMPC","RG",0,2160.0,2200,"XL","D","BK","F",4967210,5137858,1927881
"2026-04-28T15:29:16.000000Z","2026-04-28T08:29:16.000000Z","IMPC","RG",0,2160.0,1200,"XL","D","KI","D",4967210,5139331,1928210
"2026-04-28T15:29:16.000000Z","2026-04-28T08:29:16.000000Z","IMPC","RG",0,2160.0,1000,"CC","F","KI","D",4968371,5139331,1928211
"2026-04-28T15:29:16.000000Z","2026-04-28T08:29:16.000000Z","IMPC","RG",0,2160.0,1000,"CC","F","KI","D",4968580,5139331,1928212
"2026-04-28T15:29:16.000000Z","2026-04-28T08:29:16.000000Z","IMPC","RG",0,2160.0,400,"YP","D","KI","D",4981211,5139331,1928213
"2026-04-28T15:29:16.000000Z","2026-04-28T08:29:16.000000Z","IMPC","RG",0,2160.0,700,"CC","F","KI","D",4981395,5139331,1928214
"2026-04-28T15:29:16.000000Z","2026-04-28T08:29:16.000000Z","IMPC","RG",0,2160.0,3300,"LG","D","KI","D",4999059,5139331,1928215
"2026-04-28T15:29:24.000000Z","2026-04-28T08:29:24.000000Z","IMPC","RG",0,2160.0,2200,"--","-","--","-",4999059,0,1929068
"2026-04-28T15:29:24.000000Z","2026-04-28T08:29:24.000000Z","IMPC","RG",0,2160.0,2500,"--","-","--","-",5000782,0,1929069
"2026-04-28T15:29:24.000000Z","2026-04-28T08:29:24.000000Z","IMPC","RG",0,2160.0,8200,"--","-","--","-",5003926,0,1929070
"2026-04-28T15:29:46.000000Z","2026-04-28T08:29:46.000000Z","IMPC","RG",0,2160.0,3400,"CC","D","AK","F",5003926,5150759,1931115
"2026-04-28T15:29:47.000000Z","2026-04-28T08:29:47.000000Z","IMPC","RG",0,2160.0,100,"--","-","--","-",5003926,0,1931203
"2026-04-28T15:29:49.000000Z","2026-04-28T08:29:49.000000Z","IMPC","RG",0,2160.0,2100,"--","-","--","-",5003926,0,1931325
"2026-04-28T15:29:49.000000Z","2026-04-28T08:29:49.000000Z","IMPC","RG",0,2160.0,9100,"--","-","--","-",5003926,0,1931340
"2026-04-28T15:29:49.000000Z","2026-04-28T08:29:49.000000Z","IMPC","RG",0,2160.0,9100,"--","-","--","-",5003926,0,1931356
"2026-04-28T15:30:00.000000Z","2026-04-28T08:30:00.000000Z","IMPC","RG",0,2160.0,10000,"--","-","--","-",5003926,0,1932038
"2026-04-28T15:30:28.000000Z","2026-04-28T08:30:28.000000Z","IMPC","RG",0,2160.0,3000,"CC","D","AK","F",5003926,5166856,1935021
"2026-04-28T15:30:28.000000Z","2026-04-28T08:30:28.000000Z","IMPC","RG",0,2160.0,1000,"CC","F","AK","F",5004162,5166856,1935022
"2026-04-28T15:30:46.000000Z","2026-04-28T08:30:46.000000Z","IMPC","RG",0,2160.0,200,"PD","D","XL","D",5004203,5173512,1936549
"2026-04-28T15:30:46.000000Z","2026-04-28T08:30:46.000000Z","IMPC","RG",0,2160.0,1200,"CC","F","XL","D",5004696,5173512,1936550
"2026-04-28T15:30:46.000000Z","2026-04-28T08:30:46.000000Z","IMPC","RG",0,2160.0,1200,"CC","F","XL","D",5004936,5173512,1936551
"2026-04-28T15:30:46.000000Z","2026-04-28T08:30:46.000000Z","IMPC","RG",0,2160.0,100,"ZP","F","XL","D",5038726,5173512,1936552
"2026-04-28T15:30:46.000000Z","2026-04-28T08:30:46.000000Z","IMPC","RG",0,2160.0,2300,"XL","D","XL","D",5039307,5173512,1936553
"2026-04-28T15:30:46.000000Z","2026-04-28T08:30:46.000000Z","IMPC","RG",0,2160.0,1000,"CC","D","XL","D",5046615,5173512,1936554
"2026-04-28T15:30:46.000000Z","2026-04-28T08:30:46.000000Z","IMPC","RG",0,2160.0,300,"XL","D","XL","D",5048734,5173512,1936555
"2026-04-28T15:30:46.000000Z","2026-04-28T08:30:46.000000Z","IMPC","RG",0,2160.0,200,"XL","D","XL","D",5051444,5173512,1936556
"2026-04-28T15:30:50.000000Z","2026-04-28T08:30:50.000000Z","IMPC","RG",0,2170.0,100,"AZ","D","KI","D",5174873,4320111,1936940
"2026-04-28T15:31:03.000000Z","2026-04-28T08:31:03.000000Z","IMPC","RG",0,2160.0,4500,"XL","D","AK","F",5051444,5179853,1938094
"2026-04-28T15:31:34.000000Z","2026-04-28T08:31:34.000000Z","IMPC","RG",0,2160.0,700,"XL","D","AK","F",5051444,5191581,1940742
"2026-04-28T15:31:34.000000Z","2026-04-28T08:31:34.000000Z","IMPC","RG",0,2160.0,2500,"XL","D","AK","F",5051444,5191585,1940743
"2026-04-28T15:31:39.000000Z","2026-04-28T08:31:39.000000Z","IMPC","RG",0,2160.0,2100,"XL","D","BK","F",5051444,5193179,1940976
"2026-04-28T15:31:39.000000Z","2026-04-28T08:31:39.000000Z","IMPC","RG",0,2160.0,100,"CC","D","BK","F",5080689,5193179,1940977
"2026-04-28T15:32:07.000000Z","2026-04-28T08:32:07.000000Z","IMPC","RG",0,2160.0,100,"CC","D","AK","F",5080689,5203423,1943052
"2026-04-28T15:32:07.000000Z","2026-04-28T08:32:07.000000Z","IMPC","RG",0,2160.0,2700,"XL","D","AK","F",5081362,5203423,1943053
"2026-04-28T15:32:07.000000Z","2026-04-28T08:32:07.000000Z","IMPC","RG",0,2160.0,1800,"XL","D","AK","F",5081362,5203424,1943054
"2026-04-28T15:32:07.000000Z","2026-04-28T08:32:07.000000Z","IMPC","RG",0,2160.0,15500,"XL","D","BK","F",5081362,5203457,1943088
"2026-04-28T15:32:07.000000Z","2026-04-28T08:32:07.000000Z","IMPC","RG",0,2160.0,800,"CC","F","BK","F",5081507,5203457,1943089
"2026-04-28T15:32:07.000000Z","2026-04-28T08:32:07.000000Z","IMPC","RG",0,2160.0,800,"CC","F","BK","F",5081747,5203457,1943090
"2026-04-28T15:32:07.000000Z","2026-04-28T08:32:07.000000Z","IMPC","RG",0,2160.0,900,"CC","F","BK","F",5082520,5203457,1943091
"2026-04-28T15:32:07.000000Z","2026-04-28T08:32:07.000000Z","IMPC","RG",0,2160.0,100,"ZP","F","BK","F",5093569,5203457,1943092
"2026-04-28T15:32:07.000000Z","2026-04-28T08:32:07.000000Z","IMPC","RG",0,2160.0,100,"SQ","D","BK","F",5104790,5203457,1943093
"2026-04-28T15:32:07.000000Z","2026-04-28T08:32:07.000000Z","IMPC","RG",0,2160.0,100,"XC","D","BK","F",5133775,5203457,1943094
"2026-04-28T15:32:07.000000Z","2026-04-28T08:32:07.000000Z","IMPC","RG",0,2160.0,100,"ZP","F","BK","F",5135795,5203457,1943095
"2026-04-28T15:32:07.000000Z","2026-04-28T08:32:07.000000Z","IMPC","RG",0,2160.0,1000,"XL","D","BK","F",5146659,5203457,1943096
"2026-04-28T15:32:07.000000Z","2026-04-28T08:32:07.000000Z","IMPC","RG",0,2160.0,300,"XL","D","BK","F",5150668,5203457,1943097
"2026-04-28T15:32:07.000000Z","2026-04-28T08:32:07.000000Z","IMPC","RG",0,2160.0,10000,"XL","D","BK","F",5160150,5203457,1943098
"2026-04-28T15:32:07.000000Z","2026-04-28T08:32:07.000000Z","IMPC","RG",0,2160.0,1400,"XC","D","BK","F",5171304,5203457,1943099
"2026-04-28T15:32:07.000000Z","2026-04-28T08:32:07.000000Z","IMPC","RG",0,2160.0,100,"ZP","F","BK","F",5176000,5203457,1943100
"2026-04-28T15:32:07.000000Z","2026-04-28T08:32:07.000000Z","IMPC","RG",0,2160.0,200,"XL","D","BK","F",5194024,5203457,1943101
"2026-04-28T15:32:07.000000Z","2026-04-28T08:32:07.000000Z","IMPC","RG",0,2160.0,1900,"XL","D","AK","F",5194024,5203498,1943128
"2026-04-28T15:32:07.000000Z","2026-04-28T08:32:07.000000Z","IMPC","RG",0,2160.0,200,"XL","D","AK","F",5199474,5203498,1943129
"2026-04-28T15:32:07.000000Z","2026-04-28T08:32:07.000000Z","IMPC","RG",0,2170.0,100,"ZP","F","KI","D",5203506,4320111,1943131
"2026-04-28T15:32:09.000000Z","2026-04-28T08:32:09.000000Z","IMPC","RG",0,2160.0,500,"XL","D","ZP","F",5204115,5203657,1944228
"2026-04-28T15:32:16.000000Z","2026-04-28T08:32:16.000000Z","IMPC","RG",0,2160.0,1000,"XC","D","ZP","F",5206933,5203657,1944704
"2026-04-28T15:32:37.000000Z","2026-04-28T08:32:37.000000Z","IMPC","RG",0,2150.0,100,"XL","D","XL","D",3863000,5214512,1946386
"2026-04-28T15:32:37.000000Z","2026-04-28T08:32:37.000000Z","IMPC","RG",0,2150.0,2600,"XL","D","AK","F",3863000,5214603,1946397
"2026-04-28T15:32:37.000000Z","2026-04-28T08:32:37.000000Z","IMPC","RG",0,2150.0,900,"XL","D","AK","F",3863000,5214604,1946398
"2026-04-28T15:32:54.000000Z","2026-04-28T08:32:54.000000Z","IMPC","RG",0,2160.0,2300,"YJ","D","ZP","F",5221564,5203657,1948271
"2026-04-28T15:32:54.000000Z","2026-04-28T08:32:54.000000Z","IMPC","RG",0,2160.0,3300,"YJ","D","AK","F",5221564,5203874,1948272
"2026-04-28T15:32:54.000000Z","2026-04-28T08:32:54.000000Z","IMPC","RG",0,2160.0,3700,"YJ","D","AK","F",5221564,5203875,1948273
"2026-04-28T15:32:54.000000Z","2026-04-28T08:32:54.000000Z","IMPC","RG",0,2160.0,700,"YJ","D","AK","F",5221564,5203876,1948274
"2026-04-28T15:33:10.000000Z","2026-04-28T08:33:10.000000Z","IMPC","RG",0,2150.0,100,"XL","D","XL","D",3863000,5227572,1949800
"2026-04-28T15:33:47.000000Z","2026-04-28T08:33:47.000000Z","IMPC","RG",0,2150.0,100,"XL","D","XL","D",3863000,5241852,1952996
"2026-04-28T15:34:11.000000Z","2026-04-28T08:34:11.000000Z","IMPC","RG",0,2150.0,900,"XL","D","AK","F",3863000,5251888,1955706
"2026-04-28T15:34:11.000000Z","2026-04-28T08:34:11.000000Z","IMPC","RG",0,2150.0,2500,"XL","D","AK","F",3863000,5251895,1955707
"2026-04-28T15:34:45.000000Z","2026-04-28T08:34:45.000000Z","IMPC","RG",0,2160.0,500,"XL","D","AK","F",5265050,5203880,1958757
"2026-04-28T15:34:45.000000Z","2026-04-28T08:34:45.000000Z","IMPC","RG",0,2160.0,700,"XL","D","AK","F",5265050,5203889,1958758
"2026-04-28T15:34:45.000000Z","2026-04-28T08:34:45.000000Z","IMPC","RG",0,2160.0,200,"XL","D","AK","F",5265050,5204192,1958759
"2026-04-28T15:34:45.000000Z","2026-04-28T08:34:45.000000Z","IMPC","RG",0,2160.0,200,"XL","D","AK","F",5265050,5204193,1958760
"2026-04-28T15:34:45.000000Z","2026-04-28T08:34:45.000000Z","IMPC","RG",0,2160.0,300,"XL","D","AK","F",5265050,5204194,1958761
"2026-04-28T15:34:45.000000Z","2026-04-28T08:34:45.000000Z","IMPC","RG",0,2160.0,200,"XL","D","AK","F",5265050,5204195,1958762
"2026-04-28T15:34:45.000000Z","2026-04-28T08:34:45.000000Z","IMPC","RG",0,2160.0,200,"XL","D","AK","F",5265050,5204202,1958763
"2026-04-28T15:34:45.000000Z","2026-04-28T08:34:45.000000Z","IMPC","RG",0,2160.0,200,"XL","D","AK","F",5265050,5204203,1958764
"2026-04-28T15:34:45.000000Z","2026-04-28T08:34:45.000000Z","IMPC","RG",0,2160.0,100,"XL","D","AK","F",5265050,5204204,1958765
"2026-04-28T15:34:45.000000Z","2026-04-28T08:34:45.000000Z","IMPC","RG",0,2160.0,100,"XL","D","AK","F",5265050,5251885,1958766
"2026-04-28T15:34:46.000000Z","2026-04-28T08:34:46.000000Z","IMPC","RG",0,2150.0,300,"XL","D","AK","F",3863000,5265099,1958784
"2026-04-28T15:34:46.000000Z","2026-04-28T08:34:46.000000Z","IMPC","RG",0,2150.0,700,"PD","D","AK","F",3884159,5265099,1958785
"2026-04-28T15:34:46.000000Z","2026-04-28T08:34:46.000000Z","IMPC","RG",0,2150.0,300,"PD","D","AK","F",3884159,5265101,1958786
"2026-04-28T15:34:46.000000Z","2026-04-28T08:34:46.000000Z","IMPC","RG",0,2150.0,2700,"GR","D","AK","F",3895971,5265101,1958787
"2026-04-28T15:34:53.000000Z","2026-04-28T08:34:53.000000Z","IMPC","RG",0,2150.0,900,"GR","D","BK","F",3895971,5267804,1959372
"2026-04-28T15:34:53.000000Z","2026-04-28T08:34:53.000000Z","IMPC","RG",0,2150.0,1000,"XL","D","BK","F",3904629,5267804,1959373
"2026-04-28T15:34:57.000000Z","2026-04-28T08:34:57.000000Z","IMPC","RG",0,2160.0,500,"NI","D","AK","F",5269581,5251885,1959762
"2026-04-28T15:34:57.000000Z","2026-04-28T08:34:57.000000Z","IMPC","RG",0,2160.0,100,"NI","D","AK","F",5269581,5265096,1959763
"2026-04-28T15:34:57.000000Z","2026-04-28T08:34:57.000000Z","IMPC","RG",0,2160.0,600,"NI","D","AK","F",5269581,5204208,1959764
"2026-04-28T15:34:57.000000Z","2026-04-28T08:34:57.000000Z","IMPC","RG",0,2160.0,300,"NI","D","AK","F",5269581,5204209,1959765
"2026-04-28T15:35:22.000000Z","2026-04-28T08:35:22.000000Z","IMPC","RG",0,2150.0,200,"XL","D","AK","F",3904629,5279446,1962311
"2026-04-28T15:35:22.000000Z","2026-04-28T08:35:22.000000Z","IMPC","RG",0,2150.0,100,"XL","D","AK","F",3915033,5279446,1962312
"2026-04-28T15:35:22.000000Z","2026-04-28T08:35:22.000000Z","IMPC","RG",0,2150.0,900,"XL","D","AK","F",3915033,5279450,1962313
"2026-04-28T15:35:22.000000Z","2026-04-28T08:35:22.000000Z","IMPC","RG",0,2150.0,2200,"XA","D","AK","F",3944286,5279450,1962314
"2026-04-28T15:35:32.000000Z","2026-04-28T08:35:32.000000Z","IMPC","RG",0,2160.0,7300,"XL","D","BK","F",5283296,5204941,1963038
"2026-04-28T15:35:32.000000Z","2026-04-28T08:35:32.000000Z","IMPC","RG",0,2160.0,100,"XL","D","BK","F",5283296,5205514,1963039
"2026-04-28T15:35:32.000000Z","2026-04-28T08:35:32.000000Z","IMPC","RG",0,2160.0,4600,"XL","D","XC","D",5283296,5208597,1963040
"2026-04-28T15:35:45.000000Z","2026-04-28T08:35:45.000000Z","IMPC","RG",0,2150.0,100,"XA","D","MG","D",3944286,5288175,1964068
"2026-04-28T15:35:57.000000Z","2026-04-28T08:35:57.000000Z","IMPC","RG",0,2150.0,2900,"XA","D","AK","F",3944286,5292421,1964922
"2026-04-28T15:35:57.000000Z","2026-04-28T08:35:57.000000Z","IMPC","RG",0,2150.0,900,"XA","D","AK","F",3944286,5292436,1964925
"2026-04-28T15:35:57.000000Z","2026-04-28T08:35:57.000000Z","IMPC","RG",0,2160.0,100,"XL","D","XC","D",5292589,5208597,1964951
"2026-04-28T15:36:05.000000Z","2026-04-28T08:36:05.000000Z","IMPC","RG",0,2150.0,11700,"XA","D","KK","D",3944286,5295364,1965652
"2026-04-28T15:36:18.000000Z","2026-04-28T08:36:18.000000Z","IMPC","RG",0,2160.0,9600,"XL","D","XC","D",5300231,5208597,1967061
"2026-04-28T15:36:18.000000Z","2026-04-28T08:36:18.000000Z","IMPC","RG",0,2160.0,10400,"XL","D","KI","D",5300231,5213298,1967062
"2026-04-28T15:36:43.000000Z","2026-04-28T08:36:43.000000Z","IMPC","RG",0,2150.0,1900,"XA","D","AK","F",3944286,5309719,1969512
"2026-04-28T15:36:45.000000Z","2026-04-28T08:36:45.000000Z","IMPC","RG",0,2160.0,1200,"XL","D","KI","D",5310568,5213298,1969772
"2026-04-28T15:36:45.000000Z","2026-04-28T08:36:45.000000Z","IMPC","RG",0,2160.0,3800,"XL","D","PD","D",5310568,5216449,1969773
"2026-04-28T15:36:56.000000Z","2026-04-28T08:36:56.000000Z","IMPC","RG",0,2150.0,300,"XA","D","AK","F",3944286,5314795,1970730
"2026-04-28T15:36:56.000000Z","2026-04-28T08:36:56.000000Z","IMPC","RG",0,2150.0,500,"XL","D","AK","F",3961956,5314795,1970731
"2026-04-28T15:36:56.000000Z","2026-04-28T08:36:56.000000Z","IMPC","RG",0,2150.0,100,"XC","D","AK","F",3962377,5314795,1970732
"2026-04-28T15:36:56.000000Z","2026-04-28T08:36:56.000000Z","IMPC","RG",0,2150.0,200,"XL","D","AK","F",3970411,5314795,1970733
"2026-04-28T15:36:56.000000Z","2026-04-28T08:36:56.000000Z","IMPC","RG",0,2150.0,2200,"CP","D","AK","F",4008332,5314795,1970734
"2026-04-28T15:37:00.000000Z","2026-04-28T08:37:00.000000Z","IMPC","RG",0,2160.0,1200,"DR","D","PD","D",5316210,5216449,1971015
"2026-04-28T15:37:00.000000Z","2026-04-28T08:37:00.000000Z","IMPC","RG",0,2160.0,3800,"DR","D","KI","D",5316210,5218391,1971016
"2026-04-28T15:37:34.000000Z","2026-04-28T08:37:34.000000Z","IMPC","RG",0,2150.0,2300,"CP","D","AK","F",4008332,5329155,1974053
"2026-04-28T15:37:53.000000Z","2026-04-28T08:37:53.000000Z","IMPC","RG",0,2160.0,100,"ZP","F","KI","D",5336786,5218391,1975993
"2026-04-28T15:37:58.000000Z","2026-04-28T08:37:58.000000Z","IMPC","RG",0,2150.0,3700,"CP","D","AK","F",4008332,5338893,1976480
"2026-04-28T15:38:35.000000Z","2026-04-28T08:38:35.000000Z","IMPC","RG",0,2150.0,3500,"CP","D","AK","F",4008332,5353543,1979991
"2026-04-28T15:38:55.000000Z","2026-04-28T08:38:55.000000Z","IMPC","RG",0,2160.0,10000,"YP","D","KI","D",5361183,5218391,1981927
"2026-04-28T15:38:59.000000Z","2026-04-28T08:38:59.000000Z","IMPC","RG",0,2160.0,1000,"XL","D","KI","D",5362522,5218391,1982263
"2026-04-28T15:39:08.000000Z","2026-04-28T08:39:08.000000Z","IMPC","RG",0,2160.0,100,"ZP","F","KI","D",5366047,5218391,1983284
"2026-04-28T15:39:13.000000Z","2026-04-28T08:39:13.000000Z","IMPC","RG",0,2150.0,3200,"CP","D","AK","F",4008332,5368117,1983805
"2026-04-28T15:39:31.000000Z","2026-04-28T08:39:31.000000Z","IMPC","RG",0,2160.0,6400,"XL","D","KI","D",5374819,5218391,1985238
"2026-04-28T15:39:31.000000Z","2026-04-28T08:39:31.000000Z","IMPC","RG",0,2160.0,8100,"XL","D","KI","D",5374819,5222986,1985239
"2026-04-28T15:39:31.000000Z","2026-04-28T08:39:31.000000Z","IMPC","RG",0,2160.0,300,"XL","D","AK","F",5374819,5227139,1985240
"2026-04-28T15:39:31.000000Z","2026-04-28T08:39:31.000000Z","IMPC","RG",0,2160.0,5200,"XL","D","KI","D",5374819,5229035,1985241
"2026-04-28T15:39:35.000000Z","2026-04-28T08:39:35.000000Z","IMPC","RG",0,2160.0,1000,"XL","D","KI","D",5376799,5229035,1986052
"2026-04-28T15:39:40.000000Z","2026-04-28T08:39:40.000000Z","IMPC","RG",0,2150.0,1000,"CP","D","PD","D",4008332,5378407,1986452
"2026-04-28T15:39:40.000000Z","2026-04-28T08:39:40.000000Z","IMPC","RG",0,2150.0,24100,"CP","D","PD","D",4008332,5378554,1986598
"2026-04-28T15:39:40.000000Z","2026-04-28T08:39:40.000000Z","IMPC","RG",0,2150.0,1900,"XL","D","PD","D",4048705,5378554,1986599
"2026-04-28T15:39:41.000000Z","2026-04-28T08:39:41.000000Z","IMPC","RG",0,2160.0,600,"CC","F","KI","D",5378953,5229035,1986793
"2026-04-28T15:39:41.000000Z","2026-04-28T08:39:41.000000Z","IMPC","RG",0,2160.0,600,"CC","F","KI","D",5379177,5229035,1986830
"2026-04-28T15:39:44.000000Z","2026-04-28T08:39:44.000000Z","IMPC","RG",0,2160.0,600,"CC","F","KI","D",5380080,5229035,1986965
"2026-04-28T15:39:44.000000Z","2026-04-28T08:39:44.000000Z","IMPC","RG",0,2150.0,500,"XL","D","AK","F",4048705,5380145,1987050
"2026-04-28T15:39:44.000000Z","2026-04-28T08:39:44.000000Z","IMPC","RG",0,2150.0,1000,"XL","D","AK","F",4053698,5380145,1987051
"2026-04-28T15:39:44.000000Z","2026-04-28T08:39:44.000000Z","IMPC","RG",0,2150.0,200,"CC","D","AK","F",4085868,5380145,1987052
"2026-04-28T15:39:44.000000Z","2026-04-28T08:39:44.000000Z","IMPC","RG",0,2150.0,100,"XL","D","AK","F",4118647,5380145,1987053
"2026-04-28T15:39:44.000000Z","2026-04-28T08:39:44.000000Z","IMPC","RG",0,2150.0,1000,"XL","D","AK","F",4125012,5380145,1987054
"2026-04-28T15:39:44.000000Z","2026-04-28T08:39:44.000000Z","IMPC","RG",0,2150.0,900,"XC","D","AK","F",4154955,5380145,1987055
"2026-04-28T15:39:51.000000Z","2026-04-28T08:39:51.000000Z","IMPC","RG",0,2150.0,1100,"XC","D","BK","F",4154955,5383084,1988097
"2026-04-28T15:39:51.000000Z","2026-04-28T08:39:51.000000Z","IMPC","RG",0,2150.0,1200,"GR","D","BK","F",4188059,5383084,1988098
"2026-04-28T15:40:17.000000Z","2026-04-28T08:40:17.000000Z","IMPC","RG",0,2150.0,3400,"GR","D","AK","F",4188059,5394431,1993098
"2026-04-28T15:40:17.000000Z","2026-04-28T08:40:17.000000Z","IMPC","RG",0,2160.0,200,"ZP","F","KI","D",5394697,5229035,1993299
"2026-04-28T15:40:31.000000Z","2026-04-28T08:40:31.000000Z","IMPC","RG",0,2160.0,100,"CC","D","KI","D",5401359,5229035,1995808
"2026-04-28T15:40:44.000000Z","2026-04-28T08:40:44.000000Z","IMPC","RG",0,2150.0,400,"GR","D","AK","F",4188059,5407402,1998008
"2026-04-28T15:40:44.000000Z","2026-04-28T08:40:44.000000Z","IMPC","RG",0,2150.0,3200,"PD","D","AK","F",4334624,5407402,1998009
"2026-04-28T15:40:44.000000Z","2026-04-28T08:40:44.000000Z","IMPC","RG",0,2150.0,2000,"PD","D","AK","F",4334624,5407407,1998013
"2026-04-28T15:40:47.000000Z","2026-04-28T08:40:47.000000Z","IMPC","RG",0,2150.0,1000,"PD","D","YP","D",4334624,5408742,1998479
"2026-04-28T15:40:51.000000Z","2026-04-28T08:40:51.000000Z","IMPC","RG",0,2160.0,4600,"XL","D","KI","D",5410944,5229035,1999132
"2026-04-28T15:40:51.000000Z","2026-04-28T08:40:51.000000Z","IMPC","RG",0,2160.0,8600,"XL","D","KI","D",5410944,5230116,1999133
"2026-04-28T15:40:51.000000Z","2026-04-28T08:40:51.000000Z","IMPC","RG",0,2160.0,3900,"XL","D","ZP","F",5410944,5230206,1999134
"2026-04-28T15:40:51.000000Z","2026-04-28T08:40:51.000000Z","IMPC","RG",0,2160.0,2200,"XL","D","BK","F",5410944,5231202,1999135
"2026-04-28T15:40:51.000000Z","2026-04-28T08:40:51.000000Z","IMPC","RG",0,2160.0,700,"XL","D","KK","D",5410944,5234663,1999136
"2026-04-28T15:41:14.000000Z","2026-04-28T08:41:14.000000Z","IMPC","RG",0,2150.0,2700,"PD","D","AK","F",4334624,5420976,2002322
"2026-04-28T15:41:22.000000Z","2026-04-28T08:41:22.000000Z","IMPC","RG",0,2150.0,1000,"PD","D","XL","D",4334624,5424393,2003520
"2026-04-28T15:41:30.000000Z","2026-04-28T08:41:30.000000Z","IMPC","RG",0,2160.0,100,"ZP","F","KK","D",5427557,5234663,2004296
"2026-04-28T15:41:30.000000Z","2026-04-28T08:41:30.000000Z","IMPC","RG",0,2150.0,3900,"PD","D","AK","F",4334624,5427676,2004323
"2026-04-28T15:41:48.000000Z","2026-04-28T08:41:48.000000Z","IMPC","RG",0,2160.0,4200,"XL","D","KK","D",5435500,5234663,2006740
"2026-04-28T15:41:48.000000Z","2026-04-28T08:41:48.000000Z","IMPC","RG",0,2160.0,9800,"XL","D","XL","D",5435500,5234951,2006741
"2026-04-28T15:41:54.000000Z","2026-04-28T08:41:54.000000Z","IMPC","RG",0,2150.0,1200,"--","-","--","-",4334624,0,2007271
"2026-04-28T15:41:54.000000Z","2026-04-28T08:41:54.000000Z","IMPC","RG",0,2150.0,900,"--","-","--","-",4355105,0,2007272
"2026-04-28T15:41:54.000000Z","2026-04-28T08:41:54.000000Z","IMPC","RG",0,2150.0,1600,"--","-","--","-",4355105,0,2007285
"2026-04-28T15:41:54.000000Z","2026-04-28T08:41:54.000000Z","IMPC","RG",0,2150.0,100,"--","-","--","-",4364896,0,2007286
"2026-04-28T15:41:54.000000Z","2026-04-28T08:41:54.000000Z","IMPC","RG",0,2150.0,2000,"--","-","--","-",4365321,0,2007287
"2026-04-28T15:41:54.000000Z","2026-04-28T08:41:54.000000Z","IMPC","RG",0,2150.0,100,"--","-","--","-",4379270,0,2007288
"2026-04-28T15:42:10.000000Z","2026-04-28T08:42:10.000000Z","IMPC","RG",0,2160.0,900,"--","-","--","-",0,5234951,2009154
"2026-04-28T15:42:13.000000Z","2026-04-28T08:42:13.000000Z","IMPC","RG",0,2150.0,3500,"MG","D","AK","F",4379270,5446045,2009607
"2026-04-28T15:42:37.000000Z","2026-04-28T08:42:37.000000Z","IMPC","RG",0,2150.0,1100,"MG","D","AK","F",4379270,5455700,2011869
"2026-04-28T15:42:37.000000Z","2026-04-28T08:42:37.000000Z","IMPC","RG",0,2150.0,2600,"CP","D","AK","F",4382045,5455700,2011870
"2026-04-28T15:42:38.000000Z","2026-04-28T08:42:38.000000Z","IMPC","RG",0,2150.0,7400,"CP","D","MG","D",4382045,5456368,2012119
"2026-04-28T15:42:38.000000Z","2026-04-28T08:42:38.000000Z","IMPC","RG",0,2150.0,600,"XC","D","MG","D",4465782,5456368,2012120
"2026-04-28T15:42:38.000000Z","2026-04-28T08:42:38.000000Z","IMPC","RG",0,2150.0,2000,"TP","D","MG","D",4466760,5456368,2012121
"2026-04-28T15:42:40.000000Z","2026-04-28T08:42:40.000000Z","IMPC","RG",0,2160.0,7300,"XL","D","XL","D",5457135,5234951,2012553
"2026-04-28T15:42:40.000000Z","2026-04-28T08:42:40.000000Z","IMPC","RG",0,2160.0,12700,"XL","D","YU","F",5457135,5249359,2012554
"2026-04-28T15:42:40.000000Z","2026-04-28T08:42:40.000000Z","IMPC","RG",0,2160.0,100,"ZP","F","YU","F",5457249,5249359,2012597
"2026-04-28T15:42:40.000000Z","2026-04-28T08:42:40.000000Z","IMPC","RG",0,2160.0,1000,"CC","F","YU","F",5457294,5249359,2012601
"2026-04-28T15:42:41.000000Z","2026-04-28T08:42:41.000000Z","IMPC","RG",0,2160.0,900,"CC","F","YU","F",5457474,5249359,2012632
"2026-04-28T15:42:43.000000Z","2026-04-28T08:42:43.000000Z","IMPC","RG",0,2160.0,1500,"XL","D","YU","F",5458295,5249359,2012974
"2026-04-28T15:42:49.000000Z","2026-04-28T08:42:49.000000Z","IMPC","RG",0,2150.0,2000,"--","-","--","-",4476436,0,2013773
"2026-04-28T15:42:49.000000Z","2026-04-28T08:42:49.000000Z","IMPC","RG",0,2150.0,200,"--","-","--","-",4489317,0,2013774
"2026-04-28T15:42:52.000000Z","2026-04-28T08:42:52.000000Z","IMPC","RG",0,2160.0,22800,"XL","D","YU","F",5461850,5249359,2014050
"2026-04-28T15:42:52.000000Z","2026-04-28T08:42:52.000000Z","IMPC","RG",0,2160.0,8400,"XL","D","BK","F",5461850,5249904,2014051
"2026-04-28T15:42:52.000000Z","2026-04-28T08:42:52.000000Z","IMPC","RG",0,2160.0,2100,"XL","D","BK","F",5461850,5252913,2014052
"2026-04-28T15:42:52.000000Z","2026-04-28T08:42:52.000000Z","IMPC","RG",0,2160.0,200,"XL","D","AK","F",5461850,5256204,2014053
"2026-04-28T15:42:52.000000Z","2026-04-28T08:42:52.000000Z","IMPC","RG",0,2160.0,8200,"XL","D","BK","F",5461850,5257659,2014054
"2026-04-28T15:42:52.000000Z","2026-04-28T08:42:52.000000Z","IMPC","RG",0,2160.0,3100,"XL","D","AK","F",5461850,5261610,2014055
"2026-04-28T15:42:52.000000Z","2026-04-28T08:42:52.000000Z","IMPC","RG",0,2160.0,3200,"XL","D","BK","F",5461850,5267327,2014056
"2026-04-28T15:42:52.000000Z","2026-04-28T08:42:52.000000Z","IMPC","RG",0,2160.0,3400,"XL","D","AK","F",5461850,5273871,2014057
"2026-04-28T15:42:52.000000Z","2026-04-28T08:42:52.000000Z","IMPC","RG",0,2160.0,900,"XL","D","BK","F",5461850,5275390,2014058
"2026-04-28T15:42:52.000000Z","2026-04-28T08:42:52.000000Z","IMPC","RG",0,2160.0,3100,"XL","D","AK","F",5461850,5288279,2014059
"2026-04-28T15:42:52.000000Z","2026-04-28T08:42:52.000000Z","IMPC","RG",0,2160.0,800,"XL","D","BK","F",5461850,5294559,2014060
"2026-04-28T15:42:52.000000Z","2026-04-28T08:42:52.000000Z","IMPC","RG",0,2160.0,10000,"XL","D","YP","D",5461850,5295624,2014061
"2026-04-28T15:42:52.000000Z","2026-04-28T08:42:52.000000Z","IMPC","RG",0,2160.0,100,"XL","D","CP","D",5461850,5296827,2014062
"2026-04-28T15:42:52.000000Z","2026-04-28T08:42:52.000000Z","IMPC","RG",0,2160.0,12000,"XL","D","YP","D",5461850,5298867,2014063
"2026-04-28T15:42:52.000000Z","2026-04-28T08:42:52.000000Z","IMPC","RG",0,2160.0,1100,"XL","D","BK","F",5461850,5300362,2014064
"2026-04-28T15:42:52.000000Z","2026-04-28T08:42:52.000000Z","IMPC","RG",0,2160.0,3100,"XL","D","AK","F",5461850,5304208,2014065
"2026-04-28T15:42:52.000000Z","2026-04-28T08:42:52.000000Z","IMPC","RG",0,2160.0,25000,"XL","D","YP","D",5461850,5309616,2014066
"2026-04-28T15:42:52.000000Z","2026-04-28T08:42:52.000000Z","IMPC","RG",0,2160.0,1000,"XL","D","BK","F",5461850,5310534,2014067
"2026-04-28T15:42:52.000000Z","2026-04-28T08:42:52.000000Z","IMPC","RG",0,2160.0,3100,"XL","D","YP","D",5461850,5314051,2014068
"2026-04-28T15:42:52.000000Z","2026-04-28T08:42:52.000000Z","IMPC","RG",0,2160.0,18900,"AK","F","YP","D",5461870,5314051,2014071
"2026-04-28T15:42:52.000000Z","2026-04-28T08:42:52.000000Z","IMPC","RG",0,2160.0,1200,"AK","F","BK","F",5461870,5315713,2014072
"2026-04-28T15:42:52.000000Z","2026-04-28T08:42:52.000000Z","IMPC","RG",0,2160.0,200,"AK","F","AK","F",5461870,5321223,2014073
"2026-04-28T15:42:52.000000Z","2026-04-28T08:42:52.000000Z","IMPC","RG",0,2160.0,900,"AK","F","BK","F",5461870,5460730,2014074
"2026-04-28T15:42:52.000000Z","2026-04-28T08:42:52.000000Z","IMPC","RG",0,2160.0,3100,"AK","F","AK","F",5461870,5325797,2014075
"2026-04-28T15:42:52.000000Z","2026-04-28T08:42:52.000000Z","IMPC","RG",0,2160.0,1200,"AK","F","BK","F",5461870,5327177,2014076
"2026-04-28T15:42:52.000000Z","2026-04-28T08:42:52.000000Z","IMPC","RG",0,2160.0,200,"AK","F","AK","F",5461870,5333265,2014077
"2026-04-28T15:42:52.000000Z","2026-04-28T08:42:52.000000Z","IMPC","RG",0,2160.0,12900,"AK","F","KI","D",5461870,5354217,2014078
"2026-04-28T15:42:52.000000Z","2026-04-28T08:42:52.000000Z","IMPC","RG",0,2160.0,7600,"AK","F","KI","D",5461870,5359011,2014079
"2026-04-28T15:42:52.000000Z","2026-04-28T08:42:52.000000Z","IMPC","RG",0,2160.0,300,"AK","F","AK","F",5461870,5359094,2014080
"2026-04-28T15:42:52.000000Z","2026-04-28T08:42:52.000000Z","IMPC","RG",0,2160.0,200,"AK","F","AK","F",5461870,5372386,2014081
"2026-04-28T15:42:52.000000Z","2026-04-28T08:42:52.000000Z","IMPC","RG",0,2160.0,7200,"AK","F","KI","D",5461870,5403329,2014082
"2026-04-28T15:42:52.000000Z","2026-04-28T08:42:52.000000Z","IMPC","RG",0,2160.0,9100,"AK","F","KI","D",5461870,5407301,2014083
"2026-04-28T15:42:52.000000Z","2026-04-28T08:42:52.000000Z","IMPC","RG",0,2160.0,3700,"AK","F","ZP","F",5461870,5411231,2014084
"2026-04-28T15:42:52.000000Z","2026-04-28T08:42:52.000000Z","IMPC","RG",0,2160.0,9100,"AK","F","KI","D",5461870,5411260,2014085
"2026-04-28T15:42:52.000000Z","2026-04-28T08:42:52.000000Z","IMPC","RG",0,2160.0,3300,"AK","F","AK","F",5461870,5416459,2014086
"2026-04-28T15:42:52.000000Z","2026-04-28T08:42:52.000000Z","IMPC","RG",0,2160.0,14400,"AK","F","KI","D",5461870,5421297,2014087
"2026-04-28T15:42:52.000000Z","2026-04-28T08:42:52.000000Z","IMPC","RG",0,2160.0,200,"AK","F","AK","F",5461870,5424494,2014088
"2026-04-28T15:42:52.000000Z","2026-04-28T08:42:52.000000Z","IMPC","RG",0,2160.0,23500,"AK","F","KI","D",5461870,5427377,2014089
"2026-04-28T15:42:52.000000Z","2026-04-28T08:42:52.000000Z","IMPC","RG",0,2160.0,32800,"AK","F","CP","D",5461870,5436021,2014090
"2026-04-28T15:42:52.000000Z","2026-04-28T08:42:52.000000Z","IMPC","RG",0,2160.0,127200,"AK","F","CP","D",5461871,5436021,2014091
"2026-04-28T15:42:52.000000Z","2026-04-28T08:42:52.000000Z","IMPC","RG",0,2160.0,5800,"AK","F","AK","F",5461917,5461899,2014099
"2026-04-28T15:42:53.000000Z","2026-04-28T08:42:53.000000Z","IMPC","RG",0,2170.0,3900,"CC","F","KI","D",5462350,4320111,2014242
"2026-04-28T15:42:53.000000Z","2026-04-28T08:42:53.000000Z","IMPC","RG",0,2170.0,100,"CC","F","CP","D",5462350,4377013,2014243
"2026-04-28T15:42:53.000000Z","2026-04-28T08:42:53.000000Z","IMPC","RG",0,2170.0,800,"CC","F","BK","F",5462350,4449625,2014244
"2026-04-28T15:42:53.000000Z","2026-04-28T08:42:53.000000Z","IMPC","RG",0,2170.0,1000,"CC","F","BK","F",5462350,4453330,2014245
"2026-04-28T15:42:53.000000Z","2026-04-28T08:42:53.000000Z","IMPC","RG",0,2170.0,2000,"CC","F","BK","F",5462350,4468500,2014246
"2026-04-28T15:42:53.000000Z","2026-04-28T08:42:53.000000Z","IMPC","RG",0,2170.0,500,"CC","F","BK","F",5462557,4468500,2014287
"2026-04-28T15:42:53.000000Z","2026-04-28T08:42:53.000000Z","IMPC","RG",0,2170.0,700,"CC","F","BK","F",5462557,4475083,2014288
"2026-04-28T15:42:53.000000Z","2026-04-28T08:42:53.000000Z","IMPC","RG",0,2170.0,400,"CC","F","KK","D",5462557,4492158,2014289
"2026-04-28T15:42:53.000000Z","2026-04-28T08:42:53.000000Z","IMPC","RG",0,2170.0,6500,"CC","F","KI","D",5462557,4541066,2014290
"2026-04-28T15:42:55.000000Z","2026-04-28T08:42:55.000000Z","IMPC","RG",0,2170.0,7900,"CC","F","KI","D",5463548,4541066,2014651
"2026-04-28T15:42:55.000000Z","2026-04-28T08:42:55.000000Z","IMPC","RG",0,2170.0,700,"CC","F","BK","F",5463548,4587296,2014652
"2026-04-28T15:42:55.000000Z","2026-04-28T08:42:55.000000Z","IMPC","RG",0,2170.0,500,"CC","F","BK","F",5463548,4592240,2014653
"2026-04-28T15:43:22.000000Z","2026-04-28T08:43:22.000000Z","IMPC","RG",0,2170.0,400,"XL","D","BK","F",5475091,4592240,2018132
"2026-04-28T15:43:22.000000Z","2026-04-28T08:43:22.000000Z","IMPC","RG",0,2170.0,1100,"XL","D","XL","D",5475091,4663099,2018133
"2026-04-28T15:43:58.000000Z","2026-04-28T08:43:58.000000Z","IMPC","RG",0,2170.0,1700,"XL","D","XL","D",5490135,4663099,2022304
"2026-04-28T15:43:58.000000Z","2026-04-28T08:43:58.000000Z","IMPC","RG",0,2170.0,800,"XL","D","BK","F",5490135,4706306,2022305
"2026-04-28T15:43:58.000000Z","2026-04-28T08:43:58.000000Z","IMPC","RG",0,2170.0,10300,"XL","D","KI","D",5490135,4726792,2022306
"2026-04-28T15:43:59.000000Z","2026-04-28T08:43:59.000000Z","IMPC","RG",0,2160.0,100,"ZP","F","ZP","F",5462311,5490301,2022386
"2026-04-28T15:43:59.000000Z","2026-04-28T08:43:59.000000Z","IMPC","RG",0,2160.0,200,"ZP","F","ZP","F",5462524,5490301,2022387
"2026-04-28T15:43:59.000000Z","2026-04-28T08:43:59.000000Z","IMPC","RG",0,2160.0,3300,"CP","D","ZP","F",5465128,5490301,2022388
"2026-04-28T15:44:07.000000Z","2026-04-28T08:44:07.000000Z","IMPC","RG",0,2170.0,13200,"XL","D","KI","D",5493524,4726792,2023333
"2026-04-28T15:44:07.000000Z","2026-04-28T08:44:07.000000Z","IMPC","RG",0,2170.0,12000,"XL","D","KI","D",5493524,4728377,2023334
"2026-04-28T15:44:07.000000Z","2026-04-28T08:44:07.000000Z","IMPC","RG",0,2170.0,1600,"XL","D","BK","F",5493524,4893933,2023335
"2026-04-28T15:44:07.000000Z","2026-04-28T08:44:07.000000Z","IMPC","RG",0,2170.0,500,"XL","D","BK","F",5493524,4906298,2023336
"2026-04-28T15:44:07.000000Z","2026-04-28T08:44:07.000000Z","IMPC","RG",0,2170.0,900,"XL","D","YP","D",5493524,4925496,2023337
"2026-04-28T15:44:07.000000Z","2026-04-28T08:44:07.000000Z","IMPC","RG",0,2170.0,100,"XL","D","XC","D",5493524,4961514,2023338
"2026-04-28T15:44:07.000000Z","2026-04-28T08:44:07.000000Z","IMPC","RG",0,2170.0,2100,"XL","D","YP","D",5493524,5022402,2023339
"2026-04-28T15:44:07.000000Z","2026-04-28T08:44:07.000000Z","IMPC","RG",0,2170.0,6600,"XL","D","KI","D",5493524,5026430,2023340
"2026-04-28T15:44:23.000000Z","2026-04-28T08:44:23.000000Z","IMPC","RG",0,2170.0,4900,"XL","D","KI","D",5500328,5026430,2024987
"2026-04-28T15:44:31.000000Z","2026-04-28T08:44:31.000000Z","IMPC","RG",0,2160.0,800,"CP","D","PD","D",5465128,5504012,2025914
"2026-04-28T15:44:35.000000Z","2026-04-28T08:44:35.000000Z","IMPC","RG",0,2160.0,600,"CP","D","XL","D",5465128,5505578,2026404
"2026-04-28T15:44:35.000000Z","2026-04-28T08:44:35.000000Z","IMPC","RG",0,2160.0,100,"PD","D","XL","D",5465617,5505578,2026405
"2026-04-28T15:44:35.000000Z","2026-04-28T08:44:35.000000Z","IMPC","RG",0,2160.0,400,"CC","F","XL","D",5465776,5505578,2026406
"2026-04-28T15:44:59.000000Z","2026-04-28T08:44:59.000000Z","IMPC","RG",0,2160.0,2200,"--","-","--","-",5465776,0,2029281
"2026-04-28T15:45:17.000000Z","2026-04-28T08:45:17.000000Z","IMPC","RG",0,2160.0,3000,"CC","F","XC","D",5465776,5524560,2031455
"2026-04-28T15:45:17.000000Z","2026-04-28T08:45:17.000000Z","IMPC","RG",0,2160.0,5500,"CC","F","XC","D",5465930,5524560,2031456
"2026-04-28T15:45:17.000000Z","2026-04-28T08:45:17.000000Z","IMPC","RG",0,2160.0,100,"CC","F","XC","D",5466925,5524560,2031457
"2026-04-28T15:45:44.000000Z","2026-04-28T08:45:44.000000Z","IMPC","RG",0,2160.0,200,"CC","F","AK","F",5466925,5535871,2035212
"2026-04-28T15:45:44.000000Z","2026-04-28T08:45:44.000000Z","IMPC","RG",0,2160.0,3500,"CC","F","AK","F",5466925,5535880,2035213
"2026-04-28T15:45:52.000000Z","2026-04-28T08:45:52.000000Z","IMPC","RG",0,2160.0,1700,"CC","F","BK","F",5466925,5539323,2036166
"2026-04-28T15:45:52.000000Z","2026-04-28T08:45:52.000000Z","IMPC","RG",0,2160.0,500,"XL","D","BK","F",5482131,5539323,2036167
"2026-04-28T15:45:54.000000Z","2026-04-28T08:45:54.000000Z","IMPC","RG",0,2160.0,500,"XL","D","PD","D",5482131,5539866,2036368
"2026-04-28T15:45:54.000000Z","2026-04-28T08:45:54.000000Z","IMPC","RG",0,2160.0,100,"ZP","F","PD","D",5485859,5539866,2036369
"2026-04-28T15:45:54.000000Z","2026-04-28T08:45:54.000000Z","IMPC","RG",0,2160.0,100,"KK","D","PD","D",5494248,5539866,2036370
"2026-04-28T15:45:54.000000Z","2026-04-28T08:45:54.000000Z","IMPC","RG",0,2160.0,1300,"CC","F","PD","D",5494456,5539866,2036371
"2026-04-28T15:45:54.000000Z","2026-04-28T08:45:54.000000Z","IMPC","RG",0,2160.0,1000,"CC","F","PD","D",5494966,5539866,2036372
"2026-04-28T15:45:58.000000Z","2026-04-28T08:45:58.000000Z","IMPC","RG",0,2160.0,100,"CC","F","XL","D",5494966,5541842,2036987
"2026-04-28T15:45:59.000000Z","2026-04-28T08:45:59.000000Z","IMPC","RG",0,2170.0,9900,"PI","D","KI","D",5542115,5026430,2037101
"2026-04-28T15:45:59.000000Z","2026-04-28T08:45:59.000000Z","IMPC","RG",0,2170.0,7600,"PI","D","KI","D",5542115,5133507,2037102
"2026-04-28T15:45:59.000000Z","2026-04-28T08:45:59.000000Z","IMPC","RG",0,2170.0,2500,"PI","D","BK","F",5542115,5133970,2037103
"2026-04-28T15:46:10.000000Z","2026-04-28T08:46:10.000000Z","IMPC","RG",0,2160.0,300,"CC","F","AK","F",5494966,5546855,2038762
"2026-04-28T15:46:10.000000Z","2026-04-28T08:46:10.000000Z","IMPC","RG",0,2160.0,100,"CC","F","AK","F",5494966,5546859,2038765
"2026-04-28T15:46:10.000000Z","2026-04-28T08:46:10.000000Z","IMPC","RG",0,2160.0,1500,"CC","F","AK","F",5495139,5546859,2038766
"2026-04-28T15:46:10.000000Z","2026-04-28T08:46:10.000000Z","IMPC","RG",0,2160.0,1500,"XL","D","AK","F",5497244,5546859,2038767
"2026-04-28T15:46:19.000000Z","2026-04-28T08:46:19.000000Z","IMPC","RG",0,2170.0,1000,"XL","D","BK","F",5550989,5133970,2040058
"2026-04-28T15:46:32.000000Z","2026-04-28T08:46:32.000000Z","IMPC","RG",0,2160.0,3100,"XL","D","AK","F",5497244,5557483,2042170
"2026-04-28T15:46:37.000000Z","2026-04-28T08:46:37.000000Z","IMPC","RG",0,2170.0,400,"XL","D","BK","F",5559512,5133970,2043018
"2026-04-28T15:46:46.000000Z","2026-04-28T08:46:46.000000Z","IMPC","RG",0,2160.0,2000,"XL","D","BK","F",5497244,5563670,2044407
"2026-04-28T15:46:51.000000Z","2026-04-28T08:46:51.000000Z","IMPC","RG",0,2170.0,100,"--","-","--","-",0,5133970,2045124
"2026-04-28T15:46:51.000000Z","2026-04-28T08:46:51.000000Z","IMPC","RG",0,2170.0,500,"--","-","--","-",0,5162699,2045125
"2026-04-28T15:46:56.000000Z","2026-04-28T08:46:56.000000Z","IMPC","RG",0,2170.0,400,"XL","D","KI","D",5568295,5162699,2045636
"2026-04-28T15:46:56.000000Z","2026-04-28T08:46:56.000000Z","IMPC","RG",0,2160.0,2800,"XL","D","AK","F",5497244,5568451,2045668
"2026-04-28T15:46:56.000000Z","2026-04-28T08:46:56.000000Z","IMPC","RG",0,2160.0,500,"XL","D","AK","F",5497244,5568476,2045669
"2026-04-28T15:47:03.000000Z","2026-04-28T08:47:03.000000Z","IMPC","RG",0,2170.0,7300,"--","-","--","-",0,5162699,2046383
"2026-04-28T15:47:13.000000Z","2026-04-28T08:47:13.000000Z","IMPC","RG",0,2170.0,100,"ZP","F","KI","D",5575673,5162699,2047710
"2026-04-28T15:47:13.000000Z","2026-04-28T08:47:13.000000Z","IMPC","RG",0,2170.0,100,"ZP","F","KI","D",5575864,5162699,2047746
"2026-04-28T15:47:24.000000Z","2026-04-28T08:47:24.000000Z","IMPC","RG",0,2160.0,100,"XL","D","AK","F",5497244,5580282,2049159
"2026-04-28T15:47:24.000000Z","2026-04-28T08:47:24.000000Z","IMPC","RG",0,2160.0,100,"XL","D","AK","F",5507806,5580282,2049160
"2026-04-28T15:47:24.000000Z","2026-04-28T08:47:24.000000Z","IMPC","RG",0,2160.0,100,"ZP","F","AK","F",5509161,5580282,2049161
"2026-04-28T15:47:24.000000Z","2026-04-28T08:47:24.000000Z","IMPC","RG",0,2160.0,2800,"XC","D","AK","F",5518676,5580282,2049162
"2026-04-28T15:47:24.000000Z","2026-04-28T08:47:24.000000Z","IMPC","RG",0,2160.0,1000,"XC","D","AK","F",5518676,5580288,2049163
"2026-04-28T15:47:28.000000Z","2026-04-28T08:47:28.000000Z","IMPC","RG",0,2160.0,2200,"XC","D","BK","F",5518676,5582043,2049658
"2026-04-28T15:47:49.000000Z","2026-04-28T08:47:49.000000Z","IMPC","RG",0,2160.0,500,"XC","D","XL","D",5518676,5591617,2052834
"2026-04-28T15:47:56.000000Z","2026-04-28T08:47:56.000000Z","IMPC","RG",0,2160.0,1500,"--","-","--","-",5518676,0,2054138
"2026-04-28T15:48:21.000000Z","2026-04-28T08:48:21.000000Z","IMPC","RG",0,2160.0,3400,"--","-","--","-",5518676,0,2058938
"2026-04-28T15:48:21.000000Z","2026-04-28T08:48:21.000000Z","IMPC","RG",0,2160.0,300,"--","-","--","-",5518676,0,2058941
"2026-04-28T15:48:24.000000Z","2026-04-28T08:48:24.000000Z","IMPC","RG",0,2160.0,2200,"--","-","--","-",5518676,0,2059804
"2026-04-28T15:48:26.000000Z","2026-04-28T08:48:26.000000Z","IMPC","RG",0,2170.0,100,"BQ","D","KI","D",5610272,5162699,2060426
"2026-04-28T15:48:36.000000Z","2026-04-28T08:48:36.000000Z","IMPC","RG",0,2160.0,2900,"XC","D","CP","D",5518676,5615525,2062195
"2026-04-28T15:48:36.000000Z","2026-04-28T08:48:36.000000Z","IMPC","RG",0,2160.0,1000,"XL","D","CP","D",5518687,5615525,2062196
"2026-04-28T15:48:36.000000Z","2026-04-28T08:48:36.000000Z","IMPC","RG",0,2160.0,400,"CC","F","CP","D",5537219,5615525,2062197
"2026-04-28T15:48:36.000000Z","2026-04-28T08:48:36.000000Z","IMPC","RG",0,2160.0,400,"CC","F","CP","D",5536062,5615525,2062198
"2026-04-28T15:48:36.000000Z","2026-04-28T08:48:36.000000Z","IMPC","RG",0,2160.0,300,"CC","F","CP","D",5536249,5615525,2062199
"2026-04-28T15:48:36.000000Z","2026-04-28T08:48:36.000000Z","IMPC","RG",0,2160.0,100,"XL","D","CP","D",5520643,5615525,2062200
"2026-04-28T15:48:36.000000Z","2026-04-28T08:48:36.000000Z","IMPC","RG",0,2160.0,500,"XL","D","CP","D",5528845,5615525,2062201
"2026-04-28T15:48:36.000000Z","2026-04-28T08:48:36.000000Z","IMPC","RG",0,2160.0,100,"ZP","F","CP","D",5533480,5615525,2062202
"2026-04-28T15:48:36.000000Z","2026-04-28T08:48:36.000000Z","IMPC","RG",0,2160.0,4300,"XL","D","CP","D",5548136,5615525,2062203
"2026-04-28T15:48:49.000000Z","2026-04-28T08:48:49.000000Z","IMPC","RG",0,2160.0,12700,"XL","D","XL","D",5548136,5622647,2064824
"2026-04-28T15:48:50.000000Z","2026-04-28T08:48:50.000000Z","IMPC","RG",0,2160.0,9100,"XL","D","KI","D",5548136,5622886,2064890
"2026-04-28T15:48:50.000000Z","2026-04-28T08:48:50.000000Z","IMPC","RG",0,2160.0,3800,"XL","D","ZP","F",5548136,5623158,2064968
"2026-04-28T15:48:54.000000Z","2026-04-28T08:48:54.000000Z","IMPC","RG",0,2170.0,100,"ZP","F","KI","D",5624961,5162699,2065586
"2026-04-28T15:48:56.000000Z","2026-04-28T08:48:56.000000Z","IMPC","RG",0,2160.0,11800,"XL","D","KI","D",5548136,5626440,2066178
"2026-04-28T15:49:01.000000Z","2026-04-28T08:49:01.000000Z","IMPC","RG",0,2160.0,2000,"XL","D","BK","F",5548136,5629092,2067422
"2026-04-28T15:49:04.000000Z","2026-04-28T08:49:04.000000Z","IMPC","RG",0,2160.0,6300,"XL","D","KI","D",5548136,5630719,2068020
"2026-04-28T15:49:04.000000Z","2026-04-28T08:49:04.000000Z","IMPC","RG",0,2160.0,2000,"BK","F","KI","D",5551863,5630719,2068021
"2026-04-28T15:49:04.000000Z","2026-04-28T08:49:04.000000Z","IMPC","RG",0,2160.0,1800,"CC","F","KI","D",5610723,5630719,2068022
"2026-04-28T15:49:04.000000Z","2026-04-28T08:49:04.000000Z","IMPC","RG",0,2160.0,1800,"CC","F","KI","D",5611294,5630719,2068023
"2026-04-28T15:49:04.000000Z","2026-04-28T08:49:04.000000Z","IMPC","RG",0,2160.0,1600,"CC","F","KI","D",5614635,5630719,2068024
"2026-04-28T15:49:05.000000Z","2026-04-28T08:49:05.000000Z","IMPC","RG",0,2160.0,200,"CC","F","BK","F",5614635,5631380,2068214
"2026-04-28T15:49:05.000000Z","2026-04-28T08:49:05.000000Z","IMPC","RG",0,2160.0,500,"YP","D","XC","D",5555068,5631669,2068299
"2026-04-28T15:49:07.000000Z","2026-04-28T08:49:07.000000Z","IMPC","RG",0,2160.0,500,"YP","D","KI","D",5555068,5632549,2068731
"2026-04-28T15:49:07.000000Z","2026-04-28T08:49:07.000000Z","IMPC","RG",0,2160.0,10300,"XL","D","KI","D",5557676,5632549,2068732
"2026-04-28T15:49:15.000000Z","2026-04-28T08:49:15.000000Z","IMPC","RG",0,2160.0,500,"XL","D","XC","D",5557676,5636300,2070775
"2026-04-28T15:49:16.000000Z","2026-04-28T08:49:16.000000Z","IMPC","RG",0,2160.0,3100,"XL","D","KI","D",5557676,5636873,2071074
"2026-04-28T15:49:29.000000Z","2026-04-28T08:49:29.000000Z","IMPC","RG",0,2160.0,400,"XL","D","BK","F",5557676,5642440,2074124
"2026-04-28T15:49:45.000000Z","2026-04-28T08:49:45.000000Z","IMPC","RG",0,2160.0,200,"XL","D","BK","F",5557676,5649425,2078216
"2026-04-28T15:49:49.000000Z","2026-04-28T08:49:49.000000Z","IMPC","RG",0,2160.0,200,"XL","D","BK","F",5557676,5651142,2079318
"2026-04-28T15:49:56.000000Z","2026-04-28T08:49:56.000000Z","IMPC","RG",0,2170.0,200,"XL","D","AK","F",5653793,5461927,2080853
"2026-04-28T15:49:56.000000Z","2026-04-28T08:49:56.000000Z","IMPC","RG",0,2170.0,1800,"XL","D","ZP","F",5653793,5462154,2080854
"2026-04-28T16:00:00.000000Z","2026-04-28T09:00:00.000000Z","IMPC","RG",0,2150.0,6600,"XL","D","BQ","D",5665706,5711484,2100059
"2026-04-28T16:00:00.000000Z","2026-04-28T09:00:00.000000Z","IMPC","RG",0,2150.0,3400,"CP","D","BQ","D",5674917,5711484,2100060
"2026-04-28T16:00:00.000000Z","2026-04-28T09:00:00.000000Z","IMPC","RG",0,2150.0,500,"CP","D","LG","D",5674917,5679935,2100061
"2026-04-28T16:00:00.000000Z","2026-04-28T09:00:00.000000Z","IMPC","RG",0,2150.0,6100,"CP","D","CP","D",5674917,5662791,2100062
"2026-04-28T16:00:00.000000Z","2026-04-28T09:00:00.000000Z","IMPC","RG",0,2150.0,5000,"YP","D","CP","D",5675039,5662791,2100063
"2026-04-28T16:00:00.000000Z","2026-04-28T09:00:00.000000Z","IMPC","RG",0,2150.0,1000,"EP","D","CP","D",5687199,5662791,2100064
"2026-04-28T16:00:00.000000Z","2026-04-28T09:00:00.000000Z","IMPC","RG",0,2150.0,1000,"XL","D","CP","D",5694779,5662791,2100065
"2026-04-28T16:00:00.000000Z","2026-04-28T09:00:00.000000Z","IMPC","RG",0,2150.0,1200,"XL","D","CP","D",5703178,5662791,2100066
"2026-04-28T16:00:00.000000Z","2026-04-28T09:00:00.000000Z","IMPC","RG",0,2150.0,2500,"XL","D","CP","D",5703291,5662791,2100067
"2026-04-28T16:00:00.000000Z","2026-04-28T09:00:00.000000Z","IMPC","RG",0,2150.0,500,"YP","D","CP","D",5710853,5662791,2100068
"2026-04-28T16:00:00.000000Z","2026-04-28T09:00:00.000000Z","IMPC","RG",0,2150.0,4800,"OD","D","CP","D",5710893,5662791,2100069
"2026-04-28T16:00:00.000000Z","2026-04-28T09:00:00.000000Z","IMPC","RG",0,2150.0,1100,"XL","D","CP","D",5711537,5662791,2100070
"2026-04-28T16:00:00.000000Z","2026-04-28T09:00:00.000000Z","IMPC","RG",0,2150.0,4100,"CC","F","CP","D",5714436,5662791,2100071
"2026-04-28T16:00:00.000000Z","2026-04-28T09:00:00.000000Z","IMPC","RG",0,2150.0,5000,"CP","D","CP","D",5715856,5662791,2100072
"2026-04-28T16:00:00.000000Z","2026-04-28T09:00:00.000000Z","IMPC","RG",0,2150.0,700,"XC","D","CP","D",4489317,5662791,2100073
"2026-04-28T16:00:00.000000Z","2026-04-28T09:00:00.000000Z","IMPC","RG",0,2150.0,200,"XC","D","XL","D",5688692,5697657,2100002
"2026-04-28T16:00:00.000000Z","2026-04-28T09:00:00.000000Z","IMPC","RG",0,2150.0,2000,"XL","D","XL","D",5708215,5697657,2100003
"2026-04-28T16:00:00.000000Z","2026-04-28T09:00:00.000000Z","IMPC","RG",0,2150.0,1600,"XL","D","XL","D",5701276,5697657,2100004
"2026-04-28T16:00:00.000000Z","2026-04-28T09:00:00.000000Z","IMPC","RG",0,2150.0,300,"XL","D","AK","F",5701276,5662125,2100005
"2026-04-28T16:00:00.000000Z","2026-04-28T09:00:00.000000Z","IMPC","RG",0,2150.0,2000,"XL","D","AK","F",5701329,5662125,2100006
"2026-04-28T16:00:00.000000Z","2026-04-28T09:00:00.000000Z","IMPC","RG",0,2150.0,300,"ZP","F","AK","F",5657582,5662125,2100007
"2026-04-28T16:00:00.000000Z","2026-04-28T09:00:00.000000Z","IMPC","RG",0,2150.0,700,"XL","D","AK","F",5691410,5662125,2100008
"2026-04-28T16:00:00.000000Z","2026-04-28T09:00:00.000000Z","IMPC","RG",0,2150.0,400,"XL","D","AK","F",5691410,5662132,2100009
"2026-04-28T16:00:00.000000Z","2026-04-28T09:00:00.000000Z","IMPC","RG",0,2150.0,900,"XL","D","AK","F",5709919,5662132,2100010
"2026-04-28T16:00:00.000000Z","2026-04-28T09:00:00.000000Z","IMPC","RG",0,2150.0,500,"XL","D","AK","F",5685970,5662132,2100011
"2026-04-28T16:00:00.000000Z","2026-04-28T09:00:00.000000Z","IMPC","RG",0,2150.0,1800,"CC","F","AK","F",5714435,5662132,2100012
"2026-04-28T16:00:00.000000Z","2026-04-28T09:00:00.000000Z","IMPC","RG",0,2150.0,3400,"CC","F","AK","F",5714435,5662135,2100013
"2026-04-28T16:00:00.000000Z","2026-04-28T09:00:00.000000Z","IMPC","RG",0,2150.0,1200,"CC","F","AK","F",5714435,5662138,2100014
"2026-04-28T16:00:00.000000Z","2026-04-28T09:00:00.000000Z","IMPC","RG",0,2150.0,800,"XL","D","AK","F",5658664,5662138,2100015
"2026-04-28T16:00:00.000000Z","2026-04-28T09:00:00.000000Z","IMPC","RG",0,2150.0,300,"XL","D","AK","F",5666775,5662138,2100016
"2026-04-28T16:00:00.000000Z","2026-04-28T09:00:00.000000Z","IMPC","RG",0,2150.0,400,"XL","D","AK","F",5675344,5662138,2100017
"2026-04-28T16:00:00.000000Z","2026-04-28T09:00:00.000000Z","IMPC","RG",0,2150.0,100,"XL","D","AK","F",5688230,5662138,2100018
"2026-04-28T16:00:00.000000Z","2026-04-28T09:00:00.000000Z","IMPC","RG",0,2150.0,100,"PD","D","AK","F",5683641,5662138,2100019
"2026-04-28T16:00:00.000000Z","2026-04-28T09:00:00.000000Z","IMPC","RG",0,2150.0,700,"CC","F","AK","F",5714433,5662138,2100020
"2026-04-28T16:00:00.000000Z","2026-04-28T09:00:00.000000Z","IMPC","RG",0,2150.0,200,"CC","F","AK","F",5714433,5662142,2100021
"2026-04-28T16:00:00.000000Z","2026-04-28T09:00:00.000000Z","IMPC","RG",0,2150.0,3300,"CC","F","AK","F",5714433,5662189,2100022
"2026-04-28T16:00:00.000000Z","2026-04-28T09:00:00.000000Z","IMPC","RG",0,2150.0,10000,"XL","D","AK","F",5663086,5662189,2100023
"2026-04-28T16:00:00.000000Z","2026-04-28T09:00:00.000000Z","IMPC","RG",0,2150.0,100,"XL","D","AK","F",5671201,5662189,2100024
"2026-04-28T16:00:00.000000Z","2026-04-28T09:00:00.000000Z","IMPC","RG",0,2150.0,1500,"AI","D","AK","F",5674267,5662189,2100025
"2026-04-28T16:00:00.000000Z","2026-04-28T09:00:00.000000Z","IMPC","RG",0,2150.0,1100,"XL","D","AK","F",5676856,5662189,2100026
"2026-04-28T16:00:00.000000Z","2026-04-28T09:00:00.000000Z","IMPC","RG",0,2150.0,10000,"CP","D","AK","F",5681107,5662189,2100027
"2026-04-28T16:00:00.000000Z","2026-04-28T09:00:00.000000Z","IMPC","RG",0,2150.0,2400,"XL","D","AK","F",5684228,5662189,2100028
"2026-04-28T16:00:00.000000Z","2026-04-28T09:00:00.000000Z","IMPC","RG",0,2150.0,200,"XC","D","AK","F",5693514,5662189,2100029
"2026-04-28T16:00:00.000000Z","2026-04-28T09:00:00.000000Z","IMPC","RG",0,2150.0,100,"XL","D","AK","F",5696999,5662189,2100030
"2026-04-28T16:00:00.000000Z","2026-04-28T09:00:00.000000Z","IMPC","RG",0,2150.0,1000,"SQ","D","AK","F",5698818,5662189,2100031
"2026-04-28T16:00:00.000000Z","2026-04-28T09:00:00.000000Z","IMPC","RG",0,2150.0,200,"XL","D","AK","F",5700649,5662189,2100032
"2026-04-28T16:00:00.000000Z","2026-04-28T09:00:00.000000Z","IMPC","RG",0,2150.0,2500,"XL","D","AK","F",5706268,5662189,2100033
"2026-04-28T16:00:00.000000Z","2026-04-28T09:00:00.000000Z","IMPC","RG",0,2150.0,100,"XL","D","AK","F",5711744,5662189,2100034
"2026-04-28T16:00:00.000000Z","2026-04-28T09:00:00.000000Z","IMPC","RG",0,2150.0,1000,"XC","D","AK","F",5716444,5662189,2100035
"2026-04-28T16:00:00.000000Z","2026-04-28T09:00:00.000000Z","IMPC","RG",0,2150.0,3300,"XL","D","AK","F",5557676,5662189,2100036
"2026-04-28T16:00:00.000000Z","2026-04-28T09:00:00.000000Z","IMPC","RG",0,2150.0,2900,"XL","D","AK","F",5580407,5662189,2100037
"2026-04-28T16:00:00.000000Z","2026-04-28T09:00:00.000000Z","IMPC","RG",0,2150.0,500,"XL","D","AK","F",5614322,5662189,2100038
"2026-04-28T16:00:00.000000Z","2026-04-28T09:00:00.000000Z","IMPC","RG",0,2150.0,3000,"XL","D","AK","F",5638698,5662189,2100039
"2026-04-28T16:00:00.000000Z","2026-04-28T09:00:00.000000Z","IMPC","RG",0,2150.0,100,"XC","D","AK","F",5645955,5662189,2100040
"2026-04-28T16:00:00.000000Z","2026-04-28T09:00:00.000000Z","IMPC","RG",0,2150.0,5000,"XL","D","AK","F",5653234,5662189,2100041
"2026-04-28T16:00:00.000000Z","2026-04-28T09:00:00.000000Z","IMPC","RG",0,2150.0,4100,"PD","D","AK","F",5657848,5662189,2100042
"2026-04-28T16:00:00.000000Z","2026-04-28T09:00:00.000000Z","IMPC","RG",0,2150.0,600,"PD","D","AK","F",5657848,5662190,2100043
"2026-04-28T16:00:00.000000Z","2026-04-28T09:00:00.000000Z","IMPC","RG",0,2150.0,300,"PD","D","ZP","F",5657848,5661992,2100044
"2026-04-28T16:00:00.000000Z","2026-04-28T09:00:00.000000Z","IMPC","RG",0,2150.0,1400,"XL","D","ZP","F",5660179,5661992,2100045
"2026-04-28T16:00:00.000000Z","2026-04-28T09:00:00.000000Z","IMPC","RG",0,2150.0,5400,"XL","D","ZP","F",5660179,5667140,2100046
"2026-04-28T16:00:00.000000Z","2026-04-28T09:00:00.000000Z","IMPC","RG",0,2150.0,3200,"XL","D","ZP","F",5660179,5705059,2100047
"2026-04-28T16:00:00.000000Z","2026-04-28T09:00:00.000000Z","IMPC","RG",0,2150.0,600,"XL","D","ZP","F",5660179,5709960,2100048
"2026-04-28T16:00:00.000000Z","2026-04-28T09:00:00.000000Z","IMPC","RG",0,2150.0,600,"XL","D","ZP","F",5660179,5712202,2100049
"2026-04-28T16:00:00.000000Z","2026-04-28T09:00:00.000000Z","IMPC","RG",0,2150.0,100,"XL","D","ZP","F",5660179,5714862,2100050
"2026-04-28T16:00:00.000000Z","2026-04-28T09:00:00.000000Z","IMPC","RG",0,2150.0,3400,"XL","D","BK","F",5660179,5656012,2100051
"2026-04-28T16:00:00.000000Z","2026-04-28T09:00:00.000000Z","IMPC","RG",0,2150.0,300,"XL","D","BK","F",5660179,5656194,2100052
"2026-04-28T16:00:00.000000Z","2026-04-28T09:00:00.000000Z","IMPC","RG",0,2150.0,8900,"XL","D","BK","F",5665706,5656194,2100053
"2026-04-28T16:00:00.000000Z","2026-04-28T09:00:00.000000Z","IMPC","RG",0,2150.0,11400,"XL","D","BK","F",5665706,5699215,2100054
"2026-04-28T16:00:00.000000Z","2026-04-28T09:00:00.000000Z","IMPC","RG",0,2150.0,300,"XL","D","BK","F",5665706,5711574,2100055
"2026-04-28T16:00:00.000000Z","2026-04-28T09:00:00.000000Z","IMPC","RG",0,2150.0,100,"XL","D","BK","F",5665706,5714304,2100056
"2026-04-28T16:00:00.000000Z","2026-04-28T09:00:00.000000Z","IMPC","RG",0,2150.0,11400,"XL","D","YB","D",5665706,5707061,2100057
"2026-04-28T16:00:00.000000Z","2026-04-28T09:00:00.000000Z","IMPC","RG",0,2150.0,2300,"XL","D","CC","D",5665706,5663618,2100058
"2026-04-28T16:00:00.000000Z","2026-04-28T09:00:00.000000Z","IMPC","RG",0,2150.0,2300,"XC","D","XA","D",4489317,5675491,2100074
"2026-04-28T16:00:00.000000Z","2026-04-28T09:00:00.000000Z","IMPC","RG",0,2150.0,10000,"XL","D","XA","D",4509626,5675491,2100075
"2026-04-28T16:00:00.000000Z","2026-04-28T09:00:00.000000Z","IMPC","RG",0,2150.0,100,"BQ","D","XA","D",4517951,5675491,2100076
"2026-04-28T16:00:00.000000Z","2026-04-28T09:00:00.000000Z","IMPC","RG",0,2150.0,1700,"XL","D","XA","D",4520930,5675491,2100077
"2026-04-28T16:00:00.000000Z","2026-04-28T09:00:00.000000Z","IMPC","RG",0,2150.0,500,"XL","D","XA","D",4530489,5675491,2100078
"2026-04-28T16:00:00.000000Z","2026-04-28T09:00:00.000000Z","IMPC","RG",0,2150.0,1000,"XC","D","XA","D",4541390,5675491,2100079
"2026-04-28T16:00:00.000000Z","2026-04-28T09:00:00.000000Z","IMPC","RG",0,2150.0,100,"KK","D","XA","D",4569521,5675491,2100080
"2026-04-28T16:00:00.000000Z","2026-04-28T09:00:00.000000Z","IMPC","RG",0,2150.0,2500,"XL","D","XA","D",4589759,5675491,2100081
"2026-04-28T16:00:00.000000Z","2026-04-28T09:00:00.000000Z","IMPC","RG",0,2150.0,100,"PD","D","XA","D",4657637,5675491,2100082
"2026-04-28T16:00:00.000000Z","2026-04-28T09:00:00.000000Z","IMPC","RG",0,2150.0,100,"XL","D","XA","D",4657955,5675491,2100083
"2026-04-28T16:00:00.000000Z","2026-04-28T09:00:00.000000Z","IMPC","RG",0,2150.0,8000,"XL","D","XA","D",4672420,5675491,2100084
"2026-04-28T16:00:00.000000Z","2026-04-28T09:00:00.000000Z","IMPC","RG",0,2150.0,1000,"XL","D","XA","D",4726866,5675491,2100085
"2026-04-28T16:00:00.000000Z","2026-04-28T09:00:00.000000Z","IMPC","RG",0,2150.0,1000,"CC","D","XA","D",4731279,5675491,2100086
"2026-04-28T16:00:00.000000Z","2026-04-28T09:00:00.000000Z","IMPC","RG",0,2150.0,12000,"CP","D","XA","D",4741705,5675491,2100087
"2026-04-28T16:00:00.000000Z","2026-04-28T09:00:00.000000Z","IMPC","RG",0,2150.0,2700,"XL","D","XA","D",4747984,5675491,2100088
"2026-04-28T16:00:00.000000Z","2026-04-28T09:00:00.000000Z","IMPC","RG",0,2150.0,600,"XL","D","XA","D",4762124,5675491,2100089
"2026-04-28T16:00:00.000000Z","2026-04-28T09:00:00.000000Z","IMPC","RG",0,2150.0,100,"PD","D","XA","D",4763878,5675491,2100090
"2026-04-28T16:00:00.000000Z","2026-04-28T09:00:00.000000Z","IMPC","RG",0,2150.0,6200,"XL","D","XA","D",4766775,5675491,2100091
"2026-04-28T16:00:00.000000Z","2026-04-28T09:00:00.000000Z","IMPC","RG",0,2150.0,1000,"XL","D","YP","D",4766775,5696484,2100092
"2026-04-28T16:00:00.000000Z","2026-04-28T09:00:00.000000Z","IMPC","RG",0,2150.0,4700,"XL","D","CP","D",4766775,5696972,2100093
"2026-04-28T16:00:00.000000Z","2026-04-28T09:00:00.000000Z","IMPC","RG",0,2150.0,3500,"XL","D","CP","D",4775139,5696972,2100094
"2026-04-28T16:00:00.000000Z","2026-04-28T09:00:00.000000Z","IMPC","RG",0,2150.0,2800,"XL","D","CP","D",4779211,5696972,2100095
"2026-04-28T16:00:00.000000Z","2026-04-28T09:00:00.000000Z","IMPC","RG",0,2150.0,400,"XL","D","CP","D",4790694,5696972,2100096
"2026-04-28T16:00:00.000000Z","2026-04-28T09:00:00.000000Z","IMPC","RG",0,2150.0,1000,"MG","D","CP","D",4814948,5696972,2100097
"2026-04-28T16:00:00.000000Z","2026-04-28T09:00:00.000000Z","IMPC","RG",0,2150.0,2600,"XL","D","CP","D",4867969,5696972,2100098
"2026-04-28T16:00:00.000000Z","2026-04-28T09:00:00.000000Z","IMPC","RG",0,2150.0,500,"XL","D","XL","D",4867969,5705984,2100099
"2026-04-28T16:00:00.000000Z","2026-04-28T09:00:00.000000Z","IMPC","RG",0,2150.0,1900,"XL","D","XL","D",4867969,5714146,2100100
"2026-04-28T16:00:00.000000Z","2026-04-28T09:00:00.000000Z","IMPC","RG",0,2150.0,600,"YP","D","XL","D",4885758,5714146,2100101
"2026-04-28T16:04:34.000000Z","2026-04-28T09:04:34.000000Z","IMPC","RG",0,2150.0,500,"--","-","--","-",0,0,2132062
"2026-04-28T16:06:56.000000Z","2026-04-28T09:06:56.000000Z","IMPC","RG",0,2150.0,2900,"--","-","--","-",0,0,2135208
"2026-04-28T16:06:56.000000Z","2026-04-28T09:06:56.000000Z","IMPC","RG",0,2150.0,300,"--","-","--","-",0,0,2135209
"2026-04-28T16:06:56.000000Z","2026-04-28T09:06:56.000000Z","IMPC","RG",0,2150.0,300,"--","-","--","-",0,0,2135210
